
============================================================
ANALISIS: NVDA | C1_SQUEEZE_CALL | ENTRADA: 130.63 | TP: 132.13 | SL: 126.13
Hora  |  Open  |  High  |  Low   |  Close |  Vol
16:00 | 121.38 | 121.47 | 120.94 | 121.43 | 7472095 
16:15 | 121.43 | 121.70 | 120.47 | 120.85 | 7925280 
16:30 | 120.86 | 120.96 | 120.28 | 120.88 | 6478454 
16:45 | 120.89 | 120.98 | 120.48 | 120.88 | 4808480 
17:00 | 120.88 | 121.28 | 120.71 | 121.28 | 4774570 
17:15 | 121.28 | 121.85 | 121.24 | 121.66 | 5655337 
17:30 | 121.66 | 121.88 | 121.52 | 121.65 | 3855766 
17:45 | 121.65 | 121.84 | 121.44 | 121.73 | 3340798 
18:00 | 121.73 | 122.48 | 121.65 | 122.38 | 6388312 
18:15 | 122.39 | 122.72 | 122.32 | 122.37 | 5319178 
18:30 | 122.38 | 122.60 | 122.33 | 122.44 | 2983103 
18:45 | 122.44 | 122.74 | 122.41 | 122.56 | 3805327 
19:00 | 122.57 | 122.93 | 122.33 | 122.67 | 5668517 
19:15 | 122.68 | 122.82 | 122.48 | 122.67 | 3088117 
19:30 | 122.67 | 122.75 | 122.47 | 122.54 | 2742351 
19:45 | 122.55 | 122.88 | 122.54 | 122.82 | 3462358 
20:00 | 122.82 | 122.94 | 122.54 | 122.65 | 3306740 
20:15 | 122.66 | 122.79 | 122.50 | 122.73 | 3078622 
20:30 | 122.73 | 122.85 | 122.57 | 122.77 | 3312341 
20:45 | 122.77 | 122.91 | 122.56 | 122.59 | 3871454 
21:00 | 122.59 | 123.00 | 122.48 | 122.87 | 5725866 
21:15 | 122.87 | 122.93 | 122.47 | 122.59 | 4520257 
21:30 | 122.58 | 122.59 | 122.07 | 122.31 | 6067556 
21:45 | 122.32 | 123.00 | 122.18 | 123.00 | 15150150 
15:30 | 124.98 | 126.57 | 124.47 | 126.52 | 22417763 
15:45 | 126.51 | 127.89 | 126.37 | 127.73 | 14998208 
16:00 | 127.73 | 128.88 | 127.47 | 128.78 | 17693826 [ENTRADA]
16:15 | 128.78 | 129.50 | 128.65 | 129.22 | 15984795 
16:30 | 129.22 | 129.69 | 128.92 | 129.35 | 11843157 
16:45 | 129.35 | 130.83 | 129.31 | 130.63 | 16300868 
17:00 | 130.63 | 130.64 | 129.55 | 129.59 | 12679730 
17:15 | 129.59 | 130.25 | 129.59 | 129.84 | 8731754 
17:30 | 129.84 | 130.35 | 129.45 | 129.84 | 8768769 
17:45 | 129.84 | 130.03 | 129.75 | 129.91 | 5651706 
18:00 | 129.92 | 129.95 | 129.31 | 129.90 | 6395160 
18:15 | 129.90 | 130.48 | 129.70 | 130.46 | 7044981 
18:30 | 130.45 | 130.79 | 130.09 | 130.74 | 6082641 
18:45 | 130.74 | 131.00 | 130.57 | 130.64 | 5759934 
19:00 | 130.63 | 130.87 | 130.45 | 130.77 | 3990851 
19:15 | 130.78 | 130.97 | 130.70 | 130.84 | 3620847 
19:30 | 130.84 | 131.22 | 130.74 | 130.82 | 5875485 
19:45 | 130.83 | 131.07 | 130.22 | 130.24 | 5328337 
20:00 | 130.25 | 130.35 | 129.87 | 130.00 | 6603604 
20:15 | 130.00 | 130.50 | 129.86 | 130.44 | 5007354 
20:30 | 130.45 | 130.47 | 129.85 | 129.92 | 4925070 
20:45 | 129.93 | 130.49 | 129.72 | 130.47 | 5432141 
21:00 | 130.47 | 130.68 | 130.11 | 130.15 | 5403247 
21:15 | 130.15 | 130.33 | 129.90 | 130.22 | 5115406 
21:30 | 130.22 | 130.42 | 130.04 | 130.30 | 5921902 
21:45 | 130.30 | 130.49 | 129.82 | 129.84 | 12480577 
15:30 | 133.21 | 134.86 | 132.75 | 133.64 | 28072544 
15:45 | 133.65 | 133.71 | 131.94 | 132.67 | 16075027 
16:00 | 132.67 | 133.15 | 132.11 | 132.61 | 10924948 
RESULTADO: EXITO
============================================================


============================================================
ANALISIS: NVDA | C1_SQUEEZE_CALL | ENTRADA: 129.91 | TP: 131.41 | SL: 125.41
Hora  |  Open  |  High  |  Low   |  Close |  Vol
17:00 | 120.88 | 121.28 | 120.71 | 121.28 | 4774570 
17:15 | 121.28 | 121.85 | 121.24 | 121.66 | 5655337 
17:30 | 121.66 | 121.88 | 121.52 | 121.65 | 3855766 
17:45 | 121.65 | 121.84 | 121.44 | 121.73 | 3340798 
18:00 | 121.73 | 122.48 | 121.65 | 122.38 | 6388312 
18:15 | 122.39 | 122.72 | 122.32 | 122.37 | 5319178 
18:30 | 122.38 | 122.60 | 122.33 | 122.44 | 2983103 
18:45 | 122.44 | 122.74 | 122.41 | 122.56 | 3805327 
19:00 | 122.57 | 122.93 | 122.33 | 122.67 | 5668517 
19:15 | 122.68 | 122.82 | 122.48 | 122.67 | 3088117 
19:30 | 122.67 | 122.75 | 122.47 | 122.54 | 2742351 
19:45 | 122.55 | 122.88 | 122.54 | 122.82 | 3462358 
20:00 | 122.82 | 122.94 | 122.54 | 122.65 | 3306740 
20:15 | 122.66 | 122.79 | 122.50 | 122.73 | 3078622 
20:30 | 122.73 | 122.85 | 122.57 | 122.77 | 3312341 
20:45 | 122.77 | 122.91 | 122.56 | 122.59 | 3871454 
21:00 | 122.59 | 123.00 | 122.48 | 122.87 | 5725866 
21:15 | 122.87 | 122.93 | 122.47 | 122.59 | 4520257 
21:30 | 122.58 | 122.59 | 122.07 | 122.31 | 6067556 
21:45 | 122.32 | 123.00 | 122.18 | 123.00 | 15150150 
15:30 | 124.98 | 126.57 | 124.47 | 126.52 | 22417763 
15:45 | 126.51 | 127.89 | 126.37 | 127.73 | 14998208 
16:00 | 127.73 | 128.88 | 127.47 | 128.78 | 17693826 
16:15 | 128.78 | 129.50 | 128.65 | 129.22 | 15984795 
16:30 | 129.22 | 129.69 | 128.92 | 129.35 | 11843157 
16:45 | 129.35 | 130.83 | 129.31 | 130.63 | 16300868 
17:00 | 130.63 | 130.64 | 129.55 | 129.59 | 12679730 [ENTRADA]
17:15 | 129.59 | 130.25 | 129.59 | 129.84 | 8731754 
17:30 | 129.84 | 130.35 | 129.45 | 129.84 | 8768769 
17:45 | 129.84 | 130.03 | 129.75 | 129.91 | 5651706 
18:00 | 129.92 | 129.95 | 129.31 | 129.90 | 6395160 
18:15 | 129.90 | 130.48 | 129.70 | 130.46 | 7044981 
18:30 | 130.45 | 130.79 | 130.09 | 130.74 | 6082641 
18:45 | 130.74 | 131.00 | 130.57 | 130.64 | 5759934 
19:00 | 130.63 | 130.87 | 130.45 | 130.77 | 3990851 
19:15 | 130.78 | 130.97 | 130.70 | 130.84 | 3620847 
19:30 | 130.84 | 131.22 | 130.74 | 130.82 | 5875485 
19:45 | 130.83 | 131.07 | 130.22 | 130.24 | 5328337 
20:00 | 130.25 | 130.35 | 129.87 | 130.00 | 6603604 
20:15 | 130.00 | 130.50 | 129.86 | 130.44 | 5007354 
20:30 | 130.45 | 130.47 | 129.85 | 129.92 | 4925070 
20:45 | 129.93 | 130.49 | 129.72 | 130.47 | 5432141 
21:00 | 130.47 | 130.68 | 130.11 | 130.15 | 5403247 
21:15 | 130.15 | 130.33 | 129.90 | 130.22 | 5115406 
21:30 | 130.22 | 130.42 | 130.04 | 130.30 | 5921902 
21:45 | 130.30 | 130.49 | 129.82 | 129.84 | 12480577 
15:30 | 133.21 | 134.86 | 132.75 | 133.64 | 28072544 
15:45 | 133.65 | 133.71 | 131.94 | 132.67 | 16075027 
16:00 | 132.67 | 133.15 | 132.11 | 132.61 | 10924948 
16:15 | 132.60 | 132.74 | 131.68 | 132.66 | 8953140 
16:30 | 132.64 | 132.96 | 132.37 | 132.58 | 6210245 
16:45 | 132.58 | 133.78 | 132.50 | 133.52 | 8157986 
17:00 | 133.52 | 134.16 | 133.00 | 134.10 | 8678649 
RESULTADO: EXITO
============================================================


============================================================
ANALISIS: NVDA | C1_SQUEEZE_CALL | ENTRADA: 136.75 | TP: 138.25 | SL: 132.25
Hora  |  Open  |  High  |  Low   |  Close |  Vol
17:00 | 133.65 | 133.71 | 133.30 | 133.36 | 4401068 
17:15 | 133.35 | 133.82 | 133.32 | 133.78 | 3646310 
17:30 | 133.78 | 133.88 | 133.64 | 133.70 | 3024289 
17:45 | 133.69 | 134.26 | 133.64 | 134.14 | 4147141 
18:00 | 134.13 | 134.16 | 133.78 | 133.90 | 2701367 
18:15 | 133.90 | 134.13 | 133.72 | 134.08 | 3111738 
18:30 | 134.09 | 134.43 | 134.04 | 134.31 | 3084032 
18:45 | 134.31 | 134.39 | 134.15 | 134.16 | 2122967 
19:00 | 134.16 | 134.44 | 134.10 | 134.19 | 2890753 
19:15 | 134.19 | 134.24 | 134.03 | 134.11 | 2441726 
19:30 | 134.10 | 134.22 | 133.89 | 134.16 | 2985089 
19:45 | 134.15 | 134.20 | 133.82 | 134.00 | 2712163 
20:00 | 134.00 | 134.24 | 133.96 | 134.05 | 2576895 
20:15 | 134.06 | 134.16 | 133.37 | 133.45 | 3889006 
20:30 | 133.45 | 133.92 | 133.40 | 133.70 | 3760550 
20:45 | 133.70 | 133.78 | 133.52 | 133.64 | 2673087 
21:00 | 133.63 | 133.77 | 133.03 | 133.69 | 4593623 
21:15 | 133.70 | 133.89 | 133.57 | 133.81 | 3139734 
21:30 | 133.82 | 134.28 | 133.81 | 133.92 | 4877710 
21:45 | 133.93 | 134.46 | 133.80 | 134.38 | 7630815 
15:30 | 133.04 | 134.28 | 133.00 | 134.17 | 11795686 
15:45 | 134.18 | 134.90 | 133.95 | 134.36 | 8691397 
16:00 | 134.35 | 134.66 | 133.74 | 133.85 | 7187469 
16:15 | 133.86 | 134.34 | 133.75 | 134.09 | 5308062 
16:30 | 134.09 | 134.35 | 133.77 | 134.17 | 5044828 
16:45 | 134.18 | 134.86 | 134.09 | 134.84 | 5059937 
17:00 | 134.84 | 135.52 | 134.67 | 135.46 | 7739907 [ENTRADA]
17:15 | 135.46 | 135.98 | 135.32 | 135.88 | 6471159 
17:30 | 135.88 | 136.65 | 135.72 | 136.61 | 7459646 
17:45 | 136.60 | 137.02 | 136.31 | 136.75 | 9137337 
18:00 | 136.75 | 137.40 | 136.70 | 136.94 | 8191352 
18:15 | 136.94 | 137.15 | 136.73 | 137.09 | 5464228 
18:30 | 137.09 | 137.25 | 137.03 | 137.17 | 4017408 
18:45 | 137.18 | 137.40 | 136.88 | 136.93 | 5190740 
19:00 | 136.93 | 137.08 | 136.31 | 136.44 | 6146113 
19:15 | 136.43 | 136.49 | 133.11 | 133.22 | 14195944 
19:30 | 133.23 | 134.22 | 132.81 | 133.38 | 12635714 
19:45 | 133.37 | 133.84 | 132.71 | 133.38 | 8511406 
20:00 | 133.38 | 133.53 | 132.72 | 132.95 | 7520186 
20:15 | 132.94 | 133.17 | 132.28 | 132.84 | 7775731 
20:30 | 132.84 | 133.45 | 132.78 | 133.26 | 5822941 
20:45 | 133.26 | 133.32 | 132.40 | 132.52 | 5385458 
21:00 | 132.53 | 132.75 | 131.34 | 131.74 | 8433774 
21:15 | 131.74 | 131.82 | 130.59 | 131.08 | 9804327 
21:30 | 131.08 | 132.15 | 131.07 | 132.06 | 9082790 
21:45 | 132.05 | 132.57 | 131.73 | 131.73 | 11021492 
15:30 | 132.22 | 133.27 | 131.55 | 131.79 | 14759173 
15:45 | 131.79 | 133.63 | 131.72 | 133.47 | 10208465 
16:00 | 133.49 | 133.95 | 132.77 | 132.87 | 9785060 
16:15 | 132.88 | 133.25 | 132.53 | 133.04 | 7528564 
16:30 | 133.04 | 133.44 | 132.63 | 132.80 | 6255996 
16:45 | 132.79 | 133.25 | 132.53 | 133.14 | 5591516 
17:00 | 133.14 | 133.50 | 133.06 | 133.24 | 5247702 
RESULTADO: FALLO
============================================================


============================================================
ANALISIS: MSFT | C1_SQUEEZE_CALL | ENTRADA: 474.96 | TP: 476.46 | SL: 471.96
Hora  |  Open  |  High  |  Low   |  Close |  Vol
16:00 | 470.11 | 470.93 | 469.64 | 469.95 | 401189 
16:15 | 469.93 | 470.45 | 469.31 | 469.87 | 281127 
16:30 | 469.85 | 470.03 | 468.97 | 469.61 | 308262 
16:45 | 469.67 | 469.72 | 468.96 | 469.03 | 183611 
17:00 | 469.05 | 469.30 | 468.58 | 468.99 | 252498 
17:15 | 469.00 | 469.33 | 468.28 | 469.05 | 263804 
17:30 | 469.04 | 469.10 | 466.96 | 468.56 | 465765 
17:45 | 468.55 | 468.74 | 468.33 | 468.54 | 134316 
18:00 | 468.54 | 469.47 | 468.49 | 469.26 | 172314 
18:15 | 469.31 | 469.66 | 469.21 | 469.51 | 100626 
18:30 | 469.52 | 469.65 | 469.26 | 469.34 | 102807 
18:45 | 469.34 | 469.90 | 469.34 | 469.78 | 143606 
19:00 | 469.78 | 470.18 | 469.39 | 470.02 | 168643 
19:15 | 470.03 | 470.09 | 469.39 | 469.50 | 99140 
19:30 | 469.49 | 469.50 | 469.11 | 469.20 | 104914 
19:45 | 469.20 | 469.35 | 468.74 | 468.77 | 91612 
20:00 | 468.77 | 468.77 | 467.91 | 468.42 | 159737 
20:15 | 468.44 | 468.50 | 468.08 | 468.23 | 177169 
20:30 | 468.23 | 468.89 | 468.20 | 468.72 | 168012 
20:45 | 468.70 | 470.41 | 468.69 | 469.87 | 261792 
21:00 | 469.91 | 470.65 | 469.84 | 470.29 | 251557 
21:15 | 470.29 | 470.50 | 469.75 | 470.24 | 248663 
21:30 | 470.27 | 470.95 | 469.71 | 470.07 | 476237 
21:45 | 470.15 | 471.03 | 469.84 | 470.93 | 693951 
15:30 | 470.48 | 472.75 | 469.65 | 472.43 | 857174 
15:45 | 472.44 | 473.50 | 471.63 | 473.08 | 514503 
16:00 | 473.06 | 474.03 | 472.55 | 473.86 | 347825 [ENTRADA]
16:15 | 473.84 | 474.92 | 473.69 | 474.67 | 434736 
16:30 | 474.69 | 475.47 | 474.37 | 475.44 | 472292 
16:45 | 475.38 | 475.44 | 474.39 | 474.96 | 343491 
17:00 | 474.98 | 475.35 | 474.08 | 474.74 | 217365 
17:15 | 474.78 | 475.35 | 474.66 | 474.74 | 170636 
17:30 | 474.70 | 474.97 | 474.32 | 474.38 | 181346 
17:45 | 474.41 | 474.95 | 473.67 | 473.89 | 319254 
18:00 | 473.91 | 474.00 | 473.36 | 473.80 | 176305 
18:15 | 473.78 | 474.20 | 473.24 | 474.05 | 191011 
18:30 | 474.09 | 474.46 | 474.02 | 474.24 | 131593 
18:45 | 474.24 | 474.72 | 474.18 | 474.54 | 103288 
19:00 | 474.53 | 475.20 | 474.36 | 474.59 | 227400 
19:15 | 474.59 | 474.83 | 474.45 | 474.57 | 194950 
19:30 | 474.60 | 474.78 | 473.22 | 473.60 | 200387 
19:45 | 473.62 | 473.67 | 472.90 | 473.16 | 175991 
20:00 | 473.11 | 473.29 | 471.57 | 471.73 | 281370 
20:15 | 471.63 | 472.25 | 470.95 | 471.85 | 180000 
20:30 | 471.82 | 472.97 | 471.31 | 472.86 | 182337 
20:45 | 472.88 | 472.94 | 471.93 | 472.04 | 137314 
21:00 | 472.05 | 472.37 | 471.57 | 472.13 | 153362 
21:15 | 472.12 | 472.80 | 471.60 | 472.18 | 212001 
21:30 | 472.17 | 472.45 | 471.69 | 472.32 | 131268 
21:45 | 472.32 | 473.00 | 472.06 | 472.90 | 758421 
15:30 | 475.02 | 475.96 | 473.52 | 475.58 | 1161278 
15:45 | 475.52 | 476.09 | 474.45 | 475.10 | 329442 
16:00 | 475.04 | 477.02 | 474.77 | 476.47 | 592769 
RESULTADO: FALLO
============================================================


============================================================
ANALISIS: NVDA | C1_SQUEEZE_CALL | ENTRADA: 141.94 | TP: 143.44 | SL: 137.44
Hora  |  Open  |  High  |  Low   |  Close |  Vol
16:00 | 136.32 | 136.55 | 135.86 | 136.30 | 8565052 
16:15 | 136.30 | 136.76 | 135.95 | 136.66 | 6509488 
16:30 | 136.66 | 137.18 | 136.40 | 136.56 | 6617307 
16:45 | 136.56 | 136.60 | 136.00 | 136.40 | 4891670 
17:00 | 136.41 | 136.75 | 136.18 | 136.52 | 5080386 
17:15 | 136.53 | 136.58 | 136.23 | 136.46 | 3191143 
17:30 | 136.46 | 137.19 | 136.36 | 137.07 | 4249467 
17:45 | 137.07 | 137.43 | 137.01 | 137.29 | 4510844 
18:00 | 137.28 | 137.43 | 137.14 | 137.24 | 3554031 
18:15 | 137.24 | 137.64 | 137.20 | 137.41 | 3969176 
18:30 | 137.40 | 137.53 | 137.06 | 137.14 | 3060671 
18:45 | 137.14 | 137.58 | 137.11 | 137.40 | 2766236 
19:00 | 137.41 | 137.72 | 137.33 | 137.52 | 3707448 
19:15 | 137.53 | 137.74 | 137.46 | 137.57 | 2678315 
19:30 | 137.56 | 137.82 | 137.50 | 137.63 | 3230395 
19:45 | 137.62 | 137.65 | 137.33 | 137.58 | 2794228 
20:00 | 137.58 | 137.64 | 137.12 | 137.44 | 3009599 
20:15 | 137.44 | 138.12 | 137.43 | 138.03 | 5133942 
20:30 | 138.04 | 138.05 | 137.76 | 137.87 | 3123980 
20:45 | 137.87 | 138.02 | 137.74 | 137.94 | 2489021 
21:00 | 137.94 | 137.97 | 137.63 | 137.71 | 2920368 
21:15 | 137.71 | 137.77 | 137.51 | 137.63 | 3609542 
21:30 | 137.63 | 137.64 | 137.32 | 137.37 | 3460331 
21:45 | 137.36 | 137.70 | 136.96 | 137.37 | 8486902 
15:30 | 138.81 | 139.05 | 137.95 | 138.97 | 14684931 
15:45 | 138.97 | 140.45 | 138.85 | 140.33 | 14076528 
16:00 | 140.33 | 141.30 | 140.33 | 141.25 | 16204320 [ENTRADA]
16:15 | 141.25 | 141.50 | 141.06 | 141.30 | 11510601 
16:30 | 141.29 | 141.56 | 140.88 | 141.24 | 8911856 
16:45 | 141.24 | 141.97 | 141.13 | 141.94 | 7276896 
17:00 | 141.94 | 142.00 | 141.55 | 141.60 | 6759153 
17:15 | 141.61 | 141.88 | 141.42 | 141.82 | 4606728 
17:30 | 141.81 | 141.94 | 141.49 | 141.74 | 4236473 
17:45 | 141.74 | 141.83 | 141.08 | 141.47 | 5623784 
18:00 | 141.46 | 141.73 | 141.32 | 141.61 | 3819691 
18:15 | 141.61 | 141.70 | 141.36 | 141.56 | 3044601 
18:30 | 141.57 | 141.86 | 141.55 | 141.62 | 3431947 
18:45 | 141.61 | 141.80 | 141.56 | 141.74 | 2188478 
19:00 | 141.74 | 141.77 | 141.55 | 141.56 | 2465245 
19:15 | 141.56 | 141.74 | 141.56 | 141.62 | 2692043 
19:30 | 141.62 | 141.62 | 141.15 | 141.28 | 3335858 
19:45 | 141.28 | 141.50 | 141.08 | 141.11 | 3410159 
20:00 | 141.11 | 141.15 | 140.26 | 140.39 | 6640631 
20:15 | 140.40 | 141.17 | 140.30 | 141.16 | 4938849 
20:30 | 141.16 | 141.23 | 140.91 | 141.22 | 4198758 
20:45 | 141.22 | 141.44 | 141.04 | 141.43 | 2820238 
21:00 | 141.43 | 141.53 | 141.19 | 141.26 | 3396757 
21:15 | 141.27 | 141.49 | 141.24 | 141.45 | 3146406 
21:30 | 141.45 | 141.45 | 141.11 | 141.14 | 4175708 
21:45 | 141.15 | 141.48 | 141.04 | 141.27 | 10759407 
15:30 | 142.19 | 142.39 | 141.25 | 141.49 | 15694864 
15:45 | 141.48 | 141.88 | 140.78 | 141.16 | 8443426 
16:00 | 141.10 | 141.16 | 139.54 | 140.72 | 12029675 
RESULTADO: EN CURSO
============================================================


============================================================
ANALISIS: MSFT | C1_SQUEEZE_CALL | ENTRADA: 486.79 | TP: 488.29 | SL: 483.79
Hora  |  Open  |  High  |  Low   |  Close |  Vol
19:00 | 480.21 | 480.77 | 479.80 | 480.76 | 121640 
19:15 | 480.71 | 481.42 | 478.80 | 478.84 | 169291 
19:30 | 478.81 | 478.98 | 478.29 | 478.61 | 219534 
19:45 | 478.56 | 478.78 | 478.12 | 478.54 | 151520 
20:00 | 478.53 | 479.19 | 478.31 | 478.38 | 184262 
20:15 | 478.34 | 478.91 | 478.24 | 478.74 | 157913 
20:30 | 478.80 | 478.94 | 478.34 | 478.46 | 109065 
20:45 | 478.41 | 478.60 | 477.36 | 477.56 | 170458 
21:00 | 477.51 | 478.03 | 477.30 | 477.76 | 181990 
21:15 | 477.77 | 478.08 | 477.14 | 477.34 | 150124 
21:30 | 477.38 | 477.67 | 476.96 | 477.30 | 348785 
21:45 | 477.27 | 478.80 | 476.87 | 477.23 | 1334968 
15:30 | 478.21 | 478.21 | 472.51 | 474.60 | 1226848 
15:45 | 474.59 | 475.68 | 473.82 | 475.39 | 499845 
16:00 | 475.42 | 476.56 | 475.41 | 476.10 | 550367 
16:15 | 476.08 | 476.81 | 475.44 | 475.65 | 286374 
16:30 | 475.65 | 476.78 | 475.27 | 476.76 | 335333 
16:45 | 476.73 | 477.13 | 476.56 | 476.91 | 539024 
17:00 | 476.92 | 479.30 | 476.86 | 479.08 | 434668 
17:15 | 479.02 | 479.55 | 478.61 | 478.84 | 419216 
17:30 | 478.88 | 479.90 | 478.74 | 479.58 | 293618 
17:45 | 479.50 | 481.30 | 479.16 | 480.09 | 508817 
18:00 | 480.06 | 481.51 | 479.82 | 481.08 | 271475 
18:15 | 481.05 | 481.64 | 480.41 | 480.63 | 467965 
18:30 | 480.60 | 481.42 | 478.70 | 481.09 | 393237 
18:45 | 481.09 | 481.86 | 480.64 | 481.02 | 273037 
19:00 | 481.04 | 483.64 | 480.56 | 483.38 | 558738 [ENTRADA]
19:15 | 483.40 | 486.33 | 483.35 | 485.94 | 812501 
19:30 | 486.04 | 487.50 | 485.79 | 487.17 | 503838 
19:45 | 487.17 | 487.59 | 486.45 | 486.79 | 380415 
20:00 | 486.87 | 487.75 | 486.60 | 487.01 | 462585 
20:15 | 486.98 | 487.41 | 486.67 | 486.77 | 282274 
20:30 | 486.81 | 487.50 | 486.57 | 486.69 | 291591 
20:45 | 486.65 | 486.88 | 485.79 | 486.10 | 246010 
21:00 | 486.04 | 486.60 | 485.16 | 485.86 | 262768 
21:15 | 485.90 | 486.51 | 485.37 | 486.47 | 277785 
21:30 | 486.50 | 486.50 | 485.68 | 485.84 | 289670 
21:45 | 485.84 | 487.10 | 485.00 | 485.92 | 1039672 
15:30 | 488.95 | 489.66 | 487.78 | 488.41 | 836586 
15:45 | 488.46 | 488.64 | 486.79 | 487.53 | 563717 
16:00 | 487.63 | 488.19 | 487.10 | 487.66 | 377167 
16:15 | 487.61 | 488.17 | 487.50 | 487.55 | 230813 
16:30 | 487.57 | 488.35 | 487.46 | 488.14 | 303493 
16:45 | 488.13 | 489.53 | 488.09 | 489.00 | 572424 
17:00 | 489.02 | 490.41 | 488.99 | 490.33 | 533899 
17:15 | 490.33 | 490.58 | 489.71 | 490.57 | 274873 
17:30 | 490.55 | 491.27 | 489.77 | 490.67 | 537279 
17:45 | 490.61 | 491.49 | 490.45 | 491.21 | 392603 
18:00 | 491.18 | 491.19 | 490.18 | 490.65 | 216772 
18:15 | 490.72 | 491.16 | 490.41 | 490.71 | 221030 
18:30 | 490.70 | 491.36 | 490.45 | 491.28 | 280235 
18:45 | 491.29 | 491.41 | 490.07 | 490.28 | 253143 
19:00 | 490.28 | 490.58 | 489.94 | 490.39 | 221387 
RESULTADO: FALLO
============================================================


============================================================
ANALISIS: NVDA | C1_SQUEEZE_CALL | ENTRADA: 152.82 | TP: 154.32 | SL: 148.32
Hora  |  Open  |  High  |  Low   |  Close |  Vol
16:00 | 147.13 | 147.23 | 146.05 | 146.38 | 8529977 
16:15 | 146.38 | 147.11 | 146.37 | 147.02 | 6327438 
16:30 | 147.02 | 147.35 | 146.80 | 147.19 | 4792081 
16:45 | 147.19 | 147.43 | 146.90 | 147.06 | 4296126 
17:00 | 147.06 | 147.28 | 146.91 | 147.05 | 4097446 
17:15 | 147.05 | 147.09 | 146.82 | 146.90 | 2791924 
17:30 | 146.91 | 146.96 | 146.63 | 146.92 | 2982121 
17:45 | 146.93 | 146.96 | 146.55 | 146.67 | 2435126 
18:00 | 146.67 | 146.81 | 146.65 | 146.77 | 1832347 
18:15 | 146.77 | 147.20 | 146.74 | 147.17 | 2861141 
18:30 | 147.17 | 147.43 | 147.06 | 147.35 | 3105433 
18:45 | 147.36 | 147.39 | 147.00 | 147.10 | 2713196 
19:00 | 147.11 | 147.43 | 147.09 | 147.31 | 2365084 
19:15 | 147.31 | 147.45 | 147.02 | 147.19 | 2840365 
19:30 | 147.19 | 147.50 | 147.18 | 147.41 | 2864476 
19:45 | 147.40 | 147.59 | 147.38 | 147.46 | 2727143 
20:00 | 147.46 | 147.60 | 147.30 | 147.34 | 2615081 
20:15 | 147.35 | 147.50 | 147.30 | 147.35 | 1874582 
20:30 | 147.36 | 147.40 | 147.17 | 147.33 | 2435574 
20:45 | 147.33 | 147.48 | 147.21 | 147.39 | 2109447 
21:00 | 147.40 | 147.50 | 147.31 | 147.49 | 2186195 
21:15 | 147.50 | 147.54 | 147.22 | 147.23 | 2647837 
21:30 | 147.22 | 147.43 | 147.18 | 147.33 | 3262149 
21:45 | 147.33 | 147.96 | 147.21 | 147.83 | 12464350 
15:30 | 149.29 | 151.43 | 149.26 | 151.25 | 27504238 
15:45 | 151.26 | 151.88 | 150.71 | 151.37 | 12346533 
16:00 | 151.37 | 151.97 | 150.90 | 151.52 | 9621654 [ENTRADA]
16:15 | 151.52 | 152.54 | 151.45 | 152.21 | 10919067 
16:30 | 152.21 | 152.96 | 152.18 | 152.96 | 9122647 
16:45 | 152.96 | 153.00 | 152.30 | 152.82 | 7309420 
17:00 | 152.82 | 152.85 | 151.53 | 151.55 | 7272399 
17:15 | 151.55 | 152.32 | 151.55 | 152.05 | 5443454 
17:30 | 152.04 | 152.08 | 151.49 | 151.78 | 4511119 
17:45 | 151.78 | 152.15 | 151.47 | 151.53 | 3790822 
18:00 | 151.52 | 151.83 | 151.39 | 151.82 | 3426472 
18:15 | 151.83 | 152.20 | 151.73 | 152.14 | 3708493 
18:30 | 152.14 | 152.44 | 151.97 | 152.38 | 3192298 
18:45 | 152.36 | 152.88 | 152.19 | 152.86 | 4659867 
19:00 | 152.86 | 152.98 | 152.69 | 152.96 | 5129079 
19:15 | 152.96 | 153.93 | 152.95 | 153.90 | 10626155 
19:30 | 153.90 | 153.95 | 153.18 | 153.48 | 6954710 
19:45 | 153.49 | 153.75 | 153.32 | 153.59 | 4280758 
20:00 | 153.60 | 153.88 | 153.49 | 153.76 | 4525603 
20:15 | 153.76 | 154.00 | 153.63 | 153.94 | 4942554 
20:30 | 153.94 | 153.96 | 153.36 | 153.47 | 4309286 
20:45 | 153.48 | 153.90 | 153.39 | 153.71 | 4192435 
21:00 | 153.72 | 154.45 | 153.67 | 154.34 | 7476020 
21:15 | 154.34 | 154.42 | 153.64 | 153.75 | 6295483 
21:30 | 153.75 | 153.92 | 153.33 | 153.89 | 7058568 
21:45 | 153.89 | 154.41 | 153.57 | 154.31 | 13112733 
15:30 | 155.97 | 156.01 | 154.15 | 154.95 | 20020629 
15:45 | 154.96 | 155.83 | 154.00 | 155.77 | 11428624 
16:00 | 155.77 | 156.24 | 155.22 | 155.85 | 10771815 
RESULTADO: EXITO
============================================================


============================================================
ANALISIS: MSFT | C1_SQUEEZE_CALL | ENTRADA: 507.08 | TP: 508.58 | SL: 504.08
Hora  |  Open  |  High  |  Low   |  Close |  Vol
17:00 | 502.86 | 503.55 | 502.74 | 503.41 | 262671 
17:15 | 503.42 | 503.97 | 502.74 | 503.01 | 159911 
17:30 | 503.03 | 503.04 | 502.50 | 502.57 | 134507 
17:45 | 502.61 | 503.06 | 502.35 | 502.93 | 117242 
18:00 | 502.95 | 503.40 | 502.68 | 503.20 | 133979 
18:15 | 503.19 | 503.35 | 502.33 | 502.45 | 117544 
18:30 | 502.46 | 503.00 | 502.31 | 502.63 | 66636 
18:45 | 502.63 | 502.69 | 502.30 | 502.33 | 91183 
19:00 | 502.34 | 502.73 | 502.16 | 502.71 | 137395 
19:15 | 502.69 | 503.08 | 502.52 | 502.72 | 94525 
19:30 | 502.73 | 503.07 | 502.37 | 502.79 | 115646 
19:45 | 502.77 | 502.79 | 502.31 | 502.71 | 157196 
20:00 | 502.66 | 502.72 | 502.16 | 502.46 | 111789 
20:15 | 502.47 | 502.95 | 502.24 | 502.90 | 99434 
20:30 | 502.91 | 503.26 | 502.81 | 503.15 | 113289 
20:45 | 503.14 | 503.33 | 502.83 | 503.07 | 134362 
21:00 | 503.06 | 503.18 | 502.71 | 502.91 | 153498 
21:15 | 502.90 | 503.50 | 502.58 | 502.97 | 147799 
21:30 | 502.92 | 503.12 | 502.80 | 503.11 | 129496 
21:45 | 503.09 | 503.46 | 502.92 | 502.94 | 490771 
15:30 | 503.02 | 505.65 | 502.78 | 505.55 | 794654 
15:45 | 505.49 | 505.57 | 504.32 | 505.28 | 375636 
16:00 | 505.30 | 505.40 | 504.52 | 505.06 | 265475 
16:15 | 505.06 | 506.29 | 504.92 | 505.65 | 290701 
16:30 | 505.68 | 505.68 | 504.50 | 504.85 | 192504 
16:45 | 504.83 | 505.07 | 504.37 | 504.83 | 212305 
17:00 | 504.83 | 505.64 | 504.67 | 505.49 | 167502 [ENTRADA]
17:15 | 505.53 | 507.28 | 505.53 | 507.28 | 419797 
17:30 | 507.25 | 507.39 | 506.50 | 506.73 | 190399 
17:45 | 506.74 | 507.10 | 506.53 | 507.08 | 140521 
18:00 | 507.09 | 507.21 | 506.22 | 506.33 | 158656 
18:15 | 506.32 | 507.38 | 506.26 | 507.31 | 110312 
18:30 | 507.34 | 507.74 | 506.60 | 506.75 | 161294 
18:45 | 506.76 | 507.41 | 506.29 | 506.45 | 177071 
19:00 | 506.43 | 507.01 | 506.41 | 506.60 | 97874 
19:15 | 506.61 | 506.94 | 506.41 | 506.87 | 75821 
19:30 | 506.86 | 507.45 | 506.81 | 507.29 | 137276 
19:45 | 507.30 | 508.20 | 507.19 | 508.14 | 173242 
20:00 | 508.15 | 508.18 | 507.69 | 508.03 | 128062 
20:15 | 508.05 | 508.16 | 507.78 | 507.95 | 137174 
20:30 | 507.95 | 508.30 | 507.67 | 508.09 | 184753 
20:45 | 508.09 | 508.11 | 506.88 | 506.96 | 125073 
21:00 | 506.91 | 507.10 | 506.72 | 506.99 | 141629 
21:15 | 506.95 | 507.02 | 506.25 | 506.58 | 179695 
21:30 | 506.60 | 507.04 | 506.42 | 506.95 | 143773 
21:45 | 506.96 | 507.01 | 505.63 | 505.64 | 838868 
15:30 | 505.20 | 505.39 | 503.03 | 503.62 | 726011 
15:45 | 503.65 | 504.50 | 502.32 | 502.83 | 343266 
16:00 | 502.89 | 503.75 | 502.48 | 503.48 | 271190 
16:15 | 503.53 | 503.83 | 502.86 | 503.73 | 297654 
16:30 | 503.80 | 504.73 | 503.64 | 504.43 | 327683 
16:45 | 504.47 | 505.02 | 503.50 | 504.29 | 233603 
17:00 | 504.33 | 505.13 | 504.26 | 504.99 | 167640 
RESULTADO: FALLO
============================================================


============================================================
ANALISIS: AMD | C1_SQUEEZE_CALL | ENTRADA: 126.62 | TP: 128.12 | SL: 123.62
Hora  |  Open  |  High  |  Low   |  Close |  Vol
16:00 | 116.03 | 116.58 | 115.86 | 116.13 | 1374743 
16:15 | 116.12 | 116.21 | 115.36 | 115.40 | 1128534 
16:30 | 115.41 | 116.29 | 115.14 | 116.23 | 1474608 
16:45 | 116.22 | 117.08 | 116.15 | 116.92 | 1439316 
17:00 | 116.94 | 117.49 | 116.85 | 117.20 | 1237226 
17:15 | 117.21 | 117.53 | 117.03 | 117.47 | 704785 
17:30 | 117.46 | 117.60 | 117.27 | 117.52 | 622983 
17:45 | 117.53 | 117.89 | 117.51 | 117.80 | 824674 
18:00 | 117.79 | 117.84 | 117.43 | 117.69 | 437151 
18:15 | 117.69 | 117.84 | 117.32 | 117.38 | 440585 
18:30 | 117.38 | 117.56 | 117.20 | 117.21 | 377139 
18:45 | 117.20 | 117.45 | 117.09 | 117.39 | 830879 
19:00 | 117.38 | 117.46 | 116.88 | 116.95 | 472401 
19:15 | 116.92 | 117.10 | 116.41 | 116.42 | 636999 
19:30 | 116.41 | 116.72 | 116.36 | 116.54 | 599593 
19:45 | 116.54 | 116.80 | 116.38 | 116.72 | 468779 
20:00 | 116.73 | 116.77 | 116.06 | 116.06 | 574562 
20:15 | 116.06 | 116.10 | 115.47 | 115.51 | 858411 
20:30 | 115.50 | 115.62 | 115.06 | 115.34 | 1316188 
20:45 | 115.34 | 115.89 | 115.32 | 115.83 | 888501 
21:00 | 115.82 | 116.26 | 115.70 | 116.19 | 956702 
21:15 | 116.20 | 116.35 | 115.68 | 115.80 | 940266 
21:30 | 115.79 | 116.28 | 115.78 | 115.84 | 1249805 
21:45 | 115.84 | 116.38 | 115.76 | 116.18 | 2740544 
15:30 | 118.66 | 121.61 | 117.78 | 121.44 | 5559752 
15:45 | 121.45 | 122.73 | 121.05 | 122.58 | 3949058 
16:00 | 122.57 | 124.26 | 122.57 | 124.18 | 4489369 [ENTRADA]
16:15 | 124.19 | 125.81 | 123.72 | 125.69 | 5269513 
16:30 | 125.70 | 126.34 | 125.22 | 126.22 | 5239661 
16:45 | 126.22 | 127.45 | 126.00 | 126.62 | 6768894 
17:00 | 126.62 | 127.95 | 126.56 | 127.23 | 4907410 
17:15 | 127.23 | 127.28 | 126.05 | 126.32 | 4020812 
17:30 | 126.32 | 127.73 | 126.11 | 127.34 | 4042715 
17:45 | 127.34 | 127.62 | 126.88 | 126.91 | 2503854 
18:00 | 126.92 | 127.32 | 126.45 | 126.82 | 2282342 
18:15 | 126.83 | 127.43 | 126.81 | 127.20 | 1580708 
18:30 | 127.22 | 127.47 | 126.91 | 127.34 | 1391677 
18:45 | 127.34 | 127.82 | 126.88 | 126.95 | 2464591 
19:00 | 126.96 | 127.49 | 126.63 | 127.33 | 2323821 
19:15 | 127.34 | 128.00 | 127.26 | 127.99 | 2172565 
19:30 | 127.99 | 128.00 | 127.42 | 127.60 | 1909141 
19:45 | 127.60 | 128.14 | 127.38 | 127.41 | 1793844 
20:00 | 127.42 | 127.59 | 127.04 | 127.11 | 1487827 
20:15 | 127.12 | 127.21 | 126.75 | 126.93 | 1759528 
20:30 | 126.91 | 127.07 | 126.62 | 126.78 | 1505310 
20:45 | 126.77 | 126.90 | 126.33 | 126.53 | 1823923 
21:00 | 126.51 | 127.07 | 126.31 | 126.85 | 1705790 
21:15 | 126.84 | 127.24 | 126.61 | 126.65 | 1885170 
21:30 | 126.65 | 126.73 | 126.32 | 126.62 | 1716656 
21:45 | 126.62 | 126.85 | 126.17 | 126.40 | 3798171 
15:30 | 127.98 | 129.80 | 126.69 | 128.11 | 10380368 
15:45 | 128.13 | 129.54 | 127.89 | 129.05 | 5029562 
16:00 | 129.06 | 129.90 | 128.49 | 129.65 | 4586656 
RESULTADO: EXITO
============================================================


============================================================
ANALISIS: TSLA | C1_SQUEEZE_CALL | ENTRADA: 354.04 | TP: 355.54 | SL: 349.54
Hora  |  Open  |  High  |  Low   |  Close |  Vol
16:00 | 324.43 | 324.97 | 320.41 | 321.70 | 4571330 
16:15 | 321.70 | 322.78 | 318.42 | 320.19 | 4340769 
16:30 | 320.14 | 321.00 | 317.78 | 318.41 | 3657550 
16:45 | 318.51 | 320.09 | 318.05 | 319.44 | 2699302 
17:00 | 319.43 | 320.57 | 317.85 | 320.45 | 2636529 
17:15 | 320.42 | 320.68 | 318.86 | 319.74 | 2368578 
17:30 | 319.71 | 322.50 | 319.59 | 322.32 | 2536003 
17:45 | 322.28 | 322.31 | 320.31 | 320.94 | 1945490 
18:00 | 320.98 | 322.30 | 320.86 | 321.88 | 1593642 
18:15 | 321.86 | 323.85 | 321.55 | 323.35 | 2401394 
18:30 | 323.34 | 324.68 | 323.29 | 324.40 | 2085522 
18:45 | 324.40 | 325.92 | 324.14 | 324.95 | 2491011 
19:00 | 324.93 | 324.98 | 322.35 | 323.96 | 2511655 
19:15 | 323.96 | 324.50 | 321.44 | 321.48 | 1986924 
19:30 | 321.50 | 321.50 | 319.70 | 320.66 | 2570352 
19:45 | 320.64 | 322.53 | 320.43 | 322.41 | 1622287 
20:00 | 322.42 | 323.79 | 322.20 | 322.89 | 1841827 
20:15 | 322.92 | 324.26 | 322.90 | 323.36 | 1803224 
20:30 | 323.36 | 324.63 | 323.33 | 323.78 | 1781962 
20:45 | 323.75 | 324.65 | 321.85 | 322.20 | 1906242 
21:00 | 322.23 | 322.85 | 321.67 | 322.21 | 1834470 
21:15 | 322.16 | 322.20 | 320.72 | 321.29 | 2045663 
21:30 | 321.28 | 322.43 | 321.28 | 321.55 | 1693930 
21:45 | 321.54 | 322.80 | 319.63 | 322.17 | 4096759 
15:30 | 327.60 | 336.88 | 327.48 | 334.31 | 12310089 
15:45 | 334.31 | 343.27 | 333.71 | 343.06 | 9941182 
16:00 | 343.09 | 346.51 | 342.67 | 343.96 | 9145065 [ENTRADA]
16:15 | 343.95 | 353.20 | 343.35 | 353.02 | 10014339 
16:30 | 353.03 | 354.99 | 350.03 | 354.70 | 8669890 
16:45 | 354.69 | 356.85 | 351.73 | 354.04 | 8088451 
17:00 | 354.06 | 355.95 | 352.76 | 355.63 | 4892471 
17:15 | 355.62 | 357.54 | 352.76 | 353.34 | 5251144 
17:30 | 353.29 | 355.45 | 352.65 | 353.29 | 3626543 
17:45 | 353.24 | 354.95 | 352.40 | 354.58 | 3249381 
18:00 | 354.63 | 356.25 | 353.18 | 354.06 | 3516309 
18:15 | 354.10 | 354.30 | 348.15 | 349.50 | 5776126 
18:30 | 349.43 | 350.50 | 344.40 | 350.29 | 7057126 
18:45 | 350.31 | 351.50 | 347.20 | 347.84 | 4280174 
19:00 | 347.89 | 350.93 | 346.76 | 349.75 | 3886324 
19:15 | 349.76 | 351.46 | 348.92 | 351.12 | 2793885 
19:30 | 351.17 | 354.88 | 351.14 | 353.17 | 4403052 
19:45 | 353.15 | 353.87 | 351.62 | 352.45 | 2328869 
20:00 | 352.51 | 353.00 | 351.55 | 352.26 | 1888999 
20:15 | 352.25 | 352.85 | 350.31 | 350.47 | 2216501 
20:30 | 350.52 | 352.18 | 349.86 | 351.97 | 2094369 
20:45 | 351.95 | 352.48 | 351.18 | 351.32 | 2051360 
21:00 | 351.29 | 351.44 | 348.93 | 349.85 | 3031549 
21:15 | 349.86 | 350.20 | 348.32 | 348.75 | 2597750 
21:30 | 348.71 | 348.74 | 346.41 | 347.97 | 3565805 
21:45 | 347.93 | 349.89 | 347.78 | 348.71 | 4960096 
15:30 | 356.17 | 356.26 | 345.02 | 346.65 | 11226541 
15:45 | 346.65 | 350.08 | 346.40 | 347.55 | 6098876 
16:00 | 347.57 | 348.29 | 343.29 | 345.96 | 5154337 
RESULTADO: FALLO
============================================================


============================================================
ANALISIS: MSFT | C1_SQUEEZE_CALL | ENTRADA: 512.95 | TP: 514.45 | SL: 509.95
Hora  |  Open  |  High  |  Low   |  Close |  Vol
17:00 | 504.33 | 505.13 | 504.26 | 504.99 | 167640 
17:15 | 505.00 | 505.15 | 502.64 | 504.45 | 395476 
17:30 | 504.25 | 504.35 | 501.89 | 503.47 | 440388 
17:45 | 503.49 | 505.36 | 503.20 | 504.46 | 266991 
18:00 | 504.41 | 504.75 | 503.55 | 503.80 | 158734 
18:15 | 503.82 | 504.32 | 503.40 | 503.87 | 132178 
18:30 | 503.87 | 504.20 | 503.80 | 503.86 | 104171 
18:45 | 503.86 | 505.06 | 503.25 | 505.02 | 136355 
19:00 | 505.03 | 505.50 | 504.96 | 505.31 | 131830 
19:15 | 505.35 | 505.73 | 505.22 | 505.45 | 121344 
19:30 | 505.43 | 505.84 | 505.35 | 505.57 | 127315 
19:45 | 505.55 | 505.66 | 505.04 | 505.34 | 155003 
20:00 | 505.32 | 505.60 | 504.93 | 505.54 | 135044 
20:15 | 505.56 | 505.83 | 505.46 | 505.77 | 124106 
20:30 | 505.83 | 506.16 | 505.71 | 505.95 | 106952 
20:45 | 506.03 | 506.20 | 505.72 | 506.19 | 83200 
21:00 | 506.16 | 506.34 | 505.83 | 505.84 | 150809 
21:15 | 505.85 | 505.93 | 505.53 | 505.82 | 169209 
21:30 | 505.80 | 506.49 | 505.58 | 506.27 | 200691 
21:45 | 506.22 | 506.72 | 505.51 | 505.53 | 571882 
15:30 | 505.68 | 509.15 | 505.62 | 508.80 | 786668 
15:45 | 508.82 | 510.27 | 508.63 | 509.76 | 512790 
16:00 | 509.80 | 510.95 | 509.30 | 509.66 | 438209 
16:15 | 509.62 | 510.46 | 508.94 | 510.08 | 399807 
16:30 | 510.03 | 511.48 | 509.92 | 511.09 | 311608 
16:45 | 511.08 | 511.47 | 510.60 | 511.22 | 220639 
17:00 | 511.26 | 512.33 | 511.18 | 512.11 | 310763 [ENTRADA]
17:15 | 512.10 | 512.25 | 511.71 | 511.89 | 304142 
17:30 | 511.90 | 512.76 | 511.81 | 512.66 | 293952 
17:45 | 512.65 | 513.00 | 512.47 | 512.95 | 255463 
18:00 | 512.95 | 513.37 | 512.86 | 513.18 | 247957 
18:15 | 513.18 | 513.33 | 512.62 | 512.85 | 155922 
18:30 | 512.85 | 513.22 | 512.73 | 512.83 | 98115 
18:45 | 512.85 | 513.30 | 512.63 | 512.78 | 164223 
19:00 | 512.78 | 512.99 | 512.35 | 512.70 | 237715 
19:15 | 512.70 | 512.90 | 512.36 | 512.82 | 160893 
19:30 | 512.78 | 513.00 | 512.30 | 512.77 | 173172 
19:45 | 512.81 | 512.96 | 512.69 | 512.77 | 117128 
20:00 | 512.78 | 512.92 | 511.88 | 512.08 | 171147 
20:15 | 512.10 | 512.39 | 511.97 | 512.14 | 169577 
20:30 | 512.13 | 512.20 | 511.76 | 511.96 | 123715 
20:45 | 512.00 | 512.00 | 511.54 | 511.59 | 161364 
21:00 | 511.59 | 512.18 | 511.44 | 512.00 | 180966 
21:15 | 511.98 | 512.36 | 511.95 | 512.09 | 200516 
21:30 | 512.07 | 512.33 | 511.82 | 512.07 | 254730 
21:45 | 512.06 | 512.61 | 511.00 | 511.88 | 1397017 
15:30 | 514.28 | 514.64 | 511.26 | 512.33 | 2507556 
15:45 | 512.34 | 512.56 | 510.74 | 511.40 | 241459 
16:00 | 511.49 | 512.29 | 510.79 | 510.97 | 433628 
16:15 | 511.00 | 511.40 | 510.33 | 510.54 | 310693 
16:30 | 510.53 | 511.45 | 510.36 | 511.23 | 590637 
16:45 | 511.23 | 511.39 | 510.30 | 510.51 | 296980 
17:00 | 510.43 | 510.51 | 509.52 | 510.04 | 284517 
RESULTADO: EXITO
============================================================


============================================================
ANALISIS: TSLA | C1_SQUEEZE_CALL | ENTRADA: 335.26 | TP: 336.76 | SL: 330.76
Hora  |  Open  |  High  |  Low   |  Close |  Vol
20:00 | 329.45 | 330.83 | 329.22 | 330.28 | 1630398 
20:15 | 330.29 | 330.40 | 329.37 | 329.70 | 1121272 
20:30 | 329.70 | 330.15 | 329.15 | 329.79 | 1148136 
20:45 | 329.78 | 330.31 | 329.34 | 329.34 | 1089521 
21:00 | 329.38 | 329.47 | 327.80 | 328.81 | 1602055 
21:15 | 328.79 | 329.89 | 328.73 | 329.40 | 1476022 
21:30 | 329.38 | 329.85 | 328.41 | 328.61 | 1362323 
21:45 | 328.63 | 329.40 | 327.95 | 328.53 | 2273005 
15:30 | 329.72 | 330.47 | 326.90 | 329.14 | 3856309 
15:45 | 329.12 | 329.25 | 321.55 | 323.90 | 4411452 
16:00 | 323.93 | 327.70 | 323.16 | 326.63 | 2998975 
16:15 | 326.61 | 328.00 | 326.41 | 327.67 | 2045594 
16:30 | 327.67 | 331.60 | 327.33 | 328.63 | 3806168 
16:45 | 328.63 | 329.53 | 327.96 | 329.52 | 2007021 
17:00 | 329.51 | 329.79 | 327.41 | 328.34 | 1847586 
17:15 | 328.30 | 330.41 | 328.27 | 329.67 | 2191517 
17:30 | 329.65 | 331.75 | 329.43 | 331.08 | 2212244 
17:45 | 331.10 | 332.35 | 330.92 | 331.47 | 2334157 
18:00 | 331.50 | 331.98 | 330.53 | 330.71 | 1553345 
18:15 | 330.71 | 331.60 | 330.11 | 330.14 | 1298356 
18:30 | 330.13 | 330.56 | 329.65 | 330.39 | 1300345 
18:45 | 330.39 | 330.69 | 329.75 | 330.62 | 973948 
19:00 | 330.62 | 331.83 | 330.45 | 331.61 | 1430618 
19:15 | 331.61 | 332.23 | 331.15 | 331.88 | 1478150 
19:30 | 331.88 | 332.58 | 331.42 | 331.58 | 1626156 
19:45 | 331.55 | 332.06 | 331.16 | 331.70 | 1145535 
20:00 | 331.68 | 334.25 | 331.65 | 333.74 | 2383187 [ENTRADA]
20:15 | 333.73 | 333.95 | 329.83 | 333.65 | 3267114 
20:30 | 333.62 | 334.95 | 333.45 | 334.50 | 2212219 
20:45 | 334.49 | 335.26 | 333.58 | 335.26 | 1809300 
21:00 | 335.21 | 335.41 | 334.26 | 334.68 | 2302908 
21:15 | 334.71 | 334.92 | 333.11 | 333.51 | 1972525 
21:30 | 333.53 | 333.69 | 332.61 | 332.81 | 1768856 
21:45 | 332.80 | 333.77 | 332.00 | 332.08 | 2514540 
15:30 | 330.87 | 333.30 | 329.01 | 331.79 | 4541537 
15:45 | 331.71 | 334.23 | 331.14 | 333.01 | 3212506 
16:00 | 333.01 | 334.60 | 332.76 | 333.75 | 3030296 
16:15 | 333.68 | 334.50 | 332.93 | 333.45 | 2131742 
16:30 | 333.44 | 333.48 | 332.20 | 332.63 | 2154877 
16:45 | 332.62 | 333.94 | 332.25 | 333.75 | 1585638 
17:00 | 333.73 | 334.20 | 333.00 | 333.02 | 1779861 
17:15 | 333.07 | 333.55 | 332.08 | 333.11 | 1835084 
17:30 | 333.09 | 334.00 | 332.75 | 333.77 | 1268558 
17:45 | 333.78 | 336.04 | 333.42 | 333.74 | 2551822 
18:00 | 333.70 | 334.95 | 332.84 | 334.08 | 1961727 
18:15 | 334.09 | 334.52 | 333.15 | 333.28 | 1229321 
18:30 | 333.28 | 333.57 | 332.43 | 332.60 | 1217507 
18:45 | 332.61 | 332.91 | 331.91 | 332.09 | 1513576 
19:00 | 332.07 | 332.58 | 328.91 | 329.47 | 2889362 
19:15 | 329.48 | 331.27 | 328.67 | 330.86 | 2427830 
19:30 | 330.86 | 331.39 | 329.49 | 330.31 | 1596370 
19:45 | 330.35 | 331.32 | 329.41 | 330.98 | 1921378 
20:00 | 330.99 | 332.32 | 330.80 | 332.32 | 1582835 
RESULTADO: FALLO
============================================================


============================================================
ANALISIS: AMD | C1_SQUEEZE_CALL | ENTRADA: 163.45 | TP: 164.95 | SL: 160.45
Hora  |  Open  |  High  |  Low   |  Close |  Vol
17:00 | 157.47 | 157.88 | 157.21 | 157.38 | 998593 
17:15 | 157.38 | 157.92 | 157.33 | 157.85 | 739010 
17:30 | 157.86 | 158.31 | 157.59 | 158.11 | 1165183 
17:45 | 158.11 | 158.99 | 157.95 | 158.66 | 1589999 
18:00 | 158.65 | 158.90 | 158.00 | 158.18 | 977557 
18:15 | 158.18 | 158.40 | 157.64 | 157.78 | 1047014 
18:30 | 157.78 | 157.99 | 157.60 | 157.99 | 543996 
18:45 | 158.00 | 158.77 | 157.95 | 158.53 | 920250 
19:00 | 158.53 | 158.79 | 158.11 | 158.17 | 785162 
19:15 | 158.18 | 158.19 | 157.83 | 157.94 | 520353 
19:30 | 157.94 | 158.43 | 157.90 | 158.38 | 471921 
19:45 | 158.39 | 158.44 | 157.76 | 157.91 | 698305 
20:00 | 157.91 | 158.31 | 157.82 | 158.10 | 661143 
20:15 | 158.15 | 158.68 | 157.98 | 158.08 | 606914 
20:30 | 158.08 | 159.45 | 157.95 | 159.12 | 1106837 
20:45 | 159.11 | 159.36 | 158.18 | 158.38 | 1393518 
21:00 | 158.38 | 158.50 | 158.04 | 158.22 | 903410 
21:15 | 158.21 | 158.30 | 157.83 | 158.02 | 755909 
21:30 | 158.03 | 158.15 | 157.77 | 157.86 | 722868 
21:45 | 157.86 | 158.70 | 157.81 | 158.61 | 1902287 
15:30 | 159.08 | 161.59 | 158.36 | 161.24 | 4777330 
15:45 | 161.23 | 162.35 | 160.82 | 161.22 | 3453920 
16:00 | 161.23 | 161.24 | 159.28 | 159.51 | 2574379 
16:15 | 159.51 | 159.99 | 159.25 | 159.71 | 1279044 
16:30 | 159.71 | 160.66 | 159.68 | 160.56 | 1369562 
16:45 | 160.56 | 161.91 | 160.49 | 161.78 | 1815093 
17:00 | 161.79 | 162.67 | 161.77 | 162.62 | 2269404 [ENTRADA]
17:15 | 162.58 | 163.00 | 162.18 | 162.21 | 1602613 
17:30 | 162.23 | 163.79 | 162.07 | 163.32 | 2182192 
17:45 | 163.33 | 163.93 | 163.23 | 163.45 | 1730672 
18:00 | 163.44 | 163.49 | 162.17 | 162.55 | 1538114 
18:15 | 162.55 | 163.06 | 162.43 | 162.69 | 1029663 
18:30 | 162.68 | 162.69 | 162.18 | 162.21 | 737712 
18:45 | 162.21 | 162.74 | 161.52 | 162.57 | 1227991 
19:00 | 162.57 | 162.86 | 162.35 | 162.81 | 810179 
19:15 | 162.80 | 163.13 | 162.13 | 162.20 | 773403 
19:30 | 162.18 | 162.34 | 161.91 | 161.96 | 587486 
19:45 | 161.97 | 162.44 | 161.97 | 162.36 | 530214 
20:00 | 162.36 | 162.84 | 162.31 | 162.37 | 648471 
20:15 | 162.38 | 162.48 | 162.12 | 162.39 | 431808 
20:30 | 162.39 | 162.48 | 161.83 | 162.03 | 597041 
20:45 | 162.04 | 162.45 | 161.77 | 162.26 | 583388 
21:00 | 162.25 | 162.53 | 161.95 | 162.32 | 725525 
21:15 | 162.33 | 162.39 | 161.95 | 162.34 | 722066 
21:30 | 162.36 | 162.36 | 162.09 | 162.24 | 712258 
21:45 | 162.22 | 162.42 | 161.96 | 162.11 | 1413442 
15:30 | 163.48 | 164.35 | 162.36 | 163.28 | 3764313 
15:45 | 163.31 | 165.10 | 163.19 | 164.97 | 3400863 
16:00 | 165.00 | 167.17 | 164.97 | 166.18 | 5534420 
16:15 | 166.16 | 166.96 | 165.52 | 166.53 | 3152198 
16:30 | 166.54 | 166.85 | 165.95 | 166.16 | 2062281 
16:45 | 166.15 | 166.42 | 164.95 | 165.46 | 3238751 
17:00 | 165.47 | 165.70 | 164.91 | 165.02 | 1539078 
RESULTADO: EXITO
============================================================


============================================================
ANALISIS: TSLA | C1_SQUEEZE_CALL | ENTRADA: 316.90 | TP: 318.40 | SL: 312.40
Hora  |  Open  |  High  |  Low   |  Close |  Vol
16:00 | 311.73 | 311.73 | 308.19 | 308.46 | 2888599 
16:15 | 308.48 | 309.45 | 307.15 | 307.97 | 2522208 
16:30 | 307.94 | 308.50 | 306.14 | 306.66 | 2125461 
16:45 | 306.66 | 307.30 | 305.62 | 307.13 | 2262755 
17:00 | 307.12 | 307.82 | 306.20 | 307.79 | 1617265 
17:15 | 307.82 | 308.16 | 306.70 | 306.96 | 1223268 
17:30 | 306.90 | 307.45 | 306.40 | 307.04 | 1105203 
17:45 | 307.01 | 307.75 | 306.55 | 307.24 | 950795 
18:00 | 307.24 | 308.19 | 307.01 | 307.09 | 1025470 
18:15 | 307.09 | 307.58 | 306.75 | 307.08 | 954311 
18:30 | 307.03 | 307.99 | 306.98 | 307.03 | 883448 
18:45 | 307.05 | 307.10 | 306.03 | 306.32 | 1158438 
19:00 | 306.33 | 307.58 | 306.22 | 307.04 | 914937 
19:15 | 307.03 | 308.17 | 306.67 | 308.08 | 913353 
19:30 | 308.10 | 309.94 | 308.00 | 309.43 | 1650179 
19:45 | 309.43 | 310.37 | 309.20 | 309.91 | 1329305 
20:00 | 309.92 | 310.92 | 309.01 | 310.60 | 1514925 
20:15 | 310.58 | 310.67 | 309.07 | 309.23 | 1133624 
20:30 | 309.27 | 310.15 | 308.80 | 309.25 | 1188582 
20:45 | 309.28 | 309.75 | 308.65 | 309.51 | 831035 
21:00 | 309.51 | 310.46 | 309.41 | 310.32 | 1002209 
21:15 | 310.32 | 310.63 | 309.37 | 309.63 | 1001324 
21:30 | 309.66 | 309.75 | 308.88 | 309.10 | 1000779 
21:45 | 309.11 | 310.12 | 308.41 | 308.68 | 1964102 
15:30 | 307.87 | 313.39 | 306.93 | 313.34 | 5019161 
15:45 | 313.34 | 317.35 | 313.30 | 313.50 | 5572257 
16:00 | 313.47 | 316.23 | 313.19 | 314.84 | 3137956 [ENTRADA]
16:15 | 314.86 | 315.98 | 313.95 | 314.86 | 2162938 
16:30 | 314.89 | 317.72 | 314.57 | 317.45 | 3475285 
16:45 | 317.49 | 318.40 | 316.27 | 316.90 | 2611395 
17:00 | 316.90 | 318.97 | 316.53 | 318.94 | 2235290 
17:15 | 318.94 | 319.51 | 317.83 | 318.47 | 2325617 
17:30 | 318.49 | 319.23 | 318.08 | 318.77 | 1686756 
17:45 | 318.79 | 319.56 | 317.70 | 318.77 | 2037065 
18:00 | 318.81 | 318.90 | 317.05 | 317.32 | 1483051 
18:15 | 317.33 | 318.49 | 316.70 | 317.21 | 1675923 
18:30 | 317.21 | 317.88 | 316.78 | 317.07 | 1268673 
18:45 | 317.02 | 318.09 | 316.89 | 317.20 | 1171093 
19:00 | 317.20 | 317.65 | 316.21 | 317.35 | 1378906 
19:15 | 317.35 | 318.71 | 317.33 | 318.53 | 1313602 
19:30 | 318.55 | 319.48 | 317.86 | 319.25 | 1448771 
19:45 | 319.24 | 319.75 | 318.11 | 318.71 | 1404736 
20:00 | 318.73 | 319.31 | 318.53 | 319.16 | 1297158 
20:15 | 319.17 | 319.69 | 318.38 | 319.59 | 1373827 
20:30 | 319.58 | 319.76 | 318.84 | 319.43 | 1355840 
20:45 | 319.43 | 320.00 | 319.17 | 319.59 | 1616324 
21:00 | 319.59 | 319.68 | 318.88 | 319.22 | 1399250 
21:15 | 319.24 | 320.47 | 319.14 | 319.30 | 1955722 
21:30 | 319.27 | 319.32 | 318.56 | 318.99 | 1741232 
21:45 | 318.98 | 320.15 | 318.42 | 319.96 | 2957018 
15:30 | 319.79 | 321.84 | 318.10 | 320.12 | 4325020 
15:45 | 320.15 | 321.52 | 318.25 | 321.43 | 3134135 
16:00 | 321.40 | 322.40 | 319.00 | 319.37 | 3394625 
RESULTADO: EXITO
============================================================


============================================================
ANALISIS: TSLA | C1_SQUEEZE_CALL | ENTRADA: 318.77 | TP: 320.27 | SL: 314.27
Hora  |  Open  |  High  |  Low   |  Close |  Vol
17:00 | 307.12 | 307.82 | 306.20 | 307.79 | 1617265 
17:15 | 307.82 | 308.16 | 306.70 | 306.96 | 1223268 
17:30 | 306.90 | 307.45 | 306.40 | 307.04 | 1105203 
17:45 | 307.01 | 307.75 | 306.55 | 307.24 | 950795 
18:00 | 307.24 | 308.19 | 307.01 | 307.09 | 1025470 
18:15 | 307.09 | 307.58 | 306.75 | 307.08 | 954311 
18:30 | 307.03 | 307.99 | 306.98 | 307.03 | 883448 
18:45 | 307.05 | 307.10 | 306.03 | 306.32 | 1158438 
19:00 | 306.33 | 307.58 | 306.22 | 307.04 | 914937 
19:15 | 307.03 | 308.17 | 306.67 | 308.08 | 913353 
19:30 | 308.10 | 309.94 | 308.00 | 309.43 | 1650179 
19:45 | 309.43 | 310.37 | 309.20 | 309.91 | 1329305 
20:00 | 309.92 | 310.92 | 309.01 | 310.60 | 1514925 
20:15 | 310.58 | 310.67 | 309.07 | 309.23 | 1133624 
20:30 | 309.27 | 310.15 | 308.80 | 309.25 | 1188582 
20:45 | 309.28 | 309.75 | 308.65 | 309.51 | 831035 
21:00 | 309.51 | 310.46 | 309.41 | 310.32 | 1002209 
21:15 | 310.32 | 310.63 | 309.37 | 309.63 | 1001324 
21:30 | 309.66 | 309.75 | 308.88 | 309.10 | 1000779 
21:45 | 309.11 | 310.12 | 308.41 | 308.68 | 1964102 
15:30 | 307.87 | 313.39 | 306.93 | 313.34 | 5019161 
15:45 | 313.34 | 317.35 | 313.30 | 313.50 | 5572257 
16:00 | 313.47 | 316.23 | 313.19 | 314.84 | 3137956 
16:15 | 314.86 | 315.98 | 313.95 | 314.86 | 2162938 
16:30 | 314.89 | 317.72 | 314.57 | 317.45 | 3475285 
16:45 | 317.49 | 318.40 | 316.27 | 316.90 | 2611395 
17:00 | 316.90 | 318.97 | 316.53 | 318.94 | 2235290 [ENTRADA]
17:15 | 318.94 | 319.51 | 317.83 | 318.47 | 2325617 
17:30 | 318.49 | 319.23 | 318.08 | 318.77 | 1686756 
17:45 | 318.79 | 319.56 | 317.70 | 318.77 | 2037065 
18:00 | 318.81 | 318.90 | 317.05 | 317.32 | 1483051 
18:15 | 317.33 | 318.49 | 316.70 | 317.21 | 1675923 
18:30 | 317.21 | 317.88 | 316.78 | 317.07 | 1268673 
18:45 | 317.02 | 318.09 | 316.89 | 317.20 | 1171093 
19:00 | 317.20 | 317.65 | 316.21 | 317.35 | 1378906 
19:15 | 317.35 | 318.71 | 317.33 | 318.53 | 1313602 
19:30 | 318.55 | 319.48 | 317.86 | 319.25 | 1448771 
19:45 | 319.24 | 319.75 | 318.11 | 318.71 | 1404736 
20:00 | 318.73 | 319.31 | 318.53 | 319.16 | 1297158 
20:15 | 319.17 | 319.69 | 318.38 | 319.59 | 1373827 
20:30 | 319.58 | 319.76 | 318.84 | 319.43 | 1355840 
20:45 | 319.43 | 320.00 | 319.17 | 319.59 | 1616324 
21:00 | 319.59 | 319.68 | 318.88 | 319.22 | 1399250 
21:15 | 319.24 | 320.47 | 319.14 | 319.30 | 1955722 
21:30 | 319.27 | 319.32 | 318.56 | 318.99 | 1741232 
21:45 | 318.98 | 320.15 | 318.42 | 319.96 | 2957018 
15:30 | 319.79 | 321.84 | 318.10 | 320.12 | 4325020 
15:45 | 320.15 | 321.52 | 318.25 | 321.43 | 3134135 
16:00 | 321.40 | 322.40 | 319.00 | 319.37 | 3394625 
16:15 | 319.34 | 320.61 | 318.52 | 319.30 | 2281974 
16:30 | 319.28 | 320.29 | 318.34 | 319.86 | 2119768 
16:45 | 319.82 | 320.10 | 317.62 | 318.12 | 2653878 
17:00 | 318.19 | 319.36 | 318.00 | 318.30 | 1627942 
RESULTADO: EXITO
============================================================


============================================================
ANALISIS: AAPL | C1_SQUEEZE_CALL | ENTRADA: 214.63 | TP: 216.13 | SL: 211.63
Hora  |  Open  |  High  |  Low   |  Close |  Vol
17:00 | 204.23 | 205.34 | 204.07 | 205.30 | 1624340 
17:15 | 205.29 | 205.34 | 204.39 | 204.63 | 1007189 
17:30 | 204.62 | 204.69 | 203.95 | 204.05 | 1009168 
17:45 | 204.04 | 204.16 | 203.67 | 203.92 | 708841 
18:00 | 203.91 | 203.94 | 203.44 | 203.55 | 685598 
18:15 | 203.55 | 203.79 | 203.52 | 203.71 | 496777 
18:30 | 203.71 | 203.93 | 203.08 | 203.29 | 866997 
18:45 | 203.29 | 203.90 | 203.17 | 203.83 | 819601 
19:00 | 203.83 | 204.17 | 203.76 | 204.03 | 785352 
19:15 | 204.02 | 204.16 | 203.82 | 204.03 | 529846 
19:30 | 204.05 | 204.10 | 203.75 | 203.97 | 563272 
19:45 | 203.96 | 204.12 | 203.86 | 204.03 | 410168 
20:00 | 204.03 | 204.30 | 203.99 | 204.25 | 526241 
20:15 | 204.25 | 204.29 | 203.83 | 203.87 | 630986 
20:30 | 203.86 | 203.97 | 203.62 | 203.77 | 668736 
20:45 | 203.78 | 203.86 | 203.19 | 203.58 | 746366 
21:00 | 203.60 | 203.68 | 203.36 | 203.44 | 632258 
21:15 | 203.44 | 203.53 | 203.26 | 203.33 | 642783 
21:30 | 203.34 | 203.41 | 202.89 | 203.03 | 956497 
21:45 | 203.03 | 203.20 | 202.67 | 202.93 | 1916024 
15:30 | 205.63 | 209.84 | 205.59 | 209.78 | 7490688 
15:45 | 209.78 | 210.32 | 209.33 | 209.55 | 4161016 
16:00 | 209.55 | 211.15 | 209.50 | 210.55 | 3571162 
16:15 | 210.54 | 210.92 | 210.07 | 210.75 | 2774986 
16:30 | 210.76 | 212.27 | 210.63 | 212.21 | 2970980 
16:45 | 212.24 | 212.26 | 210.93 | 211.08 | 2757488 
17:00 | 211.08 | 212.30 | 210.66 | 212.18 | 2633440 [ENTRADA]
17:15 | 212.18 | 214.34 | 212.06 | 214.23 | 4522598 
17:30 | 214.23 | 214.70 | 213.81 | 214.27 | 4256770 
17:45 | 214.28 | 214.90 | 213.67 | 214.63 | 2854596 
18:00 | 214.64 | 214.99 | 214.37 | 214.76 | 3432200 
18:15 | 214.75 | 214.99 | 214.18 | 214.50 | 2172502 
18:30 | 214.52 | 214.61 | 213.86 | 214.26 | 1902628 
18:45 | 214.26 | 214.75 | 214.17 | 214.49 | 1337534 
19:00 | 214.49 | 214.59 | 214.04 | 214.34 | 1250110 
19:15 | 214.37 | 214.89 | 214.36 | 214.54 | 1409874 
19:30 | 214.52 | 215.38 | 214.42 | 215.12 | 2007453 
19:45 | 215.11 | 215.15 | 214.09 | 214.39 | 1639890 
20:00 | 214.38 | 214.70 | 214.13 | 214.68 | 1441382 
20:15 | 214.68 | 214.93 | 214.49 | 214.60 | 1238422 
20:30 | 214.61 | 214.80 | 214.45 | 214.51 | 1043098 
20:45 | 214.51 | 214.71 | 214.38 | 214.40 | 1240088 
21:00 | 214.40 | 214.55 | 213.82 | 213.87 | 1583682 
21:15 | 213.87 | 214.45 | 213.75 | 213.88 | 1937841 
21:30 | 213.89 | 214.42 | 213.71 | 214.03 | 1999304 
21:45 | 214.03 | 214.25 | 212.81 | 213.25 | 5355220 
15:30 | 218.89 | 219.85 | 216.58 | 219.68 | 10270454 
15:45 | 219.68 | 220.33 | 218.21 | 219.56 | 5248418 
16:00 | 219.59 | 219.99 | 218.24 | 218.39 | 3769717 
16:15 | 218.38 | 218.38 | 217.56 | 218.27 | 2715819 
16:30 | 218.29 | 218.85 | 217.92 | 218.27 | 1760756 
16:45 | 218.25 | 219.15 | 217.65 | 219.15 | 2589682 
17:00 | 219.15 | 219.50 | 218.97 | 219.40 | 2551143 
RESULTADO: EXITO
============================================================


============================================================
ANALISIS: NVDA | C1_SQUEEZE_CALL | ENTRADA: 179.88 | TP: 181.38 | SL: 175.38
Hora  |  Open  |  High  |  Low   |  Close |  Vol
16:00 | 173.78 | 177.59 | 173.77 | 177.24 | 13863209 
16:15 | 177.23 | 177.86 | 175.79 | 176.32 | 10385734 
16:30 | 176.31 | 177.40 | 176.06 | 177.09 | 6157541 
16:45 | 177.09 | 177.83 | 176.83 | 177.41 | 6063812 
17:00 | 177.42 | 178.30 | 177.27 | 178.11 | 6729486 
17:15 | 178.11 | 178.23 | 177.61 | 178.13 | 4281648 
17:30 | 178.13 | 178.59 | 178.03 | 178.25 | 4373465 
17:45 | 178.25 | 178.45 | 177.76 | 177.80 | 3576686 
18:00 | 177.80 | 178.06 | 177.21 | 177.32 | 3620768 
18:15 | 177.31 | 177.40 | 176.88 | 177.01 | 4237096 
18:30 | 177.01 | 177.35 | 177.00 | 177.19 | 2682762 
18:45 | 177.18 | 177.41 | 176.89 | 177.22 | 2839618 
19:00 | 177.21 | 177.81 | 177.19 | 177.78 | 3147051 
19:15 | 177.78 | 178.30 | 177.75 | 178.29 | 2967102 
19:30 | 178.30 | 178.40 | 178.08 | 178.24 | 2584354 
19:45 | 178.24 | 178.42 | 178.03 | 178.05 | 2459064 
20:00 | 178.05 | 178.27 | 177.85 | 178.12 | 2577784 
20:15 | 178.11 | 178.16 | 177.83 | 178.12 | 2317571 
20:30 | 178.12 | 178.54 | 178.00 | 178.09 | 2712503 
20:45 | 178.08 | 178.21 | 177.75 | 177.87 | 2182513 
21:00 | 177.88 | 178.07 | 177.82 | 177.97 | 2106555 
21:15 | 177.98 | 178.09 | 177.74 | 178.06 | 2497956 
21:30 | 178.06 | 178.12 | 177.64 | 177.85 | 3102306 
21:45 | 177.84 | 178.50 | 177.75 | 178.02 | 7656173 
15:30 | 178.36 | 178.50 | 176.57 | 177.01 | 11365779 
15:45 | 177.01 | 178.45 | 176.80 | 178.45 | 7024853 
16:00 | 178.44 | 179.41 | 178.25 | 179.15 | 7343747 [ENTRADA]
16:15 | 179.14 | 179.38 | 178.60 | 178.99 | 5147709 
16:30 | 178.98 | 179.70 | 178.86 | 179.34 | 5542633 
16:45 | 179.34 | 179.91 | 179.22 | 179.88 | 4924821 
17:00 | 179.88 | 180.89 | 179.87 | 180.68 | 7332413 
17:15 | 180.68 | 181.25 | 180.54 | 181.24 | 5152047 
17:30 | 181.24 | 181.68 | 181.04 | 181.27 | 5818689 
17:45 | 181.26 | 181.67 | 181.04 | 181.57 | 4121475 
18:00 | 181.57 | 181.91 | 181.45 | 181.78 | 4296470 
18:15 | 181.78 | 181.79 | 181.33 | 181.52 | 3174530 
18:30 | 181.51 | 181.72 | 181.39 | 181.65 | 2628441 
18:45 | 181.66 | 181.71 | 180.93 | 181.03 | 3431624 
19:00 | 181.03 | 181.10 | 180.62 | 180.78 | 3643456 
19:15 | 180.78 | 181.08 | 180.70 | 181.00 | 2640162 
19:30 | 181.00 | 181.13 | 180.74 | 181.11 | 2414396 
19:45 | 181.12 | 181.39 | 181.07 | 181.29 | 2931974 
20:00 | 181.29 | 181.38 | 181.08 | 181.37 | 2304259 
20:15 | 181.37 | 181.48 | 181.21 | 181.34 | 2450664 
20:30 | 181.34 | 181.55 | 181.13 | 181.15 | 2307163 
20:45 | 181.15 | 181.56 | 181.08 | 181.41 | 2121531 
21:00 | 181.41 | 181.67 | 181.23 | 181.43 | 2367390 
21:15 | 181.43 | 181.45 | 180.92 | 181.03 | 3229893 
21:30 | 181.03 | 181.24 | 180.88 | 180.94 | 3207069 
21:45 | 180.94 | 181.25 | 178.35 | 179.84 | 9908535 
15:30 | 180.06 | 181.23 | 179.24 | 179.75 | 10851559 
15:45 | 179.74 | 179.98 | 178.81 | 179.61 | 7872205 
16:00 | 179.56 | 180.41 | 179.54 | 180.05 | 6191670 
RESULTADO: EXITO
============================================================


============================================================
ANALISIS: NVDA | C1_SQUEEZE_CALL | ENTRADA: 181.57 | TP: 183.07 | SL: 177.07
Hora  |  Open  |  High  |  Low   |  Close |  Vol
17:00 | 177.42 | 178.30 | 177.27 | 178.11 | 6729486 
17:15 | 178.11 | 178.23 | 177.61 | 178.13 | 4281648 
17:30 | 178.13 | 178.59 | 178.03 | 178.25 | 4373465 
17:45 | 178.25 | 178.45 | 177.76 | 177.80 | 3576686 
18:00 | 177.80 | 178.06 | 177.21 | 177.32 | 3620768 
18:15 | 177.31 | 177.40 | 176.88 | 177.01 | 4237096 
18:30 | 177.01 | 177.35 | 177.00 | 177.19 | 2682762 
18:45 | 177.18 | 177.41 | 176.89 | 177.22 | 2839618 
19:00 | 177.21 | 177.81 | 177.19 | 177.78 | 3147051 
19:15 | 177.78 | 178.30 | 177.75 | 178.29 | 2967102 
19:30 | 178.30 | 178.40 | 178.08 | 178.24 | 2584354 
19:45 | 178.24 | 178.42 | 178.03 | 178.05 | 2459064 
20:00 | 178.05 | 178.27 | 177.85 | 178.12 | 2577784 
20:15 | 178.11 | 178.16 | 177.83 | 178.12 | 2317571 
20:30 | 178.12 | 178.54 | 178.00 | 178.09 | 2712503 
20:45 | 178.08 | 178.21 | 177.75 | 177.87 | 2182513 
21:00 | 177.88 | 178.07 | 177.82 | 177.97 | 2106555 
21:15 | 177.98 | 178.09 | 177.74 | 178.06 | 2497956 
21:30 | 178.06 | 178.12 | 177.64 | 177.85 | 3102306 
21:45 | 177.84 | 178.50 | 177.75 | 178.02 | 7656173 
15:30 | 178.36 | 178.50 | 176.57 | 177.01 | 11365779 
15:45 | 177.01 | 178.45 | 176.80 | 178.45 | 7024853 
16:00 | 178.44 | 179.41 | 178.25 | 179.15 | 7343747 
16:15 | 179.14 | 179.38 | 178.60 | 178.99 | 5147709 
16:30 | 178.98 | 179.70 | 178.86 | 179.34 | 5542633 
16:45 | 179.34 | 179.91 | 179.22 | 179.88 | 4924821 
17:00 | 179.88 | 180.89 | 179.87 | 180.68 | 7332413 [ENTRADA]
17:15 | 180.68 | 181.25 | 180.54 | 181.24 | 5152047 
17:30 | 181.24 | 181.68 | 181.04 | 181.27 | 5818689 
17:45 | 181.26 | 181.67 | 181.04 | 181.57 | 4121475 
18:00 | 181.57 | 181.91 | 181.45 | 181.78 | 4296470 
18:15 | 181.78 | 181.79 | 181.33 | 181.52 | 3174530 
18:30 | 181.51 | 181.72 | 181.39 | 181.65 | 2628441 
18:45 | 181.66 | 181.71 | 180.93 | 181.03 | 3431624 
19:00 | 181.03 | 181.10 | 180.62 | 180.78 | 3643456 
19:15 | 180.78 | 181.08 | 180.70 | 181.00 | 2640162 
19:30 | 181.00 | 181.13 | 180.74 | 181.11 | 2414396 
19:45 | 181.12 | 181.39 | 181.07 | 181.29 | 2931974 
20:00 | 181.29 | 181.38 | 181.08 | 181.37 | 2304259 
20:15 | 181.37 | 181.48 | 181.21 | 181.34 | 2450664 
20:30 | 181.34 | 181.55 | 181.13 | 181.15 | 2307163 
20:45 | 181.15 | 181.56 | 181.08 | 181.41 | 2121531 
21:00 | 181.41 | 181.67 | 181.23 | 181.43 | 2367390 
21:15 | 181.43 | 181.45 | 180.92 | 181.03 | 3229893 
21:30 | 181.03 | 181.24 | 180.88 | 180.94 | 3207069 
21:45 | 180.94 | 181.25 | 178.35 | 179.84 | 9908535 
15:30 | 180.06 | 181.23 | 179.24 | 179.75 | 10851559 
15:45 | 179.74 | 179.98 | 178.81 | 179.61 | 7872205 
16:00 | 179.56 | 180.41 | 179.54 | 180.05 | 6191670 
16:15 | 180.04 | 181.08 | 179.97 | 180.98 | 5469525 
16:30 | 180.97 | 181.37 | 180.68 | 181.36 | 4976245 
16:45 | 181.36 | 181.76 | 181.18 | 181.53 | 5168808 
17:00 | 181.54 | 181.58 | 180.98 | 181.28 | 4092602 
RESULTADO: EN CURSO
============================================================


============================================================
ANALISIS: TSLA | C1_SQUEEZE_CALL | ENTRADA: 336.21 | TP: 337.71 | SL: 331.71
Hora  |  Open  |  High  |  Low   |  Close |  Vol
16:00 | 320.75 | 323.77 | 319.66 | 322.80 | 2988608 
16:15 | 322.77 | 324.50 | 322.63 | 324.24 | 2065182 
16:30 | 324.27 | 324.27 | 322.33 | 323.15 | 1658768 
16:45 | 323.15 | 323.61 | 322.08 | 323.25 | 1476916 
17:00 | 323.26 | 323.60 | 321.24 | 321.40 | 1305598 
17:15 | 321.40 | 322.65 | 321.10 | 321.90 | 1465509 
17:30 | 321.88 | 323.20 | 321.85 | 322.78 | 1057981 
17:45 | 322.75 | 322.86 | 320.67 | 321.26 | 1388482 
18:00 | 321.30 | 321.34 | 320.04 | 320.75 | 1421823 
18:15 | 320.75 | 321.41 | 320.05 | 320.22 | 1005685 
18:30 | 320.20 | 320.87 | 319.80 | 320.58 | 1317206 
18:45 | 320.55 | 321.09 | 319.26 | 319.62 | 1013182 
19:00 | 319.65 | 320.46 | 319.27 | 319.73 | 1126478 
19:15 | 319.64 | 319.82 | 318.68 | 319.36 | 1345913 
19:30 | 319.33 | 321.05 | 319.13 | 321.02 | 1307436 
19:45 | 321.04 | 321.34 | 320.32 | 320.85 | 974231 
20:00 | 320.82 | 321.17 | 319.81 | 320.44 | 954268 
20:15 | 320.41 | 320.93 | 320.16 | 320.49 | 835896 
20:30 | 320.52 | 321.62 | 320.12 | 321.08 | 977735 
20:45 | 321.07 | 322.15 | 320.38 | 321.92 | 1272088 
21:00 | 321.92 | 322.48 | 321.70 | 322.45 | 1080739 
21:15 | 322.45 | 322.60 | 321.88 | 322.02 | 1071005 
21:30 | 322.03 | 322.11 | 321.30 | 321.53 | 1058181 
21:45 | 321.52 | 321.98 | 320.00 | 320.04 | 2126652 
15:30 | 321.66 | 324.97 | 319.69 | 324.77 | 4202238 
15:45 | 324.78 | 326.64 | 324.10 | 325.69 | 4189907 
16:00 | 325.75 | 335.68 | 325.65 | 335.23 | 8488121 [ENTRADA]
16:15 | 335.20 | 337.46 | 332.38 | 334.72 | 5894840 
16:30 | 334.76 | 337.70 | 334.62 | 337.24 | 3859181 
16:45 | 337.28 | 337.65 | 335.78 | 336.21 | 2707172 
17:00 | 336.18 | 337.20 | 336.04 | 336.48 | 2132876 
17:15 | 336.44 | 336.70 | 335.10 | 335.56 | 1793421 
17:30 | 335.55 | 336.34 | 335.03 | 335.26 | 1526049 
17:45 | 335.27 | 336.00 | 334.87 | 335.07 | 1498854 
18:00 | 335.09 | 335.84 | 334.20 | 334.58 | 1445307 
18:15 | 334.58 | 335.29 | 333.76 | 335.12 | 1847799 
18:30 | 335.10 | 338.27 | 335.06 | 337.18 | 3073840 
18:45 | 337.18 | 337.39 | 335.96 | 336.56 | 1812080 
19:00 | 336.55 | 337.95 | 336.48 | 337.88 | 1642730 
19:15 | 337.90 | 338.33 | 337.23 | 338.02 | 1655342 
19:30 | 338.04 | 338.61 | 337.53 | 338.44 | 1349545 
19:45 | 338.46 | 338.68 | 337.86 | 337.95 | 1356060 
20:00 | 337.97 | 338.16 | 337.13 | 338.04 | 1297238 
20:15 | 338.04 | 338.75 | 337.78 | 338.31 | 1511495 
20:30 | 338.32 | 339.06 | 338.02 | 338.38 | 1690179 
20:45 | 338.39 | 339.09 | 338.19 | 338.74 | 1422600 
21:00 | 338.75 | 339.56 | 338.64 | 339.26 | 1938044 
21:15 | 339.24 | 339.30 | 338.03 | 338.52 | 1601136 
21:30 | 338.51 | 338.68 | 337.34 | 338.31 | 1947806 
21:45 | 338.29 | 340.25 | 338.10 | 340.01 | 4472979 
15:30 | 338.90 | 341.46 | 336.63 | 337.65 | 5040901 
15:45 | 337.72 | 339.55 | 335.03 | 339.19 | 4134197 
16:00 | 339.17 | 341.79 | 338.33 | 341.43 | 3872293 
RESULTADO: EXITO
============================================================


============================================================
ANALISIS: MSFT | C1_SQUEEZE_CALL | ENTRADA: 511.24 | TP: 512.74 | SL: 508.24
Hora  |  Open  |  High  |  Low   |  Close |  Vol
17:00 | 500.86 | 501.97 | 500.81 | 501.84 | 188039 
17:15 | 501.83 | 502.82 | 501.79 | 502.79 | 199657 
17:30 | 502.68 | 502.98 | 501.91 | 501.97 | 175288 
17:45 | 501.96 | 502.13 | 500.86 | 502.01 | 150805 
18:00 | 501.96 | 502.96 | 501.78 | 502.46 | 142319 
18:15 | 502.49 | 503.13 | 501.90 | 502.28 | 221406 
18:30 | 502.35 | 502.59 | 502.00 | 502.54 | 136864 
18:45 | 502.57 | 502.72 | 500.83 | 501.11 | 221673 
19:00 | 501.12 | 501.38 | 500.25 | 500.92 | 319021 
19:15 | 500.98 | 501.18 | 500.10 | 500.15 | 197975 
19:30 | 500.15 | 500.82 | 500.14 | 500.32 | 141076 
19:45 | 500.31 | 500.39 | 499.81 | 500.03 | 199610 
20:00 | 500.06 | 500.72 | 499.74 | 500.06 | 243016 
20:15 | 500.07 | 500.20 | 499.67 | 499.98 | 212940 
20:30 | 500.00 | 500.74 | 499.95 | 500.26 | 280362 
20:45 | 500.26 | 501.20 | 500.25 | 500.71 | 260242 
21:00 | 500.72 | 500.89 | 500.41 | 500.53 | 203455 
21:15 | 500.54 | 500.83 | 500.40 | 500.80 | 198016 
21:30 | 500.80 | 500.96 | 500.39 | 500.53 | 231301 
21:45 | 500.53 | 502.26 | 500.13 | 501.20 | 950906 
15:30 | 506.51 | 506.83 | 503.85 | 506.79 | 1125701 
15:45 | 506.69 | 508.11 | 505.23 | 508.05 | 846981 
16:00 | 507.86 | 508.39 | 506.61 | 507.20 | 512413 
16:15 | 507.25 | 507.68 | 506.51 | 507.14 | 253003 
16:30 | 507.20 | 508.45 | 507.14 | 507.84 | 400058 
16:45 | 507.88 | 509.29 | 507.25 | 509.07 | 401237 
17:00 | 509.04 | 510.00 | 508.56 | 509.74 | 384223 [ENTRADA]
17:15 | 509.73 | 511.29 | 509.73 | 510.67 | 528786 
17:30 | 510.68 | 511.80 | 510.19 | 510.92 | 498258 
17:45 | 510.84 | 511.36 | 510.13 | 511.24 | 345755 
18:00 | 511.22 | 511.65 | 510.70 | 511.38 | 322636 
18:15 | 511.39 | 512.23 | 511.31 | 511.89 | 310349 
18:30 | 511.90 | 512.45 | 511.70 | 512.31 | 251426 
18:45 | 512.29 | 512.55 | 511.77 | 512.32 | 225373 
19:00 | 512.33 | 512.33 | 511.26 | 511.41 | 249095 
19:15 | 511.43 | 512.40 | 511.28 | 512.02 | 165105 
19:30 | 512.04 | 512.25 | 511.50 | 512.11 | 166146 
19:45 | 512.14 | 512.23 | 511.14 | 511.85 | 215209 
20:00 | 511.87 | 511.88 | 511.06 | 511.28 | 177519 
20:15 | 511.29 | 511.44 | 510.67 | 511.31 | 232072 
20:30 | 511.27 | 511.93 | 510.97 | 511.81 | 183233 
20:45 | 511.81 | 512.32 | 511.45 | 512.17 | 201610 
21:00 | 512.16 | 512.50 | 511.90 | 511.90 | 227689 
21:15 | 511.89 | 512.11 | 510.34 | 510.68 | 309986 
21:30 | 510.63 | 510.95 | 510.25 | 510.65 | 298518 
21:45 | 510.64 | 511.07 | 509.85 | 509.85 | 750145 
15:30 | 508.79 | 511.49 | 507.00 | 509.91 | 899291 
15:45 | 510.04 | 511.70 | 509.84 | 510.28 | 399396 
16:00 | 510.33 | 512.38 | 510.29 | 512.03 | 288513 
16:15 | 512.00 | 512.07 | 510.45 | 510.65 | 269231 
16:30 | 510.71 | 512.35 | 510.20 | 512.02 | 306290 
16:45 | 512.10 | 512.50 | 511.47 | 512.49 | 195358 
17:00 | 512.45 | 514.25 | 512.45 | 513.40 | 355806 
RESULTADO: FALLO
============================================================


============================================================
ANALISIS: MSFT | C1_SQUEEZE_CALL | ENTRADA: 518.00 | TP: 519.50 | SL: 515.00
Hora  |  Open  |  High  |  Low   |  Close |  Vol
21:00 | 508.80 | 509.47 | 508.76 | 509.28 | 271137 
21:15 | 509.28 | 509.66 | 508.63 | 508.80 | 202292 
21:30 | 508.79 | 508.91 | 508.36 | 508.40 | 257957 
21:45 | 508.41 | 508.84 | 508.08 | 508.27 | 847001 
15:30 | 510.61 | 513.08 | 510.31 | 512.41 | 5764231 
15:45 | 512.44 | 514.88 | 512.11 | 514.33 | 577114 
16:00 | 514.38 | 514.63 | 512.94 | 513.14 | 366684 
16:15 | 513.16 | 513.46 | 511.95 | 513.11 | 358068 
16:30 | 513.09 | 513.48 | 512.46 | 513.20 | 282338 
16:45 | 513.19 | 513.80 | 512.77 | 513.69 | 249013 
17:00 | 513.73 | 513.96 | 511.94 | 512.01 | 325150 
17:15 | 512.06 | 513.08 | 511.87 | 512.22 | 532025 
17:30 | 512.23 | 512.27 | 511.32 | 511.43 | 201844 
17:45 | 511.49 | 512.15 | 511.44 | 511.88 | 121130 
18:00 | 511.92 | 512.82 | 511.92 | 512.65 | 250588 
18:15 | 512.66 | 513.36 | 512.62 | 512.86 | 145769 
18:30 | 512.85 | 512.96 | 511.89 | 512.45 | 195807 
18:45 | 512.44 | 512.71 | 512.07 | 512.34 | 182496 
19:00 | 512.34 | 512.65 | 511.58 | 511.91 | 200353 
19:15 | 511.89 | 512.00 | 511.45 | 511.69 | 143266 
19:30 | 511.69 | 511.73 | 511.07 | 511.69 | 241275 
19:45 | 511.71 | 511.78 | 510.95 | 511.41 | 172292 
20:00 | 511.41 | 511.43 | 510.35 | 511.12 | 242782 
20:15 | 511.12 | 511.13 | 510.52 | 510.70 | 198957 
20:30 | 510.68 | 511.88 | 510.53 | 511.59 | 278903 
20:45 | 511.55 | 511.62 | 510.72 | 511.46 | 267775 
21:00 | 511.45 | 511.73 | 511.08 | 511.58 | 260486 [ENTRADA]
21:15 | 511.58 | 511.94 | 510.89 | 511.17 | 351071 
21:30 | 511.19 | 511.55 | 510.82 | 510.97 | 390608 
21:45 | 510.97 | 519.30 | 510.97 | 518.00 | 4610790 
15:30 | 515.59 | 517.74 | 514.30 | 515.57 | 1062458 
15:45 | 515.58 | 515.84 | 514.40 | 514.53 | 459062 
16:00 | 514.49 | 514.61 | 512.54 | 512.95 | 536358 
16:15 | 512.94 | 514.88 | 512.70 | 514.57 | 354578 
16:30 | 514.59 | 516.30 | 514.54 | 516.23 | 399722 
16:45 | 516.20 | 516.60 | 515.71 | 515.93 | 251011 
17:00 | 515.90 | 516.26 | 514.94 | 515.35 | 267966 
17:15 | 515.32 | 515.57 | 514.66 | 515.03 | 141061 
17:30 | 515.12 | 515.50 | 514.03 | 514.10 | 233880 
17:45 | 514.15 | 514.49 | 513.75 | 513.87 | 124839 
18:00 | 513.87 | 514.07 | 512.58 | 513.69 | 368532 
18:15 | 513.63 | 514.69 | 513.40 | 514.57 | 241792 
18:30 | 514.60 | 515.96 | 514.54 | 515.34 | 255168 
18:45 | 515.30 | 515.42 | 514.44 | 515.00 | 213456 
19:00 | 514.89 | 515.24 | 514.51 | 514.70 | 160137 
19:15 | 514.70 | 515.34 | 514.70 | 515.14 | 159361 
19:30 | 515.11 | 515.24 | 514.89 | 515.16 | 143865 
19:45 | 515.14 | 515.28 | 514.41 | 514.53 | 131182 
20:00 | 514.54 | 514.81 | 514.48 | 514.79 | 122914 
20:15 | 514.78 | 515.19 | 514.53 | 515.04 | 133862 
20:30 | 515.05 | 515.57 | 515.05 | 515.13 | 174555 
20:45 | 515.15 | 515.26 | 513.65 | 513.95 | 271741 
21:00 | 513.98 | 514.01 | 513.19 | 513.27 | 294122 
RESULTADO: FALLO
============================================================


============================================================
ANALISIS: TSLA | C1_SQUEEZE_CALL | ENTRADA: 355.39 | TP: 356.89 | SL: 350.89
Hora  |  Open  |  High  |  Low   |  Close |  Vol
16:00 | 348.38 | 349.01 | 345.50 | 347.37 | 3259725 
16:15 | 347.35 | 347.74 | 345.56 | 346.62 | 1993708 
16:30 | 346.64 | 347.37 | 344.13 | 345.04 | 2503978 
16:45 | 345.06 | 346.17 | 343.82 | 345.85 | 2014632 
17:00 | 345.82 | 346.73 | 344.93 | 346.42 | 1585616 
17:15 | 346.40 | 347.05 | 346.30 | 346.38 | 1233281 
17:30 | 346.35 | 347.16 | 346.07 | 346.41 | 1111947 
17:45 | 346.38 | 347.94 | 346.30 | 347.72 | 1261982 
18:00 | 347.74 | 348.47 | 347.60 | 348.29 | 1117762 
18:15 | 348.32 | 348.50 | 346.88 | 347.69 | 1154954 
18:30 | 347.69 | 348.20 | 347.17 | 347.28 | 875292 
18:45 | 347.29 | 347.87 | 346.19 | 346.25 | 1123348 
19:00 | 346.29 | 347.43 | 346.23 | 346.92 | 968947 
19:15 | 346.93 | 347.62 | 346.75 | 346.89 | 860385 
19:30 | 346.93 | 347.18 | 346.53 | 346.80 | 735698 
19:45 | 346.75 | 347.84 | 346.51 | 347.28 | 875019 
20:00 | 347.30 | 347.44 | 345.95 | 346.66 | 1041221 
20:15 | 346.65 | 346.98 | 346.27 | 346.59 | 696892 
20:30 | 346.60 | 346.76 | 346.02 | 346.38 | 784436 
20:45 | 346.38 | 347.00 | 346.37 | 346.82 | 721355 
21:00 | 346.85 | 347.16 | 345.70 | 346.20 | 1099925 
21:15 | 346.18 | 346.84 | 346.18 | 346.35 | 845974 
21:30 | 346.36 | 346.73 | 346.08 | 346.57 | 913369 
21:45 | 346.55 | 347.20 | 346.32 | 347.04 | 1861009 
15:30 | 350.41 | 352.20 | 346.07 | 346.88 | 4745374 
15:45 | 346.94 | 349.20 | 346.20 | 347.72 | 2619512 
16:00 | 347.72 | 351.43 | 347.60 | 349.13 | 3033048 [ENTRADA]
16:15 | 349.17 | 350.57 | 348.85 | 349.16 | 1760032 
16:30 | 349.13 | 351.99 | 349.07 | 351.97 | 2287340 
16:45 | 351.98 | 355.50 | 351.45 | 355.39 | 4031135 
17:00 | 355.42 | 356.02 | 354.05 | 356.02 | 3217028 
17:15 | 356.02 | 356.33 | 354.02 | 354.67 | 2221477 
17:30 | 354.72 | 355.18 | 353.50 | 355.15 | 1648739 
17:45 | 355.15 | 355.80 | 354.54 | 354.85 | 1351664 
18:00 | 354.88 | 355.09 | 354.01 | 354.30 | 1030425 
18:15 | 354.29 | 354.85 | 353.51 | 354.23 | 1251439 
18:30 | 354.24 | 354.69 | 352.69 | 352.73 | 1277345 
18:45 | 352.75 | 354.30 | 352.72 | 354.23 | 1059156 
19:00 | 354.27 | 355.39 | 354.12 | 354.75 | 1050561 
19:15 | 354.76 | 354.90 | 354.10 | 354.26 | 759237 
19:30 | 354.29 | 355.10 | 353.84 | 354.97 | 1028516 
19:45 | 354.96 | 356.28 | 354.33 | 354.67 | 1697703 
20:00 | 354.66 | 354.88 | 353.77 | 354.19 | 1025362 
20:15 | 354.19 | 354.27 | 353.21 | 353.65 | 1234436 
20:30 | 353.64 | 354.45 | 352.57 | 352.72 | 1300401 
20:45 | 352.71 | 352.96 | 351.00 | 351.31 | 1599597 
21:00 | 351.31 | 351.57 | 347.99 | 348.07 | 2260206 
21:15 | 348.09 | 348.55 | 347.16 | 347.45 | 2315544 
21:30 | 347.48 | 349.50 | 347.39 | 349.47 | 2059148 
21:45 | 349.43 | 350.26 | 347.62 | 347.79 | 2692466 
15:30 | 350.23 | 351.43 | 347.60 | 349.00 | 3839669 
15:45 | 348.98 | 352.22 | 348.31 | 351.49 | 3325496 
16:00 | 351.50 | 355.65 | 350.65 | 354.65 | 3990923 
RESULTADO: FALLO
============================================================


============================================================
ANALISIS: AAPL | C1_SQUEEZE_CALL | ENTRADA: 242.84 | TP: 244.34 | SL: 239.84
Hora  |  Open  |  High  |  Low   |  Close |  Vol
16:00 | 238.43 | 238.43 | 236.65 | 237.01 | 1848891 
16:15 | 237.01 | 237.63 | 236.77 | 237.56 | 1620973 
16:30 | 237.56 | 238.15 | 237.31 | 237.94 | 1151751 
16:45 | 237.93 | 238.39 | 237.82 | 238.24 | 877794 
17:00 | 238.25 | 238.80 | 238.21 | 238.39 | 868423 
17:15 | 238.39 | 238.58 | 238.10 | 238.19 | 587907 
17:30 | 238.21 | 238.54 | 238.21 | 238.33 | 644264 
17:45 | 238.33 | 238.48 | 237.35 | 237.61 | 911987 
18:00 | 237.59 | 237.82 | 237.44 | 237.77 | 589498 
18:15 | 237.78 | 238.18 | 237.73 | 237.94 | 587949 
18:30 | 237.95 | 238.11 | 237.64 | 238.08 | 598259 
18:45 | 238.08 | 238.14 | 237.86 | 237.96 | 471245 
19:00 | 237.95 | 238.21 | 237.83 | 238.01 | 556378 
19:15 | 238.01 | 238.12 | 237.75 | 237.88 | 586548 
19:30 | 237.87 | 238.10 | 237.49 | 237.52 | 577077 
19:45 | 237.52 | 237.61 | 237.21 | 237.39 | 511062 
20:00 | 237.38 | 237.99 | 237.31 | 237.88 | 700833 
20:15 | 237.88 | 238.02 | 237.65 | 237.80 | 483725 
20:30 | 237.81 | 237.95 | 237.66 | 237.71 | 498126 
20:45 | 237.71 | 237.81 | 237.57 | 237.69 | 573247 
21:00 | 237.69 | 237.80 | 237.51 | 237.62 | 602818 
21:15 | 237.61 | 237.73 | 237.25 | 237.46 | 961224 
21:30 | 237.46 | 237.92 | 237.43 | 237.79 | 753753 
21:45 | 237.78 | 238.11 | 237.44 | 237.85 | 2295511 
15:30 | 241.20 | 242.70 | 240.42 | 240.95 | 15211210 
15:45 | 240.95 | 241.73 | 240.35 | 240.89 | 2281197 
16:00 | 240.89 | 241.51 | 240.55 | 241.32 | 1904323 [ENTRADA]
16:15 | 241.31 | 241.36 | 240.21 | 241.15 | 1873646 
16:30 | 241.15 | 242.08 | 241.06 | 241.91 | 1969773 
16:45 | 241.92 | 243.16 | 241.82 | 242.84 | 2998277 
17:00 | 242.85 | 243.00 | 242.16 | 242.22 | 1706273 
17:15 | 242.22 | 242.29 | 241.80 | 242.28 | 1415852 
17:30 | 242.27 | 242.87 | 242.04 | 242.64 | 1360920 
17:45 | 242.64 | 243.39 | 242.33 | 243.29 | 1197071 
18:00 | 243.27 | 244.28 | 243.17 | 244.28 | 1812348 
18:15 | 244.28 | 244.57 | 243.83 | 244.52 | 2003473 
18:30 | 244.51 | 245.80 | 244.26 | 245.54 | 2890861 
18:45 | 245.53 | 245.92 | 245.10 | 245.16 | 2264348 
19:00 | 245.16 | 245.50 | 244.90 | 245.18 | 1397300 
19:15 | 245.18 | 245.42 | 245.03 | 245.25 | 1179558 
19:30 | 245.24 | 245.52 | 244.90 | 245.36 | 1229351 
19:45 | 245.37 | 245.83 | 245.03 | 245.40 | 1241331 
20:00 | 245.41 | 246.13 | 244.95 | 246.13 | 1785804 
20:15 | 246.13 | 246.27 | 245.40 | 245.49 | 1828377 
20:30 | 245.49 | 246.10 | 245.34 | 245.82 | 1280781 
20:45 | 245.81 | 245.91 | 245.19 | 245.51 | 1222272 
21:00 | 245.50 | 245.80 | 245.44 | 245.70 | 1365851 
21:15 | 245.69 | 245.89 | 245.47 | 245.61 | 1562720 
21:30 | 245.60 | 245.94 | 244.81 | 244.84 | 2512026 
21:45 | 244.86 | 246.19 | 244.74 | 245.28 | 7858554 
15:30 | 248.30 | 251.28 | 248.12 | 250.66 | 8991765 
15:45 | 250.65 | 251.35 | 250.02 | 251.09 | 3452519 
16:00 | 251.11 | 252.23 | 250.78 | 251.57 | 3384275 
RESULTADO: EXITO
============================================================


============================================================
ANALISIS: AAPL | C1_SQUEEZE_CALL | ENTRADA: 245.16 | TP: 246.66 | SL: 242.16
Hora  |  Open  |  High  |  Low   |  Close |  Vol
18:00 | 237.59 | 237.82 | 237.44 | 237.77 | 589498 
18:15 | 237.78 | 238.18 | 237.73 | 237.94 | 587949 
18:30 | 237.95 | 238.11 | 237.64 | 238.08 | 598259 
18:45 | 238.08 | 238.14 | 237.86 | 237.96 | 471245 
19:00 | 237.95 | 238.21 | 237.83 | 238.01 | 556378 
19:15 | 238.01 | 238.12 | 237.75 | 237.88 | 586548 
19:30 | 237.87 | 238.10 | 237.49 | 237.52 | 577077 
19:45 | 237.52 | 237.61 | 237.21 | 237.39 | 511062 
20:00 | 237.38 | 237.99 | 237.31 | 237.88 | 700833 
20:15 | 237.88 | 238.02 | 237.65 | 237.80 | 483725 
20:30 | 237.81 | 237.95 | 237.66 | 237.71 | 498126 
20:45 | 237.71 | 237.81 | 237.57 | 237.69 | 573247 
21:00 | 237.69 | 237.80 | 237.51 | 237.62 | 602818 
21:15 | 237.61 | 237.73 | 237.25 | 237.46 | 961224 
21:30 | 237.46 | 237.92 | 237.43 | 237.79 | 753753 
21:45 | 237.78 | 238.11 | 237.44 | 237.85 | 2295511 
15:30 | 241.20 | 242.70 | 240.42 | 240.95 | 15211210 
15:45 | 240.95 | 241.73 | 240.35 | 240.89 | 2281197 
16:00 | 240.89 | 241.51 | 240.55 | 241.32 | 1904323 
16:15 | 241.31 | 241.36 | 240.21 | 241.15 | 1873646 
16:30 | 241.15 | 242.08 | 241.06 | 241.91 | 1969773 
16:45 | 241.92 | 243.16 | 241.82 | 242.84 | 2998277 
17:00 | 242.85 | 243.00 | 242.16 | 242.22 | 1706273 
17:15 | 242.22 | 242.29 | 241.80 | 242.28 | 1415852 
17:30 | 242.27 | 242.87 | 242.04 | 242.64 | 1360920 
17:45 | 242.64 | 243.39 | 242.33 | 243.29 | 1197071 
18:00 | 243.27 | 244.28 | 243.17 | 244.28 | 1812348 [ENTRADA]
18:15 | 244.28 | 244.57 | 243.83 | 244.52 | 2003473 
18:30 | 244.51 | 245.80 | 244.26 | 245.54 | 2890861 
18:45 | 245.53 | 245.92 | 245.10 | 245.16 | 2264348 
19:00 | 245.16 | 245.50 | 244.90 | 245.18 | 1397300 
19:15 | 245.18 | 245.42 | 245.03 | 245.25 | 1179558 
19:30 | 245.24 | 245.52 | 244.90 | 245.36 | 1229351 
19:45 | 245.37 | 245.83 | 245.03 | 245.40 | 1241331 
20:00 | 245.41 | 246.13 | 244.95 | 246.13 | 1785804 
20:15 | 246.13 | 246.27 | 245.40 | 245.49 | 1828377 
20:30 | 245.49 | 246.10 | 245.34 | 245.82 | 1280781 
20:45 | 245.81 | 245.91 | 245.19 | 245.51 | 1222272 
21:00 | 245.50 | 245.80 | 245.44 | 245.70 | 1365851 
21:15 | 245.69 | 245.89 | 245.47 | 245.61 | 1562720 
21:30 | 245.60 | 245.94 | 244.81 | 244.84 | 2512026 
21:45 | 244.86 | 246.19 | 244.74 | 245.28 | 7858554 
15:30 | 248.30 | 251.28 | 248.12 | 250.66 | 8991765 
15:45 | 250.65 | 251.35 | 250.02 | 251.09 | 3452519 
16:00 | 251.11 | 252.23 | 250.78 | 251.57 | 3384275 
16:15 | 251.57 | 252.74 | 251.47 | 252.67 | 2980455 
16:30 | 252.66 | 252.93 | 252.08 | 252.46 | 2203747 
16:45 | 252.45 | 253.69 | 252.34 | 253.60 | 2468891 
17:00 | 253.62 | 254.73 | 253.38 | 254.64 | 3959462 
17:15 | 254.64 | 256.08 | 254.58 | 255.79 | 4717420 
17:30 | 255.77 | 255.82 | 254.70 | 255.07 | 3231543 
17:45 | 255.08 | 256.64 | 255.03 | 256.05 | 3253522 
18:00 | 256.07 | 256.31 | 254.75 | 255.47 | 2994513 
RESULTADO: EXITO
============================================================


============================================================
ANALISIS: AAPL | C1_SQUEEZE_CALL | ENTRADA: 253.60 | TP: 255.10 | SL: 250.60
Hora  |  Open  |  High  |  Low   |  Close |  Vol
16:00 | 240.89 | 241.51 | 240.55 | 241.32 | 1904323 
16:15 | 241.31 | 241.36 | 240.21 | 241.15 | 1873646 
16:30 | 241.15 | 242.08 | 241.06 | 241.91 | 1969773 
16:45 | 241.92 | 243.16 | 241.82 | 242.84 | 2998277 
17:00 | 242.85 | 243.00 | 242.16 | 242.22 | 1706273 
17:15 | 242.22 | 242.29 | 241.80 | 242.28 | 1415852 
17:30 | 242.27 | 242.87 | 242.04 | 242.64 | 1360920 
17:45 | 242.64 | 243.39 | 242.33 | 243.29 | 1197071 
18:00 | 243.27 | 244.28 | 243.17 | 244.28 | 1812348 
18:15 | 244.28 | 244.57 | 243.83 | 244.52 | 2003473 
18:30 | 244.51 | 245.80 | 244.26 | 245.54 | 2890861 
18:45 | 245.53 | 245.92 | 245.10 | 245.16 | 2264348 
19:00 | 245.16 | 245.50 | 244.90 | 245.18 | 1397300 
19:15 | 245.18 | 245.42 | 245.03 | 245.25 | 1179558 
19:30 | 245.24 | 245.52 | 244.90 | 245.36 | 1229351 
19:45 | 245.37 | 245.83 | 245.03 | 245.40 | 1241331 
20:00 | 245.41 | 246.13 | 244.95 | 246.13 | 1785804 
20:15 | 246.13 | 246.27 | 245.40 | 245.49 | 1828377 
20:30 | 245.49 | 246.10 | 245.34 | 245.82 | 1280781 
20:45 | 245.81 | 245.91 | 245.19 | 245.51 | 1222272 
21:00 | 245.50 | 245.80 | 245.44 | 245.70 | 1365851 
21:15 | 245.69 | 245.89 | 245.47 | 245.61 | 1562720 
21:30 | 245.60 | 245.94 | 244.81 | 244.84 | 2512026 
21:45 | 244.86 | 246.19 | 244.74 | 245.28 | 7858554 
15:30 | 248.30 | 251.28 | 248.12 | 250.66 | 8991765 
15:45 | 250.65 | 251.35 | 250.02 | 251.09 | 3452519 
16:00 | 251.11 | 252.23 | 250.78 | 251.57 | 3384275 [ENTRADA]
16:15 | 251.57 | 252.74 | 251.47 | 252.67 | 2980455 
16:30 | 252.66 | 252.93 | 252.08 | 252.46 | 2203747 
16:45 | 252.45 | 253.69 | 252.34 | 253.60 | 2468891 
17:00 | 253.62 | 254.73 | 253.38 | 254.64 | 3959462 
17:15 | 254.64 | 256.08 | 254.58 | 255.79 | 4717420 
17:30 | 255.77 | 255.82 | 254.70 | 255.07 | 3231543 
17:45 | 255.08 | 256.64 | 255.03 | 256.05 | 3253522 
18:00 | 256.07 | 256.31 | 254.75 | 255.47 | 2994513 
18:15 | 255.47 | 255.51 | 253.58 | 253.72 | 2875269 
18:30 | 253.73 | 254.08 | 253.16 | 253.85 | 2284674 
18:45 | 253.85 | 254.22 | 253.41 | 254.21 | 1461353 
19:00 | 254.21 | 254.39 | 253.52 | 254.01 | 1402653 
19:15 | 254.01 | 254.73 | 253.93 | 254.59 | 1244763 
19:30 | 254.58 | 254.94 | 254.23 | 254.58 | 1169429 
19:45 | 254.58 | 254.62 | 253.90 | 254.11 | 840091 
20:00 | 254.10 | 254.84 | 254.02 | 254.77 | 939820 
20:15 | 254.76 | 255.26 | 254.61 | 255.25 | 973377 
20:30 | 255.25 | 255.77 | 254.73 | 255.39 | 1537579 
20:45 | 255.39 | 255.70 | 255.09 | 255.40 | 1236534 
21:00 | 255.40 | 255.73 | 255.31 | 255.45 | 1454900 
21:15 | 255.45 | 256.06 | 255.40 | 255.79 | 1546704 
21:30 | 255.80 | 256.04 | 255.61 | 255.83 | 1853473 
21:45 | 255.82 | 256.26 | 255.32 | 256.09 | 5415817 
15:30 | 255.83 | 257.34 | 255.28 | 255.51 | 5144432 
15:45 | 255.47 | 256.66 | 255.47 | 256.20 | 2035269 
16:00 | 256.21 | 256.45 | 255.52 | 256.25 | 1807541 
RESULTADO: EXITO
============================================================


============================================================
ANALISIS: AAPL | C1_SQUEEZE_CALL | ENTRADA: 256.05 | TP: 257.55 | SL: 253.05
Hora  |  Open  |  High  |  Low   |  Close |  Vol
17:00 | 242.85 | 243.00 | 242.16 | 242.22 | 1706273 
17:15 | 242.22 | 242.29 | 241.80 | 242.28 | 1415852 
17:30 | 242.27 | 242.87 | 242.04 | 242.64 | 1360920 
17:45 | 242.64 | 243.39 | 242.33 | 243.29 | 1197071 
18:00 | 243.27 | 244.28 | 243.17 | 244.28 | 1812348 
18:15 | 244.28 | 244.57 | 243.83 | 244.52 | 2003473 
18:30 | 244.51 | 245.80 | 244.26 | 245.54 | 2890861 
18:45 | 245.53 | 245.92 | 245.10 | 245.16 | 2264348 
19:00 | 245.16 | 245.50 | 244.90 | 245.18 | 1397300 
19:15 | 245.18 | 245.42 | 245.03 | 245.25 | 1179558 
19:30 | 245.24 | 245.52 | 244.90 | 245.36 | 1229351 
19:45 | 245.37 | 245.83 | 245.03 | 245.40 | 1241331 
20:00 | 245.41 | 246.13 | 244.95 | 246.13 | 1785804 
20:15 | 246.13 | 246.27 | 245.40 | 245.49 | 1828377 
20:30 | 245.49 | 246.10 | 245.34 | 245.82 | 1280781 
20:45 | 245.81 | 245.91 | 245.19 | 245.51 | 1222272 
21:00 | 245.50 | 245.80 | 245.44 | 245.70 | 1365851 
21:15 | 245.69 | 245.89 | 245.47 | 245.61 | 1562720 
21:30 | 245.60 | 245.94 | 244.81 | 244.84 | 2512026 
21:45 | 244.86 | 246.19 | 244.74 | 245.28 | 7858554 
15:30 | 248.30 | 251.28 | 248.12 | 250.66 | 8991765 
15:45 | 250.65 | 251.35 | 250.02 | 251.09 | 3452519 
16:00 | 251.11 | 252.23 | 250.78 | 251.57 | 3384275 
16:15 | 251.57 | 252.74 | 251.47 | 252.67 | 2980455 
16:30 | 252.66 | 252.93 | 252.08 | 252.46 | 2203747 
16:45 | 252.45 | 253.69 | 252.34 | 253.60 | 2468891 
17:00 | 253.62 | 254.73 | 253.38 | 254.64 | 3959462 [ENTRADA]
17:15 | 254.64 | 256.08 | 254.58 | 255.79 | 4717420 
17:30 | 255.77 | 255.82 | 254.70 | 255.07 | 3231543 
17:45 | 255.08 | 256.64 | 255.03 | 256.05 | 3253522 
18:00 | 256.07 | 256.31 | 254.75 | 255.47 | 2994513 
18:15 | 255.47 | 255.51 | 253.58 | 253.72 | 2875269 
18:30 | 253.73 | 254.08 | 253.16 | 253.85 | 2284674 
18:45 | 253.85 | 254.22 | 253.41 | 254.21 | 1461353 
19:00 | 254.21 | 254.39 | 253.52 | 254.01 | 1402653 
19:15 | 254.01 | 254.73 | 253.93 | 254.59 | 1244763 
19:30 | 254.58 | 254.94 | 254.23 | 254.58 | 1169429 
19:45 | 254.58 | 254.62 | 253.90 | 254.11 | 840091 
20:00 | 254.10 | 254.84 | 254.02 | 254.77 | 939820 
20:15 | 254.76 | 255.26 | 254.61 | 255.25 | 973377 
20:30 | 255.25 | 255.77 | 254.73 | 255.39 | 1537579 
20:45 | 255.39 | 255.70 | 255.09 | 255.40 | 1236534 
21:00 | 255.40 | 255.73 | 255.31 | 255.45 | 1454900 
21:15 | 255.45 | 256.06 | 255.40 | 255.79 | 1546704 
21:30 | 255.80 | 256.04 | 255.61 | 255.83 | 1853473 
21:45 | 255.82 | 256.26 | 255.32 | 256.09 | 5415817 
15:30 | 255.83 | 257.34 | 255.28 | 255.51 | 5144432 
15:45 | 255.47 | 256.66 | 255.47 | 256.20 | 2035269 
16:00 | 256.21 | 256.45 | 255.52 | 256.25 | 1807541 
16:15 | 256.23 | 257.00 | 255.75 | 256.62 | 1826576 
16:30 | 256.61 | 256.72 | 255.65 | 255.74 | 1345318 
16:45 | 255.77 | 255.79 | 255.00 | 255.29 | 2004515 
17:00 | 255.31 | 255.85 | 255.22 | 255.84 | 968003 
RESULTADO: EN CURSO
============================================================


============================================================
ANALISIS: MSFT | C1_SQUEEZE_CALL | ENTRADA: 528.60 | TP: 530.10 | SL: 525.60
Hora  |  Open  |  High  |  Low   |  Close |  Vol
19:00 | 519.12 | 519.15 | 518.30 | 518.99 | 192736 
19:15 | 518.95 | 519.48 | 518.03 | 518.06 | 147664 
19:30 | 518.03 | 518.70 | 517.67 | 518.17 | 149197 
19:45 | 518.20 | 518.29 | 517.30 | 517.60 | 262798 
20:00 | 517.63 | 518.09 | 516.67 | 517.88 | 184470 
20:15 | 517.88 | 518.95 | 517.85 | 518.37 | 231185 
20:30 | 518.38 | 518.42 | 517.46 | 517.56 | 131091 
20:45 | 517.55 | 517.69 | 516.88 | 517.32 | 119963 
21:00 | 517.31 | 518.32 | 517.20 | 518.06 | 161675 
21:15 | 518.05 | 518.20 | 517.61 | 517.72 | 157045 
21:30 | 517.69 | 517.82 | 517.38 | 517.40 | 206689 
21:45 | 517.39 | 517.77 | 516.76 | 517.35 | 560218 
15:30 | 518.61 | 523.15 | 518.20 | 521.67 | 1077502 
15:45 | 521.72 | 524.25 | 521.14 | 523.01 | 484248 
16:00 | 523.02 | 523.57 | 521.17 | 522.74 | 311454 
16:15 | 522.79 | 523.60 | 522.16 | 522.53 | 239574 
16:30 | 522.52 | 524.05 | 522.45 | 523.39 | 300337 
16:45 | 523.46 | 524.57 | 523.12 | 524.25 | 267983 
17:00 | 524.20 | 524.50 | 523.59 | 524.08 | 193012 
17:15 | 524.10 | 524.22 | 523.56 | 523.74 | 180287 
17:30 | 523.75 | 524.51 | 523.38 | 524.04 | 168341 
17:45 | 524.04 | 525.22 | 524.03 | 525.19 | 310873 
18:00 | 525.21 | 525.39 | 523.97 | 524.02 | 180630 
18:15 | 524.06 | 524.33 | 523.31 | 523.42 | 184235 
18:30 | 523.43 | 524.03 | 523.34 | 523.84 | 149569 
18:45 | 523.86 | 524.05 | 523.55 | 523.83 | 143571 
19:00 | 523.81 | 524.37 | 523.70 | 524.28 | 148382 [ENTRADA]
19:15 | 524.30 | 525.35 | 524.16 | 524.87 | 194529 
19:30 | 524.89 | 527.05 | 524.76 | 526.18 | 416774 
19:45 | 526.18 | 529.05 | 526.13 | 528.60 | 521746 
20:00 | 528.60 | 528.94 | 527.33 | 528.89 | 343069 
20:15 | 528.93 | 530.05 | 528.35 | 529.95 | 428726 
20:30 | 529.93 | 530.69 | 529.12 | 529.55 | 494163 
20:45 | 529.52 | 529.74 | 529.01 | 529.64 | 324327 
21:00 | 529.60 | 530.07 | 529.39 | 529.62 | 346772 
21:15 | 529.63 | 529.95 | 528.57 | 528.76 | 292046 
21:30 | 528.77 | 530.41 | 528.70 | 530.36 | 358161 
21:45 | 530.35 | 531.03 | 528.13 | 528.52 | 1164853 
15:30 | 528.29 | 529.80 | 525.41 | 525.62 | 940124 
15:45 | 525.60 | 526.44 | 524.06 | 525.05 | 505222 
16:00 | 525.08 | 526.71 | 524.95 | 525.77 | 304588 
16:15 | 525.78 | 527.28 | 525.53 | 526.33 | 225236 
16:30 | 526.27 | 527.50 | 526.19 | 527.36 | 201209 
16:45 | 527.32 | 527.42 | 524.92 | 526.01 | 197149 
17:00 | 526.10 | 526.24 | 524.05 | 525.21 | 392172 
17:15 | 525.23 | 525.62 | 524.32 | 524.79 | 222644 
17:30 | 524.70 | 524.84 | 523.95 | 524.07 | 311288 
17:45 | 524.18 | 524.30 | 522.47 | 522.86 | 425827 
18:00 | 522.81 | 523.51 | 522.30 | 522.72 | 208049 
18:15 | 522.62 | 523.38 | 522.32 | 523.30 | 134335 
18:30 | 523.33 | 524.45 | 522.97 | 523.38 | 214866 
18:45 | 523.35 | 523.44 | 521.92 | 522.46 | 231511 
19:00 | 522.48 | 522.97 | 521.85 | 522.63 | 146044 
RESULTADO: FALLO
============================================================


============================================================
ANALISIS: NVDA | C1_SQUEEZE_CALL | ENTRADA: 178.89 | TP: 180.39 | SL: 174.39
Hora  |  Open  |  High  |  Low   |  Close |  Vol
16:00 | 168.38 | 168.74 | 167.49 | 168.33 | 7204497 
16:15 | 168.30 | 168.45 | 167.92 | 168.08 | 3844935 
16:30 | 168.07 | 168.14 | 166.97 | 167.20 | 6377796 
16:45 | 167.20 | 167.64 | 166.74 | 167.41 | 5399225 
17:00 | 167.41 | 167.79 | 167.22 | 167.50 | 3623542 
17:15 | 167.51 | 167.83 | 167.49 | 167.75 | 2879253 
17:30 | 167.75 | 167.84 | 167.44 | 167.68 | 2356882 
17:45 | 167.67 | 168.36 | 167.66 | 168.09 | 3277496 
18:00 | 168.09 | 168.80 | 168.04 | 168.67 | 3158592 
18:15 | 168.66 | 168.93 | 168.41 | 168.71 | 3372674 
18:30 | 168.71 | 168.80 | 168.44 | 168.55 | 1753877 
18:45 | 168.54 | 168.59 | 168.24 | 168.25 | 1889191 
19:00 | 168.26 | 168.46 | 168.06 | 168.08 | 2058837 
19:15 | 168.08 | 168.24 | 167.93 | 168.09 | 2358230 
19:30 | 168.09 | 168.11 | 167.84 | 167.90 | 2118556 
19:45 | 167.90 | 168.33 | 167.86 | 168.09 | 2560001 
20:00 | 168.09 | 168.44 | 167.96 | 168.44 | 2307690 
20:15 | 168.44 | 168.60 | 168.22 | 168.25 | 2035103 
20:30 | 168.26 | 168.46 | 168.13 | 168.34 | 1796666 
20:45 | 168.33 | 169.05 | 168.33 | 169.03 | 3188714 
21:00 | 169.04 | 169.42 | 169.01 | 169.33 | 3838575 
21:15 | 169.33 | 170.37 | 169.31 | 170.24 | 6306693 
21:30 | 170.24 | 170.47 | 169.84 | 170.05 | 5604888 
21:45 | 170.05 | 170.98 | 169.85 | 170.76 | 8840153 
15:30 | 176.64 | 178.95 | 175.47 | 178.56 | 30480350 
15:45 | 178.58 | 178.88 | 177.06 | 177.18 | 11700134 
16:00 | 177.18 | 178.20 | 176.81 | 176.90 | 9923301 [ENTRADA]
16:15 | 176.90 | 177.86 | 176.82 | 177.65 | 7613662 
16:30 | 177.65 | 178.69 | 177.60 | 178.68 | 8279787 
16:45 | 178.68 | 179.19 | 178.32 | 178.89 | 9573475 
17:00 | 178.89 | 179.29 | 178.62 | 178.99 | 6157323 
17:15 | 179.00 | 179.22 | 178.12 | 178.61 | 5817589 
17:30 | 178.62 | 178.73 | 177.70 | 177.78 | 4319098 
17:45 | 177.77 | 178.20 | 177.72 | 177.85 | 3684160 
18:00 | 177.85 | 178.04 | 177.51 | 177.81 | 3709895 
18:15 | 177.81 | 178.03 | 177.48 | 177.99 | 3258635 
18:30 | 177.98 | 178.08 | 177.37 | 177.38 | 3011583 
18:45 | 177.38 | 177.86 | 177.38 | 177.68 | 2617618 
19:00 | 177.67 | 178.06 | 177.41 | 177.92 | 3324533 
19:15 | 177.92 | 178.16 | 177.82 | 178.01 | 2720644 
19:30 | 178.00 | 178.32 | 177.83 | 178.01 | 2893519 
19:45 | 177.99 | 177.99 | 177.47 | 177.68 | 2590691 
20:00 | 177.68 | 177.70 | 177.25 | 177.36 | 2671847 
20:15 | 177.36 | 177.36 | 176.15 | 176.28 | 5562483 
20:30 | 176.27 | 176.71 | 176.16 | 176.52 | 4038694 
20:45 | 176.52 | 176.71 | 176.20 | 176.64 | 2902992 
21:00 | 176.64 | 176.77 | 176.03 | 176.06 | 3287998 
21:15 | 176.06 | 176.77 | 175.96 | 176.72 | 4772569 
21:30 | 176.73 | 177.15 | 176.68 | 177.13 | 4851010 
21:45 | 177.13 | 177.98 | 177.07 | 177.30 | 9675049 
15:30 | 179.68 | 180.28 | 177.61 | 177.97 | 15611980 
15:45 | 177.98 | 178.44 | 177.70 | 177.84 | 7052301 
16:00 | 177.84 | 178.28 | 176.92 | 177.06 | 7235486 
RESULTADO: EN CURSO
============================================================


============================================================
ANALISIS: AMD | C1_SQUEEZE_CALL | ENTRADA: 161.73 | TP: 163.23 | SL: 158.73
Hora  |  Open  |  High  |  Low   |  Close |  Vol
16:00 | 152.92 | 153.78 | 152.05 | 153.52 | 2435171 
16:15 | 153.53 | 154.12 | 153.44 | 153.90 | 1523283 
16:30 | 153.88 | 153.88 | 152.89 | 153.26 | 1563585 
16:45 | 153.20 | 153.90 | 153.09 | 153.85 | 1013175 
17:00 | 153.84 | 154.03 | 153.36 | 154.00 | 959021 
17:15 | 153.99 | 154.25 | 153.37 | 153.52 | 1144340 
17:30 | 153.50 | 153.63 | 153.00 | 153.14 | 705056 
17:45 | 153.12 | 153.51 | 153.09 | 153.31 | 829834 
18:00 | 153.33 | 154.43 | 153.15 | 154.16 | 1158034 
18:15 | 154.16 | 154.58 | 153.80 | 154.31 | 868670 
18:30 | 154.31 | 154.44 | 153.71 | 153.74 | 561612 
18:45 | 153.72 | 153.88 | 153.55 | 153.77 | 534475 
19:00 | 153.77 | 154.32 | 153.75 | 154.12 | 628098 
19:15 | 154.14 | 154.70 | 154.10 | 154.23 | 807030 
19:30 | 154.23 | 154.68 | 154.21 | 154.40 | 701105 
19:45 | 154.40 | 154.78 | 154.35 | 154.57 | 483224 
20:00 | 154.58 | 155.29 | 154.57 | 155.22 | 1194058 
20:15 | 155.21 | 155.45 | 154.98 | 155.35 | 664758 
20:30 | 155.35 | 155.52 | 155.23 | 155.41 | 666934 
20:45 | 155.40 | 155.67 | 155.30 | 155.38 | 590344 
21:00 | 155.37 | 155.48 | 155.02 | 155.09 | 622294 
21:15 | 155.09 | 155.37 | 154.91 | 155.30 | 955404 
21:30 | 155.30 | 155.65 | 155.20 | 155.40 | 806596 
21:45 | 155.40 | 156.66 | 155.33 | 155.83 | 2279168 
15:30 | 163.54 | 164.53 | 159.58 | 160.12 | 6910645 
15:45 | 160.15 | 160.84 | 158.92 | 159.15 | 3302883 
16:00 | 159.14 | 161.19 | 159.05 | 160.04 | 3011887 [ENTRADA]
16:15 | 160.06 | 161.50 | 159.95 | 161.28 | 2019273 
16:30 | 161.28 | 161.63 | 161.01 | 161.16 | 1303703 
16:45 | 161.15 | 161.85 | 160.93 | 161.73 | 1399943 
17:00 | 161.71 | 162.30 | 161.68 | 162.03 | 1175925 
17:15 | 162.03 | 162.05 | 160.90 | 161.46 | 1470286 
17:30 | 161.47 | 161.52 | 160.87 | 161.09 | 990603 
17:45 | 161.10 | 161.80 | 161.05 | 161.55 | 662283 
18:00 | 161.56 | 161.66 | 160.75 | 160.99 | 690647 
18:15 | 160.97 | 161.13 | 160.52 | 160.52 | 1005410 
18:30 | 160.52 | 160.99 | 160.31 | 160.31 | 747447 
18:45 | 160.33 | 160.67 | 160.18 | 160.37 | 461527 
19:00 | 160.36 | 160.48 | 160.06 | 160.26 | 531861 
19:15 | 160.27 | 160.80 | 160.10 | 160.74 | 610203 
19:30 | 160.74 | 161.38 | 160.67 | 161.11 | 951271 
19:45 | 161.11 | 161.35 | 160.18 | 160.23 | 728873 
20:00 | 160.21 | 160.36 | 159.30 | 159.49 | 1036992 
20:15 | 159.47 | 159.48 | 158.60 | 158.71 | 1496134 
20:30 | 158.70 | 159.05 | 158.63 | 158.81 | 737433 
20:45 | 158.84 | 158.93 | 158.42 | 158.74 | 716468 
21:00 | 158.74 | 159.07 | 158.07 | 158.10 | 1088853 
21:15 | 158.11 | 158.55 | 158.00 | 158.44 | 953944 
21:30 | 158.45 | 159.15 | 158.44 | 159.13 | 1009373 
21:45 | 159.12 | 159.83 | 159.04 | 159.52 | 2065257 
15:30 | 158.59 | 160.21 | 156.85 | 157.34 | 3938961 
15:45 | 157.34 | 157.60 | 156.72 | 156.99 | 2251128 
16:00 | 156.99 | 157.27 | 156.17 | 156.25 | 2330945 
RESULTADO: FALLO
============================================================


============================================================
ANALISIS: NVDA | C1_SQUEEZE_CALL | ENTRADA: 183.84 | TP: 185.34 | SL: 179.34
Hora  |  Open  |  High  |  Low   |  Close |  Vol
18:00 | 176.39 | 176.47 | 175.95 | 175.98 | 2831523 
18:15 | 175.99 | 176.20 | 175.94 | 176.07 | 2269314 
18:30 | 176.06 | 176.10 | 175.71 | 175.96 | 2792290 
18:45 | 175.95 | 176.02 | 175.72 | 175.79 | 1905724 
19:00 | 175.79 | 175.92 | 175.70 | 175.75 | 1829987 
19:15 | 175.75 | 175.92 | 175.56 | 175.89 | 2598107 
19:30 | 175.89 | 176.23 | 175.84 | 176.00 | 2997294 
19:45 | 176.01 | 176.21 | 175.71 | 175.78 | 2205572 
20:00 | 175.78 | 175.90 | 175.62 | 175.81 | 2309513 
20:15 | 175.81 | 175.89 | 175.57 | 175.60 | 2409949 
20:30 | 175.59 | 176.02 | 175.55 | 175.95 | 2483966 
20:45 | 175.95 | 176.21 | 175.87 | 176.11 | 2402569 
21:00 | 176.11 | 176.29 | 175.99 | 176.15 | 2631975 
21:15 | 176.16 | 176.48 | 175.88 | 176.31 | 4012083 
21:30 | 176.31 | 176.42 | 176.02 | 176.08 | 3636009 
21:45 | 176.08 | 178.00 | 175.55 | 176.51 | 10816525 
15:30 | 175.30 | 175.95 | 174.70 | 175.67 | 9365647 
15:45 | 175.68 | 176.07 | 175.24 | 175.46 | 4877247 
16:00 | 175.47 | 175.73 | 175.12 | 175.41 | 4553128 
16:15 | 175.41 | 175.44 | 174.99 | 175.42 | 4026647 
16:30 | 175.42 | 176.04 | 175.27 | 175.97 | 3991469 
16:45 | 175.97 | 176.08 | 175.68 | 175.75 | 2958400 
17:00 | 175.74 | 175.96 | 175.46 | 175.49 | 2566245 
17:15 | 175.48 | 175.60 | 175.27 | 175.46 | 2629430 
17:30 | 175.47 | 175.92 | 175.40 | 175.87 | 2548426 
17:45 | 175.87 | 175.99 | 175.41 | 175.50 | 2569425 
18:00 | 175.50 | 180.38 | 175.49 | 180.37 | 21625991 [ENTRADA]
18:15 | 180.38 | 182.49 | 180.07 | 182.20 | 24702942 
18:30 | 182.20 | 183.82 | 182.03 | 183.52 | 18589160 
18:45 | 183.52 | 184.55 | 182.68 | 183.84 | 14876556 
19:00 | 183.84 | 184.07 | 183.07 | 183.13 | 8974272 
19:15 | 183.13 | 183.35 | 182.41 | 183.00 | 7878820 
19:30 | 182.99 | 183.06 | 182.33 | 182.96 | 5473720 
19:45 | 182.95 | 183.69 | 182.85 | 183.08 | 5791459 
20:00 | 183.08 | 183.25 | 182.51 | 182.86 | 4863141 
20:15 | 182.87 | 183.25 | 182.62 | 182.69 | 4259699 
20:30 | 182.69 | 183.04 | 182.52 | 182.95 | 4476853 
20:45 | 182.95 | 183.36 | 182.84 | 183.33 | 4229756 
21:00 | 183.32 | 183.96 | 183.32 | 183.90 | 6272104 
21:15 | 183.89 | 183.92 | 183.02 | 183.26 | 5970178 
21:30 | 183.27 | 183.33 | 182.64 | 182.97 | 5753666 
21:45 | 182.97 | 183.81 | 182.81 | 183.61 | 13391701 
15:30 | 181.97 | 182.42 | 179.86 | 179.98 | 16138009 
15:45 | 179.96 | 180.78 | 179.35 | 179.56 | 9858689 
16:00 | 179.57 | 180.24 | 179.14 | 180.18 | 8282168 
16:15 | 180.17 | 180.82 | 179.88 | 180.65 | 6711738 
16:30 | 180.66 | 180.77 | 179.58 | 179.70 | 5631420 
16:45 | 179.70 | 180.22 | 179.41 | 179.84 | 4939851 
17:00 | 179.85 | 180.55 | 179.67 | 180.29 | 3900949 
17:15 | 180.30 | 180.53 | 180.10 | 180.22 | 2733605 
17:30 | 180.23 | 180.37 | 179.85 | 180.21 | 3084475 
17:45 | 180.21 | 180.33 | 179.91 | 179.96 | 2605382 
18:00 | 179.97 | 180.14 | 179.35 | 179.65 | 3803763 
RESULTADO: FALLO
============================================================


============================================================
ANALISIS: MSFT | C1_SQUEEZE_CALL | ENTRADA: 524.91 | TP: 526.41 | SL: 521.91
Hora  |  Open  |  High  |  Low   |  Close |  Vol
16:00 | 517.99 | 518.28 | 515.12 | 515.98 | 380484 
16:15 | 515.96 | 516.18 | 514.75 | 514.86 | 250691 
16:30 | 514.86 | 515.58 | 514.10 | 515.22 | 274217 
16:45 | 515.28 | 516.58 | 514.84 | 516.51 | 243550 
17:00 | 516.51 | 517.56 | 516.35 | 516.69 | 278651 
17:15 | 516.72 | 516.74 | 515.90 | 516.05 | 178476 
17:30 | 516.08 | 516.21 | 515.60 | 515.75 | 149195 
17:45 | 515.77 | 516.17 | 515.66 | 515.76 | 130851 
18:00 | 515.76 | 516.14 | 515.55 | 515.70 | 144845 
18:15 | 515.72 | 516.03 | 515.55 | 515.73 | 160588 
18:30 | 515.73 | 515.89 | 515.20 | 515.43 | 140972 
18:45 | 515.43 | 515.64 | 514.34 | 514.45 | 232275 
19:00 | 514.40 | 514.95 | 513.04 | 514.95 | 407826 
19:15 | 514.94 | 514.94 | 513.77 | 514.21 | 258689 
19:30 | 514.24 | 514.55 | 513.84 | 514.38 | 200968 
19:45 | 514.37 | 515.01 | 513.64 | 514.90 | 207292 
20:00 | 514.90 | 516.44 | 514.89 | 515.87 | 239252 
20:15 | 515.90 | 516.16 | 515.57 | 516.01 | 172238 
20:30 | 516.04 | 516.48 | 515.91 | 516.07 | 194679 
20:45 | 516.12 | 517.19 | 515.88 | 517.10 | 211248 
21:00 | 517.05 | 517.15 | 516.41 | 517.00 | 276258 
21:15 | 517.00 | 517.63 | 516.68 | 517.20 | 209907 
21:30 | 517.16 | 517.48 | 516.98 | 517.34 | 159653 
21:45 | 517.37 | 518.35 | 517.23 | 517.77 | 697583 
15:30 | 521.15 | 523.54 | 519.07 | 523.23 | 989867 
15:45 | 523.27 | 523.46 | 521.70 | 522.44 | 478708 
16:00 | 522.40 | 524.21 | 522.30 | 522.33 | 527919 [ENTRADA]
16:15 | 522.36 | 524.01 | 521.80 | 523.47 | 386658 
16:30 | 523.51 | 523.95 | 521.20 | 522.65 | 438197 
16:45 | 522.58 | 524.91 | 522.00 | 524.91 | 524917 
17:00 | 524.91 | 525.23 | 522.95 | 523.40 | 463920 
17:15 | 523.40 | 523.91 | 522.02 | 522.75 | 332580 
17:30 | 522.69 | 523.57 | 522.50 | 522.56 | 293196 
17:45 | 522.49 | 523.87 | 522.49 | 523.65 | 205161 
18:00 | 523.61 | 524.17 | 522.79 | 522.79 | 217897 
18:15 | 522.83 | 523.61 | 522.08 | 523.00 | 256132 
18:30 | 523.06 | 523.47 | 520.98 | 522.49 | 511028 
18:45 | 522.41 | 523.26 | 521.74 | 522.91 | 292769 
19:00 | 522.89 | 523.10 | 520.73 | 520.73 | 127469 
19:15 | 520.80 | 521.35 | 520.10 | 520.55 | 192671 
19:30 | 520.45 | 520.46 | 518.19 | 518.55 | 212007 
19:45 | 518.57 | 518.95 | 517.71 | 518.81 | 171399 
20:00 | 518.77 | 519.79 | 518.77 | 519.15 | 203783 
20:15 | 519.05 | 520.30 | 518.62 | 519.33 | 135577 
20:30 | 519.33 | 520.09 | 519.05 | 519.90 | 147254 
20:45 | 519.85 | 520.05 | 519.08 | 519.49 | 115207 
21:00 | 519.50 | 520.18 | 518.95 | 519.71 | 182813 
21:15 | 519.68 | 520.18 | 519.21 | 520.01 | 178859 
21:30 | 520.03 | 520.98 | 520.00 | 520.21 | 229341 
21:45 | 520.18 | 520.96 | 519.60 | 520.48 | 539608 
15:30 | 522.40 | 523.20 | 518.61 | 520.58 | 691613 
15:45 | 520.58 | 523.10 | 520.57 | 521.90 | 422904 
16:00 | 521.68 | 522.44 | 520.80 | 521.60 | 274664 
RESULTADO: FALLO
============================================================


============================================================
ANALISIS: TSLA | C1_SQUEEZE_CALL | ENTRADA: 458.68 | TP: 460.18 | SL: 454.18
Hora  |  Open  |  High  |  Low   |  Close |  Vol
16:00 | 438.43 | 440.00 | 437.72 | 438.53 | 2358350 
16:15 | 438.53 | 439.62 | 437.48 | 438.66 | 1988666 
16:30 | 438.65 | 439.27 | 436.78 | 438.46 | 2103726 
16:45 | 438.48 | 440.21 | 438.05 | 439.98 | 1931927 
17:00 | 439.96 | 440.80 | 438.86 | 439.05 | 1481928 
17:15 | 439.06 | 439.35 | 437.10 | 437.98 | 1650687 
17:30 | 437.93 | 438.35 | 433.12 | 435.01 | 3047775 
17:45 | 435.01 | 435.76 | 434.53 | 435.47 | 1722898 
18:00 | 435.49 | 436.09 | 434.51 | 435.15 | 1294934 
18:15 | 435.15 | 436.20 | 434.61 | 434.89 | 1168370 
18:30 | 434.80 | 436.16 | 434.79 | 436.05 | 804431 
18:45 | 436.06 | 437.15 | 434.82 | 436.80 | 1280489 
19:00 | 436.81 | 437.85 | 436.33 | 437.54 | 1233684 
19:15 | 437.52 | 437.92 | 436.17 | 437.46 | 1163537 
19:30 | 437.50 | 438.15 | 436.44 | 437.64 | 1024096 
19:45 | 437.61 | 439.78 | 437.51 | 438.34 | 1674363 
20:00 | 438.30 | 440.21 | 438.24 | 440.15 | 1462751 
20:15 | 440.15 | 444.41 | 440.15 | 443.39 | 3225804 
20:30 | 443.35 | 443.88 | 442.59 | 443.33 | 1921487 
20:45 | 443.33 | 443.95 | 441.77 | 441.98 | 1871245 
21:00 | 442.01 | 443.28 | 441.36 | 441.44 | 1580069 
21:15 | 441.44 | 444.25 | 441.25 | 444.04 | 1934201 
21:30 | 444.03 | 444.44 | 443.00 | 443.38 | 1869006 
21:45 | 443.38 | 445.00 | 443.28 | 444.54 | 3080177 
15:30 | 443.72 | 449.50 | 440.75 | 446.91 | 6207758 
15:45 | 446.91 | 448.60 | 444.85 | 445.70 | 4075578 
16:00 | 445.72 | 450.71 | 445.15 | 450.67 | 4019998 [ENTRADA]
16:15 | 450.65 | 456.29 | 449.30 | 455.67 | 5663943 
16:30 | 455.70 | 455.79 | 453.12 | 454.78 | 2987546 
16:45 | 454.79 | 458.78 | 454.10 | 458.68 | 3585524 
17:00 | 458.67 | 458.88 | 455.40 | 457.02 | 2479909 
17:15 | 456.92 | 457.25 | 453.46 | 454.86 | 2361137 
17:30 | 454.85 | 455.38 | 453.40 | 453.43 | 1444557 
17:45 | 453.44 | 455.70 | 452.48 | 455.45 | 1951168 
18:00 | 455.47 | 455.71 | 454.18 | 454.92 | 1262230 
18:15 | 454.87 | 456.43 | 454.35 | 456.21 | 1487185 
18:30 | 456.25 | 458.51 | 455.90 | 456.52 | 2334695 
18:45 | 456.50 | 456.99 | 455.55 | 456.94 | 1476959 
19:00 | 456.96 | 458.47 | 456.87 | 457.85 | 1824766 
19:15 | 457.85 | 459.07 | 457.73 | 458.47 | 1599327 
19:30 | 458.50 | 460.17 | 458.20 | 459.34 | 2363924 
19:45 | 459.33 | 459.95 | 457.90 | 458.32 | 1649748 
20:00 | 458.32 | 461.19 | 458.10 | 461.10 | 2490329 
20:15 | 461.13 | 461.16 | 459.10 | 459.36 | 1759626 
20:30 | 459.35 | 460.50 | 459.19 | 459.73 | 1490949 
20:45 | 459.78 | 460.60 | 459.65 | 460.11 | 1181887 
21:00 | 460.13 | 461.43 | 459.49 | 460.63 | 2117329 
21:15 | 460.63 | 461.01 | 459.92 | 460.20 | 1546102 
21:30 | 460.22 | 461.17 | 459.96 | 461.02 | 1920826 
21:45 | 461.04 | 462.27 | 459.01 | 459.47 | 4028533 
15:30 | 470.54 | 470.75 | 454.60 | 454.74 | 9409141 
15:45 | 454.73 | 461.76 | 453.36 | 456.65 | 7089716 
16:00 | 456.73 | 459.55 | 455.84 | 456.44 | 3970349 
RESULTADO: FALLO
============================================================


============================================================
ANALISIS: NVDA | C1_SQUEEZE_CALL | ENTRADA: 186.87 | TP: 188.37 | SL: 182.37
Hora  |  Open  |  High  |  Low   |  Close |  Vol
16:00 | 183.11 | 183.63 | 182.68 | 183.03 | 7420317 
16:15 | 183.04 | 183.62 | 182.54 | 183.38 | 6814675 
16:30 | 183.38 | 183.52 | 182.83 | 183.35 | 5845269 
16:45 | 183.35 | 183.88 | 183.06 | 183.62 | 6464665 
17:00 | 183.61 | 183.76 | 182.62 | 182.78 | 5553488 
17:15 | 182.79 | 183.09 | 182.16 | 182.33 | 5868134 
17:30 | 182.33 | 182.52 | 181.97 | 182.38 | 4359677 
17:45 | 182.38 | 182.57 | 181.80 | 182.13 | 4511947 
18:00 | 182.13 | 182.24 | 181.58 | 181.94 | 3496767 
18:15 | 181.94 | 182.11 | 181.44 | 182.03 | 3351409 
18:30 | 182.04 | 182.31 | 181.97 | 181.99 | 2736008 
18:45 | 181.98 | 182.17 | 181.61 | 181.72 | 2605589 
19:00 | 181.73 | 181.90 | 181.28 | 181.77 | 2728526 
19:15 | 181.77 | 182.07 | 181.58 | 181.90 | 2425735 
19:30 | 181.90 | 182.16 | 181.72 | 181.95 | 2248155 
19:45 | 181.95 | 182.22 | 181.68 | 182.17 | 2285431 
20:00 | 182.16 | 182.27 | 181.82 | 182.13 | 2092101 
20:15 | 182.12 | 182.16 | 181.69 | 181.71 | 2100726 
20:30 | 181.70 | 181.85 | 181.48 | 181.65 | 2492899 
20:45 | 181.64 | 181.83 | 181.48 | 181.72 | 2462392 
21:00 | 181.72 | 181.74 | 181.02 | 181.13 | 3337880 
21:15 | 181.13 | 181.14 | 180.67 | 180.90 | 4107159 
21:30 | 180.89 | 181.39 | 180.87 | 181.31 | 3377564 
21:45 | 181.31 | 183.00 | 181.28 | 181.83 | 8720289 
15:30 | 182.10 | 183.15 | 181.48 | 183.13 | 10626908 
15:45 | 183.12 | 183.58 | 182.16 | 183.55 | 8400685 
16:00 | 183.55 | 184.94 | 183.39 | 184.12 | 14230952 [ENTRADA]
16:15 | 184.10 | 184.84 | 183.84 | 184.74 | 8239489 
16:30 | 184.74 | 186.27 | 184.55 | 185.68 | 13650966 
16:45 | 185.68 | 187.23 | 185.62 | 186.87 | 11704521 
17:00 | 186.86 | 187.35 | 186.44 | 186.90 | 8055920 
17:15 | 186.91 | 186.92 | 185.80 | 186.30 | 6874203 
17:30 | 186.30 | 186.62 | 185.60 | 185.87 | 4839817 
17:45 | 185.86 | 186.86 | 185.84 | 186.67 | 4917870 
18:00 | 186.66 | 187.12 | 186.39 | 186.61 | 5057304 
18:15 | 186.61 | 187.12 | 186.46 | 186.74 | 4691328 
18:30 | 186.74 | 186.95 | 186.17 | 186.42 | 3610917 
18:45 | 186.42 | 186.48 | 185.90 | 186.17 | 3444276 
19:00 | 186.16 | 186.22 | 185.75 | 185.90 | 4054830 
19:15 | 185.90 | 186.28 | 185.32 | 185.63 | 4799923 
19:30 | 185.62 | 185.85 | 185.23 | 185.59 | 4004795 
19:45 | 185.59 | 186.23 | 185.58 | 185.95 | 3037148 
20:00 | 185.94 | 186.28 | 185.72 | 186.27 | 2685191 
20:15 | 186.27 | 186.50 | 186.12 | 186.27 | 3050994 
20:30 | 186.27 | 186.31 | 185.90 | 186.20 | 2534544 
20:45 | 186.20 | 186.30 | 185.95 | 185.99 | 2259457 
21:00 | 185.99 | 186.03 | 185.24 | 185.29 | 4165190 
21:15 | 185.30 | 186.00 | 185.01 | 185.89 | 5281257 
21:30 | 185.89 | 186.02 | 185.30 | 185.40 | 4187545 
21:45 | 185.40 | 186.80 | 185.34 | 186.45 | 12791256 
15:30 | 185.21 | 186.10 | 184.42 | 185.05 | 13008282 
15:45 | 185.05 | 185.49 | 183.90 | 184.21 | 8328306 
16:00 | 184.19 | 185.49 | 184.02 | 185.22 | 6140057 
RESULTADO: EN CURSO
============================================================


============================================================
ANALISIS: AAPL | C1_SQUEEZE_CALL | ENTRADA: 261.57 | TP: 263.07 | SL: 258.57
Hora  |  Open  |  High  |  Low   |  Close |  Vol
16:00 | 248.41 | 249.88 | 248.26 | 249.80 | 948071 
16:15 | 249.82 | 250.32 | 249.17 | 249.56 | 1186086 
16:30 | 249.64 | 249.72 | 248.95 | 249.20 | 763844 
16:45 | 249.22 | 249.86 | 248.66 | 248.87 | 451502 
17:00 | 248.91 | 249.59 | 248.69 | 248.70 | 470296 
17:15 | 248.70 | 249.05 | 248.23 | 248.48 | 612702 
17:30 | 248.50 | 249.11 | 248.09 | 249.09 | 701724 
17:45 | 249.08 | 249.78 | 248.95 | 249.58 | 623486 
18:00 | 249.54 | 250.21 | 249.54 | 249.78 | 753791 
18:15 | 249.79 | 250.35 | 249.45 | 250.30 | 733165 
18:30 | 250.29 | 250.86 | 250.27 | 250.62 | 1047198 
18:45 | 250.64 | 251.36 | 250.43 | 251.13 | 1098293 
19:00 | 251.13 | 251.33 | 250.36 | 251.11 | 681209 
19:15 | 251.10 | 251.13 | 250.61 | 250.82 | 543011 
19:30 | 250.80 | 251.01 | 250.35 | 250.50 | 465964 
19:45 | 250.50 | 251.37 | 250.24 | 251.30 | 632447 
20:00 | 251.32 | 252.03 | 251.31 | 251.83 | 906516 
20:15 | 251.82 | 252.54 | 251.80 | 252.30 | 806371 
20:30 | 252.28 | 252.46 | 251.75 | 251.75 | 597805 
20:45 | 251.77 | 252.31 | 251.70 | 252.27 | 550693 
21:00 | 252.28 | 252.65 | 252.10 | 252.63 | 893854 
21:15 | 252.62 | 252.82 | 252.36 | 252.76 | 946258 
21:30 | 252.75 | 253.38 | 252.41 | 253.22 | 1606727 
21:45 | 253.23 | 253.35 | 252.11 | 252.30 | 2559072 
15:30 | 255.89 | 259.03 | 255.63 | 258.45 | 5750168 
15:45 | 258.47 | 259.87 | 257.74 | 258.98 | 3278769 
16:00 | 259.00 | 259.57 | 258.07 | 258.66 | 2387680 [ENTRADA]
16:15 | 258.68 | 259.77 | 258.40 | 259.50 | 1881966 
16:30 | 259.49 | 260.39 | 259.07 | 259.70 | 2940451 
16:45 | 259.72 | 261.63 | 259.61 | 261.57 | 2659130 
17:00 | 261.58 | 263.47 | 261.52 | 262.77 | 3783491 
17:15 | 262.79 | 263.55 | 262.24 | 262.57 | 2546384 
17:30 | 262.55 | 263.59 | 262.41 | 263.55 | 2021996 
17:45 | 263.55 | 264.38 | 263.05 | 263.31 | 3410215 
18:00 | 263.32 | 264.23 | 263.04 | 263.12 | 2443870 
18:15 | 263.10 | 263.65 | 262.81 | 263.49 | 1529201 
18:30 | 263.48 | 263.70 | 262.72 | 262.80 | 1576384 
18:45 | 262.82 | 263.67 | 262.65 | 263.62 | 1694758 
19:00 | 263.61 | 264.22 | 263.25 | 263.35 | 1765509 
19:15 | 263.32 | 263.57 | 262.88 | 263.17 | 1123325 
19:30 | 263.17 | 263.22 | 262.97 | 263.04 | 673285 
19:45 | 263.04 | 263.39 | 262.82 | 262.93 | 845394 
20:00 | 262.92 | 263.68 | 262.79 | 263.67 | 986536 
20:15 | 263.68 | 263.83 | 263.36 | 263.73 | 836704 
20:30 | 263.74 | 263.76 | 263.25 | 263.37 | 879784 
20:45 | 263.37 | 263.43 | 263.04 | 263.28 | 724767 
21:00 | 263.30 | 263.81 | 263.20 | 263.50 | 981528 
21:15 | 263.50 | 263.60 | 263.21 | 263.42 | 1071278 
21:30 | 263.44 | 263.86 | 263.38 | 263.54 | 1491161 
21:45 | 263.53 | 263.78 | 261.93 | 262.23 | 4571451 
15:30 | 261.88 | 265.00 | 261.83 | 264.38 | 6156981 
15:45 | 264.42 | 265.29 | 262.93 | 263.81 | 2941476 
16:00 | 263.79 | 264.64 | 263.54 | 263.79 | 1852212 
RESULTADO: FALLO
============================================================


============================================================
ANALISIS: AAPL | C1_SQUEEZE_CALL | ENTRADA: 263.31 | TP: 264.81 | SL: 260.31
Hora  |  Open  |  High  |  Low   |  Close |  Vol
17:00 | 248.91 | 249.59 | 248.69 | 248.70 | 470296 
17:15 | 248.70 | 249.05 | 248.23 | 248.48 | 612702 
17:30 | 248.50 | 249.11 | 248.09 | 249.09 | 701724 
17:45 | 249.08 | 249.78 | 248.95 | 249.58 | 623486 
18:00 | 249.54 | 250.21 | 249.54 | 249.78 | 753791 
18:15 | 249.79 | 250.35 | 249.45 | 250.30 | 733165 
18:30 | 250.29 | 250.86 | 250.27 | 250.62 | 1047198 
18:45 | 250.64 | 251.36 | 250.43 | 251.13 | 1098293 
19:00 | 251.13 | 251.33 | 250.36 | 251.11 | 681209 
19:15 | 251.10 | 251.13 | 250.61 | 250.82 | 543011 
19:30 | 250.80 | 251.01 | 250.35 | 250.50 | 465964 
19:45 | 250.50 | 251.37 | 250.24 | 251.30 | 632447 
20:00 | 251.32 | 252.03 | 251.31 | 251.83 | 906516 
20:15 | 251.82 | 252.54 | 251.80 | 252.30 | 806371 
20:30 | 252.28 | 252.46 | 251.75 | 251.75 | 597805 
20:45 | 251.77 | 252.31 | 251.70 | 252.27 | 550693 
21:00 | 252.28 | 252.65 | 252.10 | 252.63 | 893854 
21:15 | 252.62 | 252.82 | 252.36 | 252.76 | 946258 
21:30 | 252.75 | 253.38 | 252.41 | 253.22 | 1606727 
21:45 | 253.23 | 253.35 | 252.11 | 252.30 | 2559072 
15:30 | 255.89 | 259.03 | 255.63 | 258.45 | 5750168 
15:45 | 258.47 | 259.87 | 257.74 | 258.98 | 3278769 
16:00 | 259.00 | 259.57 | 258.07 | 258.66 | 2387680 
16:15 | 258.68 | 259.77 | 258.40 | 259.50 | 1881966 
16:30 | 259.49 | 260.39 | 259.07 | 259.70 | 2940451 
16:45 | 259.72 | 261.63 | 259.61 | 261.57 | 2659130 
17:00 | 261.58 | 263.47 | 261.52 | 262.77 | 3783491 [ENTRADA]
17:15 | 262.79 | 263.55 | 262.24 | 262.57 | 2546384 
17:30 | 262.55 | 263.59 | 262.41 | 263.55 | 2021996 
17:45 | 263.55 | 264.38 | 263.05 | 263.31 | 3410215 
18:00 | 263.32 | 264.23 | 263.04 | 263.12 | 2443870 
18:15 | 263.10 | 263.65 | 262.81 | 263.49 | 1529201 
18:30 | 263.48 | 263.70 | 262.72 | 262.80 | 1576384 
18:45 | 262.82 | 263.67 | 262.65 | 263.62 | 1694758 
19:00 | 263.61 | 264.22 | 263.25 | 263.35 | 1765509 
19:15 | 263.32 | 263.57 | 262.88 | 263.17 | 1123325 
19:30 | 263.17 | 263.22 | 262.97 | 263.04 | 673285 
19:45 | 263.04 | 263.39 | 262.82 | 262.93 | 845394 
20:00 | 262.92 | 263.68 | 262.79 | 263.67 | 986536 
20:15 | 263.68 | 263.83 | 263.36 | 263.73 | 836704 
20:30 | 263.74 | 263.76 | 263.25 | 263.37 | 879784 
20:45 | 263.37 | 263.43 | 263.04 | 263.28 | 724767 
21:00 | 263.30 | 263.81 | 263.20 | 263.50 | 981528 
21:15 | 263.50 | 263.60 | 263.21 | 263.42 | 1071278 
21:30 | 263.44 | 263.86 | 263.38 | 263.54 | 1491161 
21:45 | 263.53 | 263.78 | 261.93 | 262.23 | 4571451 
15:30 | 261.88 | 265.00 | 261.83 | 264.38 | 6156981 
15:45 | 264.42 | 265.29 | 262.93 | 263.81 | 2941476 
16:00 | 263.79 | 264.64 | 263.54 | 263.79 | 1852212 
16:15 | 263.79 | 264.25 | 263.22 | 263.50 | 1219359 
16:30 | 263.46 | 263.83 | 262.77 | 262.93 | 862297 
16:45 | 262.93 | 263.24 | 262.53 | 263.05 | 942946 
17:00 | 263.08 | 263.42 | 262.70 | 262.99 | 759597 
RESULTADO: EXITO
============================================================


============================================================
ANALISIS: AAPL | C1_SQUEEZE_CALL | ENTRADA: 268.74 | TP: 270.24 | SL: 265.74
Hora  |  Open  |  High  |  Low   |  Close |  Vol
21:00 | 263.51 | 263.57 | 263.21 | 263.37 | 609896 
21:15 | 263.39 | 263.52 | 263.15 | 263.50 | 613724 
21:30 | 263.51 | 263.66 | 263.31 | 263.33 | 770050 
21:45 | 263.34 | 263.43 | 262.08 | 262.77 | 2819131 
14:30 | 264.88 | 266.66 | 264.65 | 265.76 | 3057064 
14:45 | 265.76 | 266.58 | 265.65 | 266.25 | 1376316 
15:00 | 266.24 | 267.05 | 266.21 | 266.24 | 1452015 
15:15 | 266.24 | 266.37 | 265.66 | 265.73 | 705187 
15:30 | 265.74 | 265.98 | 265.41 | 265.94 | 774524 
15:45 | 265.95 | 266.42 | 265.20 | 265.40 | 906545 
16:00 | 265.40 | 265.72 | 265.19 | 265.68 | 711830 
16:15 | 265.68 | 266.11 | 265.58 | 265.71 | 645606 
16:30 | 265.71 | 265.78 | 265.30 | 265.45 | 590096 
16:45 | 265.45 | 265.56 | 265.05 | 265.41 | 738137 
17:00 | 265.42 | 266.09 | 265.24 | 265.95 | 788069 
17:15 | 265.97 | 266.01 | 265.70 | 265.93 | 535576 
17:30 | 265.94 | 266.09 | 265.82 | 265.98 | 420020 
17:45 | 265.98 | 266.13 | 265.56 | 265.59 | 476401 
18:00 | 265.59 | 265.83 | 265.56 | 265.83 | 378811 
18:15 | 265.83 | 265.89 | 265.51 | 265.62 | 329075 
18:30 | 265.63 | 266.02 | 265.50 | 265.98 | 476269 
18:45 | 265.97 | 265.99 | 265.67 | 265.86 | 425113 
19:00 | 265.86 | 265.86 | 265.60 | 265.65 | 288367 
19:15 | 265.65 | 265.71 | 265.52 | 265.60 | 389214 
19:30 | 265.59 | 265.92 | 265.47 | 265.87 | 506127 
19:45 | 265.87 | 266.33 | 265.86 | 266.24 | 662927 
20:00 | 266.24 | 266.74 | 266.03 | 266.62 | 809559 [ENTRADA]
20:15 | 266.62 | 267.40 | 266.60 | 267.28 | 1231689 
20:30 | 267.27 | 267.76 | 267.21 | 267.73 | 1313785 
20:45 | 267.73 | 269.12 | 267.69 | 268.74 | 4151152 
14:30 | 269.01 | 269.87 | 268.26 | 269.49 | 3930344 
14:45 | 269.52 | 269.75 | 268.31 | 268.99 | 2051713 
15:00 | 268.98 | 269.06 | 268.28 | 268.64 | 1328023 
15:15 | 268.66 | 268.78 | 268.25 | 268.65 | 927039 
15:30 | 268.64 | 268.65 | 268.15 | 268.28 | 715562 
15:45 | 268.29 | 269.14 | 268.25 | 268.82 | 859097 
16:00 | 268.87 | 269.07 | 268.31 | 268.37 | 575108 
16:15 | 268.35 | 268.78 | 268.31 | 268.70 | 587674 
16:30 | 268.69 | 269.02 | 268.35 | 268.79 | 687693 
16:45 | 268.79 | 269.08 | 268.71 | 268.91 | 517975 
17:00 | 268.91 | 269.01 | 268.81 | 268.88 | 415846 
17:15 | 268.88 | 269.06 | 268.66 | 269.00 | 449984 
17:30 | 268.98 | 269.40 | 268.81 | 268.94 | 533150 
17:45 | 268.95 | 269.89 | 268.90 | 269.59 | 965219 
18:00 | 269.60 | 269.74 | 268.94 | 269.01 | 632124 
18:15 | 269.01 | 269.69 | 269.00 | 269.50 | 547306 
18:30 | 269.50 | 269.50 | 268.99 | 269.06 | 582132 
18:45 | 269.06 | 269.07 | 268.80 | 268.92 | 520973 
19:00 | 268.90 | 269.21 | 268.86 | 269.10 | 529796 
19:15 | 269.10 | 269.30 | 269.02 | 269.10 | 624506 
19:30 | 269.11 | 269.17 | 268.78 | 268.97 | 653961 
19:45 | 268.97 | 269.24 | 268.95 | 269.12 | 582410 
20:00 | 269.12 | 269.41 | 269.03 | 269.21 | 729088 
RESULTADO: EN CURSO
============================================================


============================================================
ANALISIS: AMD | C1_SQUEEZE_CALL | ENTRADA: 235.40 | TP: 236.90 | SL: 232.40
Hora  |  Open  |  High  |  Low   |  Close |  Vol
21:00 | 210.56 | 211.27 | 210.27 | 211.15 | 1375125 
21:15 | 211.16 | 211.30 | 210.82 | 211.08 | 1064515 
21:30 | 211.06 | 212.84 | 211.00 | 212.72 | 2239446 
21:45 | 212.71 | 213.25 | 211.29 | 211.49 | 3611710 
15:30 | 212.95 | 216.92 | 210.69 | 216.88 | 6809057 
15:45 | 216.85 | 223.64 | 216.42 | 221.25 | 10729380 
16:00 | 221.27 | 222.64 | 219.88 | 220.03 | 5319989 
16:15 | 220.04 | 221.10 | 219.21 | 220.33 | 4354095 
16:30 | 220.28 | 222.51 | 220.23 | 222.33 | 3399497 
16:45 | 222.32 | 223.50 | 221.86 | 223.43 | 3945421 
17:00 | 223.43 | 224.84 | 223.26 | 223.92 | 4708082 
17:15 | 223.91 | 224.99 | 223.12 | 224.23 | 2984070 
17:30 | 224.22 | 224.65 | 223.45 | 224.42 | 2117354 
17:45 | 224.46 | 224.68 | 222.72 | 223.26 | 1825532 
18:00 | 223.27 | 223.58 | 222.67 | 223.09 | 1612349 
18:15 | 223.08 | 224.35 | 222.87 | 223.30 | 1950953 
18:30 | 223.30 | 224.47 | 223.07 | 224.41 | 1427227 
18:45 | 224.36 | 226.68 | 224.34 | 226.39 | 3891778 
19:00 | 226.36 | 228.29 | 225.71 | 227.82 | 5143448 
19:15 | 227.84 | 229.55 | 227.63 | 229.23 | 4400513 
19:30 | 229.24 | 231.62 | 228.61 | 231.31 | 6609182 
19:45 | 231.23 | 233.24 | 231.13 | 233.05 | 6643030 
20:00 | 233.02 | 234.84 | 232.33 | 234.28 | 6385300 
20:15 | 234.27 | 234.43 | 231.43 | 231.97 | 5091591 
20:30 | 231.97 | 233.50 | 231.21 | 232.01 | 4609326 
20:45 | 232.03 | 232.10 | 229.88 | 230.30 | 4340547 
21:00 | 230.28 | 232.35 | 230.17 | 231.81 | 4151393 [ENTRADA]
21:15 | 231.81 | 233.38 | 231.61 | 233.12 | 3800946 
21:30 | 233.10 | 233.91 | 232.71 | 233.55 | 4475806 
21:45 | 233.55 | 235.87 | 233.51 | 235.40 | 7392363 
15:30 | 236.30 | 239.78 | 233.88 | 236.30 | 9933193 
15:45 | 236.37 | 240.01 | 234.21 | 237.98 | 7150067 
16:00 | 237.98 | 238.40 | 234.37 | 235.48 | 4558822 
16:15 | 235.50 | 237.30 | 235.06 | 235.13 | 3456986 
16:30 | 235.15 | 235.24 | 232.72 | 233.19 | 4286789 
16:45 | 233.15 | 234.74 | 232.83 | 234.30 | 2487210 
17:00 | 234.36 | 235.92 | 234.36 | 234.99 | 2708610 
17:15 | 235.00 | 235.77 | 232.57 | 232.76 | 2586066 
17:30 | 232.74 | 234.07 | 232.15 | 233.87 | 2383823 
17:45 | 233.92 | 235.35 | 233.68 | 233.85 | 2209222 
18:00 | 233.89 | 234.04 | 233.16 | 233.49 | 1288462 
18:15 | 233.52 | 234.08 | 232.60 | 232.98 | 1615396 
18:30 | 232.99 | 233.41 | 232.02 | 232.19 | 1328542 
18:45 | 232.12 | 232.64 | 231.13 | 231.30 | 2024884 
19:00 | 231.30 | 232.74 | 230.93 | 231.44 | 1998993 
19:15 | 231.46 | 231.76 | 229.62 | 230.30 | 2496821 
19:30 | 230.32 | 231.08 | 229.53 | 230.12 | 2127489 
19:45 | 230.07 | 231.68 | 229.92 | 231.58 | 1465395 
20:00 | 231.58 | 232.07 | 231.02 | 231.08 | 1444416 
20:15 | 231.09 | 233.01 | 231.05 | 232.54 | 2073548 
20:30 | 232.54 | 232.59 | 231.35 | 231.92 | 1408289 
20:45 | 231.92 | 231.95 | 230.80 | 231.42 | 1257934 
21:00 | 231.42 | 231.90 | 230.68 | 230.88 | 1579085 
RESULTADO: FALLO
============================================================


============================================================
ANALISIS: AMD | C1_SQUEEZE_CALL | ENTRADA: 236.83 | TP: 238.33 | SL: 233.83
Hora  |  Open  |  High  |  Low   |  Close |  Vol
16:00 | 219.53 | 219.99 | 216.89 | 217.53 | 2716921 
16:15 | 217.51 | 222.00 | 217.31 | 221.09 | 3321605 
16:30 | 221.10 | 222.03 | 219.39 | 221.48 | 2718960 
16:45 | 221.45 | 222.12 | 218.64 | 218.75 | 2186136 
17:00 | 218.80 | 220.51 | 218.51 | 218.70 | 2172646 
17:15 | 218.74 | 219.44 | 218.15 | 219.41 | 1154799 
17:30 | 219.41 | 221.37 | 219.20 | 221.28 | 1840307 
17:45 | 221.28 | 222.74 | 221.03 | 221.62 | 2210610 
18:00 | 221.65 | 222.01 | 220.92 | 221.78 | 940834 
18:15 | 221.78 | 223.67 | 221.44 | 223.61 | 1792386 
18:30 | 223.61 | 224.89 | 223.12 | 224.87 | 1654142 
18:45 | 224.83 | 224.98 | 223.73 | 223.95 | 1778086 
19:00 | 223.89 | 224.50 | 222.65 | 224.32 | 1363382 
19:15 | 224.29 | 224.72 | 223.41 | 224.58 | 1106004 
19:30 | 224.60 | 224.84 | 223.54 | 223.95 | 816160 
19:45 | 223.94 | 224.60 | 223.50 | 223.65 | 784310 
20:00 | 223.67 | 224.18 | 223.27 | 223.69 | 817627 
20:15 | 223.68 | 224.06 | 222.93 | 222.97 | 785060 
20:30 | 222.99 | 223.40 | 222.45 | 222.64 | 804231 
20:45 | 222.60 | 223.36 | 222.00 | 222.63 | 701502 
21:00 | 222.60 | 223.10 | 222.12 | 222.40 | 744138 
21:15 | 222.35 | 223.43 | 222.25 | 222.70 | 928521 
21:30 | 222.75 | 222.75 | 218.53 | 218.64 | 2191445 
21:45 | 218.66 | 219.22 | 217.82 | 218.02 | 3799190 
15:30 | 222.71 | 226.50 | 220.76 | 224.67 | 4913409 
15:45 | 224.65 | 232.20 | 224.46 | 230.71 | 7271492 
16:00 | 230.71 | 232.55 | 228.93 | 232.32 | 5476159 [ENTRADA]
16:15 | 232.37 | 234.50 | 232.32 | 233.76 | 4577511 
16:30 | 233.77 | 235.56 | 233.10 | 233.36 | 4070936 
16:45 | 233.40 | 237.13 | 233.04 | 236.83 | 4225672 
17:00 | 236.81 | 238.84 | 236.12 | 238.72 | 5785996 
17:15 | 238.69 | 238.90 | 236.60 | 237.51 | 3864684 
17:30 | 237.53 | 237.75 | 234.45 | 235.07 | 3873022 
17:45 | 235.04 | 235.55 | 232.80 | 235.07 | 3951512 
18:00 | 235.10 | 236.36 | 234.15 | 234.98 | 2790390 
18:15 | 235.00 | 236.10 | 233.83 | 235.75 | 1915179 
18:30 | 235.75 | 235.75 | 234.35 | 234.61 | 1294183 
18:45 | 234.67 | 235.39 | 234.21 | 234.35 | 1255952 
19:00 | 234.40 | 234.40 | 230.75 | 231.15 | 2970334 
19:15 | 231.18 | 233.17 | 230.33 | 231.79 | 2831346 
19:30 | 231.84 | 234.33 | 231.51 | 234.04 | 1879665 
19:45 | 234.05 | 236.15 | 234.02 | 235.83 | 2213435 
20:00 | 235.81 | 236.17 | 234.54 | 235.74 | 1817139 
20:15 | 235.76 | 236.17 | 235.06 | 235.18 | 1340351 
20:30 | 235.23 | 238.48 | 235.13 | 237.36 | 3205577 
20:45 | 237.35 | 238.28 | 236.97 | 238.09 | 1654939 
21:00 | 238.07 | 238.43 | 237.53 | 238.33 | 1782634 
21:15 | 238.32 | 239.24 | 237.15 | 238.13 | 3024403 
21:30 | 238.15 | 238.97 | 237.53 | 238.21 | 2525962 
21:45 | 238.24 | 238.70 | 236.91 | 238.61 | 4134355 
15:30 | 236.26 | 240.41 | 235.28 | 237.30 | 6119853 
15:45 | 237.22 | 239.69 | 235.02 | 237.50 | 4397710 
16:00 | 237.64 | 239.43 | 236.38 | 239.25 | 3111568 
RESULTADO: FALLO
============================================================


============================================================
ANALISIS: NVDA | C1_SQUEEZE_CALL | ENTRADA: 191.06 | TP: 192.56 | SL: 186.56
Hora  |  Open  |  High  |  Low   |  Close |  Vol
15:30 | 183.86 | 186.03 | 183.50 | 185.66 | 11852420 
15:45 | 185.70 | 185.99 | 185.06 | 185.54 | 5206435 
16:00 | 185.56 | 185.70 | 184.58 | 184.68 | 4987053 
16:15 | 184.69 | 184.84 | 184.27 | 184.62 | 3962903 
16:30 | 184.60 | 185.33 | 184.33 | 185.32 | 3676972 
16:45 | 185.32 | 185.53 | 184.40 | 184.86 | 3676016 
17:00 | 184.86 | 184.87 | 184.53 | 184.68 | 2256883 
17:15 | 184.68 | 185.43 | 184.67 | 185.19 | 3255854 
17:30 | 185.19 | 185.49 | 185.09 | 185.30 | 2256291 
17:45 | 185.30 | 185.60 | 185.09 | 185.33 | 2570167 
18:00 | 185.32 | 185.42 | 185.12 | 185.27 | 1776459 
18:15 | 185.27 | 185.40 | 185.08 | 185.08 | 1624119 
18:30 | 185.09 | 185.25 | 184.92 | 185.15 | 1797964 
18:45 | 185.15 | 185.40 | 185.08 | 185.18 | 1476943 
19:00 | 185.17 | 185.20 | 184.92 | 184.94 | 1455026 
19:15 | 184.95 | 185.18 | 184.90 | 185.00 | 1225280 
19:30 | 185.01 | 185.47 | 184.99 | 185.38 | 1727386 
19:45 | 185.38 | 185.65 | 185.31 | 185.49 | 2102463 
20:00 | 185.48 | 185.60 | 185.36 | 185.50 | 1465617 
20:15 | 185.51 | 185.57 | 185.25 | 185.28 | 1621857 
20:30 | 185.27 | 185.29 | 185.08 | 185.08 | 1475375 
20:45 | 185.09 | 185.80 | 185.01 | 185.80 | 3232372 
21:00 | 185.80 | 186.88 | 185.78 | 186.86 | 6550138 
21:15 | 186.86 | 187.47 | 186.83 | 186.91 | 5751471 
21:30 | 186.91 | 187.00 | 186.58 | 186.78 | 3919987 
21:45 | 186.78 | 186.80 | 185.85 | 186.27 | 7745755 
14:30 | 190.00 | 191.17 | 189.75 | 190.97 | 11463725 [ENTRADA]
14:45 | 190.97 | 191.27 | 190.39 | 191.06 | 6172460 
15:00 | 191.06 | 191.11 | 189.54 | 190.18 | 6829716 
15:15 | 190.18 | 190.22 | 188.43 | 189.88 | 8055032 
15:30 | 189.88 | 190.67 | 189.70 | 190.53 | 4948291 
15:45 | 190.54 | 190.69 | 190.20 | 190.30 | 3293403 
16:00 | 190.31 | 191.14 | 190.24 | 191.13 | 4183844 
16:15 | 191.14 | 191.47 | 190.75 | 190.92 | 3956879 
16:30 | 190.92 | 191.25 | 190.72 | 190.99 | 2752584 
16:45 | 190.99 | 191.14 | 190.79 | 190.88 | 2177482 
17:00 | 190.88 | 191.09 | 190.79 | 190.96 | 1967029 
17:15 | 190.96 | 191.10 | 190.86 | 190.93 | 1910861 
17:30 | 190.93 | 191.10 | 190.78 | 190.92 | 1771427 
17:45 | 190.91 | 191.49 | 190.81 | 191.47 | 2399356 
18:00 | 191.47 | 191.68 | 191.30 | 191.49 | 2782442 
18:15 | 191.48 | 191.78 | 191.19 | 191.33 | 2899262 
18:30 | 191.34 | 191.45 | 191.01 | 191.22 | 2378124 
18:45 | 191.23 | 191.38 | 191.00 | 191.09 | 1984094 
19:00 | 191.10 | 191.24 | 190.91 | 190.93 | 2130066 
19:15 | 190.93 | 191.08 | 190.54 | 190.56 | 2460708 
19:30 | 190.56 | 190.70 | 190.27 | 190.59 | 2958120 
19:45 | 190.58 | 190.93 | 190.54 | 190.77 | 2265247 
20:00 | 190.76 | 190.79 | 190.35 | 190.44 | 2586759 
20:15 | 190.44 | 190.92 | 190.28 | 190.73 | 3048216 
20:30 | 190.73 | 190.99 | 190.71 | 190.82 | 2995695 
20:45 | 190.83 | 192.00 | 190.82 | 191.43 | 9202963 
14:30 | 193.06 | 195.47 | 192.65 | 193.90 | 14943339 
RESULTADO: EXITO
============================================================


============================================================
ANALISIS: NVDA | C1_SQUEEZE_CALL | ENTRADA: 198.04 | TP: 199.54 | SL: 193.54
Hora  |  Open  |  High  |  Low   |  Close |  Vol
18:00 | 191.47 | 191.68 | 191.30 | 191.49 | 2782442 
18:15 | 191.48 | 191.78 | 191.19 | 191.33 | 2899262 
18:30 | 191.34 | 191.45 | 191.01 | 191.22 | 2378124 
18:45 | 191.23 | 191.38 | 191.00 | 191.09 | 1984094 
19:00 | 191.10 | 191.24 | 190.91 | 190.93 | 2130066 
19:15 | 190.93 | 191.08 | 190.54 | 190.56 | 2460708 
19:30 | 190.56 | 190.70 | 190.27 | 190.59 | 2958120 
19:45 | 190.58 | 190.93 | 190.54 | 190.77 | 2265247 
20:00 | 190.76 | 190.79 | 190.35 | 190.44 | 2586759 
20:15 | 190.44 | 190.92 | 190.28 | 190.73 | 3048216 
20:30 | 190.73 | 190.99 | 190.71 | 190.82 | 2995695 
20:45 | 190.83 | 192.00 | 190.82 | 191.43 | 9202963 
14:30 | 193.06 | 195.47 | 192.65 | 193.90 | 14943339 
14:45 | 193.89 | 193.95 | 192.94 | 193.82 | 7059032 
15:00 | 193.87 | 193.97 | 193.03 | 193.62 | 4780689 
15:15 | 193.63 | 193.70 | 192.56 | 192.83 | 4354833 
15:30 | 192.83 | 193.08 | 192.20 | 192.81 | 3890850 
15:45 | 192.81 | 193.35 | 192.43 | 193.18 | 3220804 
16:00 | 193.19 | 193.34 | 192.65 | 192.80 | 2651385 
16:15 | 192.81 | 192.84 | 192.45 | 192.80 | 2212472 
16:30 | 192.80 | 192.98 | 191.91 | 192.56 | 3939134 
16:45 | 192.56 | 193.34 | 192.53 | 193.33 | 3471130 
17:00 | 193.34 | 194.01 | 193.30 | 193.74 | 3957785 
17:15 | 193.74 | 194.21 | 193.62 | 193.70 | 3849760 
17:30 | 193.71 | 194.93 | 193.61 | 194.74 | 5428383 
17:45 | 194.74 | 195.50 | 193.86 | 193.88 | 6364091 
18:00 | 193.88 | 196.58 | 193.26 | 196.04 | 10823051 [ENTRADA]
18:15 | 196.03 | 196.09 | 194.10 | 194.58 | 9975166 
18:30 | 194.59 | 197.18 | 194.50 | 197.15 | 9827021 
18:45 | 197.15 | 198.47 | 196.84 | 198.04 | 11722287 
19:00 | 198.05 | 198.40 | 197.48 | 198.11 | 7588923 
19:15 | 198.11 | 199.54 | 197.93 | 199.31 | 11449272 
19:30 | 199.31 | 199.88 | 199.22 | 199.69 | 8959383 
19:45 | 199.69 | 200.00 | 199.06 | 199.99 | 9326083 
20:00 | 199.99 | 202.06 | 199.57 | 201.59 | 17055259 
20:15 | 201.59 | 202.21 | 201.00 | 202.02 | 10719021 
20:30 | 202.02 | 203.15 | 201.43 | 201.59 | 14140963 
20:45 | 201.59 | 201.93 | 200.65 | 201.03 | 16014750 
14:30 | 207.99 | 211.63 | 207.09 | 210.88 | 30586109 
14:45 | 210.88 | 212.00 | 209.80 | 211.98 | 15202018 
15:00 | 211.98 | 212.19 | 208.99 | 209.94 | 14945917 
15:15 | 209.96 | 210.82 | 209.88 | 210.61 | 7461471 
15:30 | 210.62 | 211.60 | 209.76 | 209.95 | 8237750 
15:45 | 209.96 | 210.12 | 208.57 | 208.90 | 9416605 
16:00 | 208.90 | 209.18 | 207.86 | 208.35 | 7660594 
16:15 | 208.35 | 209.12 | 208.00 | 208.80 | 5318380 
16:30 | 208.79 | 209.07 | 207.56 | 207.68 | 4848515 
16:45 | 207.67 | 207.69 | 206.36 | 207.49 | 7883027 
17:00 | 207.49 | 207.50 | 205.03 | 205.94 | 8341623 
17:15 | 205.94 | 206.82 | 205.81 | 206.58 | 5684234 
17:30 | 206.58 | 206.60 | 205.45 | 206.22 | 4509687 
17:45 | 206.22 | 207.46 | 205.92 | 206.93 | 5018940 
18:00 | 206.93 | 207.79 | 206.83 | 207.03 | 4705289 
RESULTADO: EXITO
============================================================


============================================================
ANALISIS: NVDA | C1_SQUEEZE_CALL | ENTRADA: 199.99 | TP: 201.49 | SL: 195.49
Hora  |  Open  |  High  |  Low   |  Close |  Vol
19:00 | 191.10 | 191.24 | 190.91 | 190.93 | 2130066 
19:15 | 190.93 | 191.08 | 190.54 | 190.56 | 2460708 
19:30 | 190.56 | 190.70 | 190.27 | 190.59 | 2958120 
19:45 | 190.58 | 190.93 | 190.54 | 190.77 | 2265247 
20:00 | 190.76 | 190.79 | 190.35 | 190.44 | 2586759 
20:15 | 190.44 | 190.92 | 190.28 | 190.73 | 3048216 
20:30 | 190.73 | 190.99 | 190.71 | 190.82 | 2995695 
20:45 | 190.83 | 192.00 | 190.82 | 191.43 | 9202963 
14:30 | 193.06 | 195.47 | 192.65 | 193.90 | 14943339 
14:45 | 193.89 | 193.95 | 192.94 | 193.82 | 7059032 
15:00 | 193.87 | 193.97 | 193.03 | 193.62 | 4780689 
15:15 | 193.63 | 193.70 | 192.56 | 192.83 | 4354833 
15:30 | 192.83 | 193.08 | 192.20 | 192.81 | 3890850 
15:45 | 192.81 | 193.35 | 192.43 | 193.18 | 3220804 
16:00 | 193.19 | 193.34 | 192.65 | 192.80 | 2651385 
16:15 | 192.81 | 192.84 | 192.45 | 192.80 | 2212472 
16:30 | 192.80 | 192.98 | 191.91 | 192.56 | 3939134 
16:45 | 192.56 | 193.34 | 192.53 | 193.33 | 3471130 
17:00 | 193.34 | 194.01 | 193.30 | 193.74 | 3957785 
17:15 | 193.74 | 194.21 | 193.62 | 193.70 | 3849760 
17:30 | 193.71 | 194.93 | 193.61 | 194.74 | 5428383 
17:45 | 194.74 | 195.50 | 193.86 | 193.88 | 6364091 
18:00 | 193.88 | 196.58 | 193.26 | 196.04 | 10823051 
18:15 | 196.03 | 196.09 | 194.10 | 194.58 | 9975166 
18:30 | 194.59 | 197.18 | 194.50 | 197.15 | 9827021 
18:45 | 197.15 | 198.47 | 196.84 | 198.04 | 11722287 
19:00 | 198.05 | 198.40 | 197.48 | 198.11 | 7588923 [ENTRADA]
19:15 | 198.11 | 199.54 | 197.93 | 199.31 | 11449272 
19:30 | 199.31 | 199.88 | 199.22 | 199.69 | 8959383 
19:45 | 199.69 | 200.00 | 199.06 | 199.99 | 9326083 
20:00 | 199.99 | 202.06 | 199.57 | 201.59 | 17055259 
20:15 | 201.59 | 202.21 | 201.00 | 202.02 | 10719021 
20:30 | 202.02 | 203.15 | 201.43 | 201.59 | 14140963 
20:45 | 201.59 | 201.93 | 200.65 | 201.03 | 16014750 
14:30 | 207.99 | 211.63 | 207.09 | 210.88 | 30586109 
14:45 | 210.88 | 212.00 | 209.80 | 211.98 | 15202018 
15:00 | 211.98 | 212.19 | 208.99 | 209.94 | 14945917 
15:15 | 209.96 | 210.82 | 209.88 | 210.61 | 7461471 
15:30 | 210.62 | 211.60 | 209.76 | 209.95 | 8237750 
15:45 | 209.96 | 210.12 | 208.57 | 208.90 | 9416605 
16:00 | 208.90 | 209.18 | 207.86 | 208.35 | 7660594 
16:15 | 208.35 | 209.12 | 208.00 | 208.80 | 5318380 
16:30 | 208.79 | 209.07 | 207.56 | 207.68 | 4848515 
16:45 | 207.67 | 207.69 | 206.36 | 207.49 | 7883027 
17:00 | 207.49 | 207.50 | 205.03 | 205.94 | 8341623 
17:15 | 205.94 | 206.82 | 205.81 | 206.58 | 5684234 
17:30 | 206.58 | 206.60 | 205.45 | 206.22 | 4509687 
17:45 | 206.22 | 207.46 | 205.92 | 206.93 | 5018940 
18:00 | 206.93 | 207.79 | 206.83 | 207.03 | 4705289 
18:15 | 207.03 | 207.13 | 206.51 | 206.79 | 3213290 
18:30 | 206.78 | 207.06 | 206.23 | 206.98 | 3585173 
18:45 | 206.97 | 208.03 | 206.88 | 207.36 | 4295473 
19:00 | 207.36 | 207.65 | 206.66 | 206.99 | 4868536 
RESULTADO: EXITO
============================================================


============================================================
ANALISIS: NVDA | C1_SQUEEZE_CALL | ENTRADA: 211.98 | TP: 213.48 | SL: 207.48
Hora  |  Open  |  High  |  Low   |  Close |  Vol
14:30 | 193.06 | 195.47 | 192.65 | 193.90 | 14943339 
14:45 | 193.89 | 193.95 | 192.94 | 193.82 | 7059032 
15:00 | 193.87 | 193.97 | 193.03 | 193.62 | 4780689 
15:15 | 193.63 | 193.70 | 192.56 | 192.83 | 4354833 
15:30 | 192.83 | 193.08 | 192.20 | 192.81 | 3890850 
15:45 | 192.81 | 193.35 | 192.43 | 193.18 | 3220804 
16:00 | 193.19 | 193.34 | 192.65 | 192.80 | 2651385 
16:15 | 192.81 | 192.84 | 192.45 | 192.80 | 2212472 
16:30 | 192.80 | 192.98 | 191.91 | 192.56 | 3939134 
16:45 | 192.56 | 193.34 | 192.53 | 193.33 | 3471130 
17:00 | 193.34 | 194.01 | 193.30 | 193.74 | 3957785 
17:15 | 193.74 | 194.21 | 193.62 | 193.70 | 3849760 
17:30 | 193.71 | 194.93 | 193.61 | 194.74 | 5428383 
17:45 | 194.74 | 195.50 | 193.86 | 193.88 | 6364091 
18:00 | 193.88 | 196.58 | 193.26 | 196.04 | 10823051 
18:15 | 196.03 | 196.09 | 194.10 | 194.58 | 9975166 
18:30 | 194.59 | 197.18 | 194.50 | 197.15 | 9827021 
18:45 | 197.15 | 198.47 | 196.84 | 198.04 | 11722287 
19:00 | 198.05 | 198.40 | 197.48 | 198.11 | 7588923 
19:15 | 198.11 | 199.54 | 197.93 | 199.31 | 11449272 
19:30 | 199.31 | 199.88 | 199.22 | 199.69 | 8959383 
19:45 | 199.69 | 200.00 | 199.06 | 199.99 | 9326083 
20:00 | 199.99 | 202.06 | 199.57 | 201.59 | 17055259 
20:15 | 201.59 | 202.21 | 201.00 | 202.02 | 10719021 
20:30 | 202.02 | 203.15 | 201.43 | 201.59 | 14140963 
20:45 | 201.59 | 201.93 | 200.65 | 201.03 | 16014750 
14:30 | 207.99 | 211.63 | 207.09 | 210.88 | 30586109 [ENTRADA]
14:45 | 210.88 | 212.00 | 209.80 | 211.98 | 15202018 
15:00 | 211.98 | 212.19 | 208.99 | 209.94 | 14945917 
15:15 | 209.96 | 210.82 | 209.88 | 210.61 | 7461471 
15:30 | 210.62 | 211.60 | 209.76 | 209.95 | 8237750 
15:45 | 209.96 | 210.12 | 208.57 | 208.90 | 9416605 
16:00 | 208.90 | 209.18 | 207.86 | 208.35 | 7660594 
16:15 | 208.35 | 209.12 | 208.00 | 208.80 | 5318380 
16:30 | 208.79 | 209.07 | 207.56 | 207.68 | 4848515 
16:45 | 207.67 | 207.69 | 206.36 | 207.49 | 7883027 
17:00 | 207.49 | 207.50 | 205.03 | 205.94 | 8341623 
17:15 | 205.94 | 206.82 | 205.81 | 206.58 | 5684234 
17:30 | 206.58 | 206.60 | 205.45 | 206.22 | 4509687 
17:45 | 206.22 | 207.46 | 205.92 | 206.93 | 5018940 
18:00 | 206.93 | 207.79 | 206.83 | 207.03 | 4705289 
18:15 | 207.03 | 207.13 | 206.51 | 206.79 | 3213290 
18:30 | 206.78 | 207.06 | 206.23 | 206.98 | 3585173 
18:45 | 206.97 | 208.03 | 206.88 | 207.36 | 4295473 
19:00 | 207.36 | 207.65 | 206.66 | 206.99 | 4868536 
19:15 | 206.99 | 207.48 | 206.53 | 206.94 | 3719131 
19:30 | 206.94 | 207.38 | 204.77 | 205.20 | 8322537 
19:45 | 205.21 | 207.40 | 205.13 | 206.59 | 7241613 
20:00 | 206.59 | 207.30 | 205.40 | 206.80 | 5471834 
20:15 | 206.80 | 207.15 | 205.98 | 207.04 | 4336996 
20:30 | 207.04 | 208.05 | 206.62 | 206.76 | 5884708 
20:45 | 206.75 | 207.75 | 206.52 | 207.25 | 8108703 
14:30 | 205.15 | 206.16 | 201.45 | 202.86 | 16126948 
RESULTADO: FALLO
============================================================


============================================================
ANALISIS: TSLA | C1_SQUEEZE_CALL | ENTRADA: 455.90 | TP: 457.40 | SL: 451.40
Hora  |  Open  |  High  |  Low   |  Close |  Vol
17:00 | 438.40 | 440.10 | 438.35 | 439.79 | 1543631 
17:15 | 439.82 | 441.49 | 439.50 | 441.25 | 2084749 
17:30 | 441.24 | 441.37 | 439.70 | 440.39 | 1313595 
17:45 | 440.40 | 440.40 | 437.07 | 438.00 | 2547820 
18:00 | 437.97 | 439.05 | 437.40 | 438.67 | 1473835 
18:15 | 438.68 | 439.03 | 437.12 | 437.43 | 1344642 
18:30 | 437.43 | 437.88 | 435.60 | 435.80 | 2316176 
18:45 | 435.80 | 437.41 | 435.64 | 436.79 | 1471738 
19:00 | 436.78 | 436.99 | 434.51 | 435.84 | 1998089 
19:15 | 435.80 | 435.87 | 434.72 | 435.17 | 1499300 
19:30 | 435.16 | 435.19 | 433.68 | 434.39 | 1819457 
19:45 | 434.41 | 436.42 | 434.32 | 435.25 | 1853825 
20:00 | 435.20 | 435.30 | 433.10 | 434.06 | 1824355 
20:15 | 434.03 | 434.43 | 432.91 | 433.47 | 1513707 
20:30 | 433.47 | 433.70 | 431.15 | 431.61 | 2293158 
20:45 | 431.63 | 432.54 | 430.50 | 432.49 | 2353095 
21:00 | 432.50 | 433.60 | 431.41 | 431.89 | 1990512 
21:15 | 431.88 | 433.45 | 431.63 | 433.27 | 2036712 
21:30 | 433.25 | 433.35 | 431.54 | 433.29 | 1875975 
21:45 | 433.32 | 434.14 | 430.17 | 433.65 | 4221040 
14:30 | 439.92 | 446.85 | 438.69 | 444.32 | 6999226 
14:45 | 444.17 | 446.50 | 443.02 | 445.99 | 3160220 
15:00 | 446.05 | 449.45 | 445.25 | 448.83 | 4266399 
15:15 | 448.80 | 449.47 | 446.89 | 449.15 | 2572824 
15:30 | 449.18 | 450.50 | 447.03 | 447.66 | 2462303 
15:45 | 447.63 | 448.82 | 445.61 | 447.12 | 2176075 
16:00 | 447.04 | 449.82 | 445.95 | 449.81 | 2039527 [ENTRADA]
16:15 | 449.83 | 455.20 | 449.39 | 454.08 | 4585401 
16:30 | 454.07 | 457.21 | 453.58 | 454.45 | 3648384 
16:45 | 454.47 | 456.18 | 453.72 | 455.90 | 2464388 
17:00 | 455.93 | 457.08 | 455.35 | 456.20 | 2006398 
17:15 | 456.27 | 457.22 | 454.92 | 456.06 | 2282093 
17:30 | 456.07 | 458.45 | 455.50 | 457.20 | 2405415 
17:45 | 457.23 | 459.09 | 456.84 | 457.75 | 2305206 
18:00 | 457.76 | 458.98 | 456.90 | 458.70 | 1557113 
18:15 | 458.68 | 459.02 | 457.68 | 458.00 | 1472528 
18:30 | 458.00 | 459.40 | 457.50 | 458.92 | 1571893 
18:45 | 458.88 | 459.99 | 458.70 | 459.65 | 1714569 
19:00 | 459.64 | 460.05 | 457.54 | 458.34 | 1808395 
19:15 | 458.34 | 459.32 | 456.80 | 456.88 | 1800176 
19:30 | 456.90 | 457.88 | 456.31 | 457.73 | 1601885 
19:45 | 457.73 | 457.82 | 454.52 | 455.20 | 2449211 
20:00 | 455.20 | 456.51 | 453.73 | 454.57 | 2520693 
20:15 | 454.59 | 454.59 | 447.26 | 448.30 | 5362826 
20:30 | 448.23 | 451.80 | 447.60 | 449.57 | 2799501 
20:45 | 449.57 | 453.97 | 449.33 | 452.35 | 3681026 
14:30 | 454.84 | 461.40 | 451.60 | 460.46 | 5764162 
14:45 | 460.43 | 460.59 | 455.00 | 458.31 | 3581197 
15:00 | 458.36 | 463.15 | 458.11 | 462.11 | 4450932 
15:15 | 462.09 | 464.78 | 460.73 | 463.28 | 3564698 
15:30 | 463.29 | 463.29 | 460.18 | 461.34 | 2673577 
15:45 | 461.27 | 462.58 | 460.30 | 461.07 | 1862625 
16:00 | 461.04 | 463.32 | 461.04 | 462.46 | 1866310 
RESULTADO: FALLO
============================================================


============================================================
ANALISIS: AAPL | C1_SQUEEZE_CALL | ENTRADA: 283.32 | TP: 284.82 | SL: 280.32
Hora  |  Open  |  High  |  Low   |  Close |  Vol
18:00 | 276.67 | 276.77 | 276.53 | 276.56 | 411763 
18:15 | 276.57 | 277.17 | 276.43 | 277.05 | 473209 
18:30 | 277.06 | 277.30 | 276.90 | 277.02 | 556323 
18:45 | 277.00 | 279.00 | 277.00 | 278.86 | 2185194 
15:30 | 278.10 | 278.78 | 276.45 | 276.48 | 2141317 
15:45 | 276.48 | 277.64 | 276.14 | 277.57 | 1228905 
16:00 | 277.61 | 277.72 | 276.88 | 277.71 | 762087 
16:15 | 277.71 | 278.16 | 277.57 | 278.14 | 699880 
16:30 | 278.10 | 278.22 | 277.30 | 277.40 | 430723 
16:45 | 277.43 | 278.31 | 277.43 | 278.06 | 444853 
17:00 | 278.06 | 278.49 | 277.83 | 277.91 | 428539 
17:15 | 277.89 | 278.08 | 277.67 | 277.90 | 367337 
17:30 | 277.90 | 278.74 | 277.89 | 278.41 | 462779 
17:45 | 278.39 | 279.29 | 278.35 | 278.82 | 785577 
18:00 | 278.80 | 279.44 | 278.75 | 279.23 | 430994 
18:15 | 279.23 | 279.89 | 278.94 | 279.77 | 554626 
18:30 | 279.78 | 279.86 | 279.48 | 279.82 | 322547 
18:45 | 279.81 | 279.94 | 279.46 | 279.51 | 531109 
19:00 | 279.49 | 280.29 | 279.48 | 280.04 | 829586 
19:15 | 280.04 | 280.64 | 279.96 | 280.59 | 756363 
19:30 | 280.59 | 280.93 | 280.45 | 280.83 | 632465 
19:45 | 280.84 | 281.04 | 280.65 | 280.92 | 720316 
20:00 | 280.92 | 281.08 | 280.73 | 281.01 | 752754 
20:15 | 281.01 | 281.22 | 280.83 | 280.89 | 991737 
20:30 | 280.88 | 281.66 | 280.66 | 281.53 | 891884 
20:45 | 281.55 | 281.72 | 281.47 | 281.49 | 691712 
21:00 | 281.50 | 281.93 | 281.46 | 281.92 | 777455 [ENTRADA]
21:15 | 281.92 | 281.94 | 281.56 | 281.91 | 794736 
21:30 | 281.92 | 282.46 | 281.73 | 282.45 | 1471188 
21:45 | 282.45 | 283.42 | 282.20 | 283.32 | 4730147 
15:30 | 282.99 | 284.69 | 282.63 | 284.52 | 2445074 
15:45 | 284.52 | 285.05 | 283.08 | 283.39 | 1837175 
16:00 | 283.40 | 284.95 | 283.26 | 284.76 | 1134877 
16:15 | 284.75 | 285.31 | 284.48 | 284.57 | 1476611 
16:30 | 284.57 | 285.95 | 284.15 | 285.93 | 1296604 
16:45 | 285.95 | 286.98 | 285.76 | 286.96 | 2302236 
17:00 | 286.94 | 287.40 | 285.94 | 286.05 | 1705573 
17:15 | 286.04 | 286.33 | 285.37 | 285.55 | 894451 
17:30 | 285.54 | 285.88 | 284.83 | 285.82 | 989799 
17:45 | 285.81 | 285.94 | 285.15 | 285.15 | 489789 
18:00 | 285.15 | 285.30 | 284.83 | 285.22 | 619135 
18:15 | 285.23 | 286.00 | 285.18 | 285.87 | 602955 
18:30 | 285.88 | 286.34 | 285.87 | 286.16 | 534752 
18:45 | 286.17 | 286.21 | 285.16 | 285.16 | 420171 
19:00 | 285.15 | 285.47 | 285.04 | 285.17 | 429555 
19:15 | 285.19 | 285.39 | 284.94 | 285.22 | 705613 
19:30 | 285.20 | 285.33 | 285.01 | 285.22 | 396782 
19:45 | 285.22 | 285.40 | 285.01 | 285.14 | 479372 
20:00 | 285.12 | 286.09 | 285.11 | 285.99 | 763583 
20:15 | 285.99 | 286.14 | 285.42 | 285.62 | 621882 
20:30 | 285.61 | 286.38 | 285.58 | 286.13 | 662201 
20:45 | 286.14 | 286.65 | 286.05 | 286.41 | 575820 
21:00 | 286.40 | 286.78 | 286.20 | 286.74 | 593643 
RESULTADO: EXITO
============================================================


============================================================
ANALISIS: AAPL | C1_SQUEEZE_CALL | ENTRADA: 286.96 | TP: 288.46 | SL: 283.96
Hora  |  Open  |  High  |  Low   |  Close |  Vol
16:00 | 277.61 | 277.72 | 276.88 | 277.71 | 762087 
16:15 | 277.71 | 278.16 | 277.57 | 278.14 | 699880 
16:30 | 278.10 | 278.22 | 277.30 | 277.40 | 430723 
16:45 | 277.43 | 278.31 | 277.43 | 278.06 | 444853 
17:00 | 278.06 | 278.49 | 277.83 | 277.91 | 428539 
17:15 | 277.89 | 278.08 | 277.67 | 277.90 | 367337 
17:30 | 277.90 | 278.74 | 277.89 | 278.41 | 462779 
17:45 | 278.39 | 279.29 | 278.35 | 278.82 | 785577 
18:00 | 278.80 | 279.44 | 278.75 | 279.23 | 430994 
18:15 | 279.23 | 279.89 | 278.94 | 279.77 | 554626 
18:30 | 279.78 | 279.86 | 279.48 | 279.82 | 322547 
18:45 | 279.81 | 279.94 | 279.46 | 279.51 | 531109 
19:00 | 279.49 | 280.29 | 279.48 | 280.04 | 829586 
19:15 | 280.04 | 280.64 | 279.96 | 280.59 | 756363 
19:30 | 280.59 | 280.93 | 280.45 | 280.83 | 632465 
19:45 | 280.84 | 281.04 | 280.65 | 280.92 | 720316 
20:00 | 280.92 | 281.08 | 280.73 | 281.01 | 752754 
20:15 | 281.01 | 281.22 | 280.83 | 280.89 | 991737 
20:30 | 280.88 | 281.66 | 280.66 | 281.53 | 891884 
20:45 | 281.55 | 281.72 | 281.47 | 281.49 | 691712 
21:00 | 281.50 | 281.93 | 281.46 | 281.92 | 777455 
21:15 | 281.92 | 281.94 | 281.56 | 281.91 | 794736 
21:30 | 281.92 | 282.46 | 281.73 | 282.45 | 1471188 
21:45 | 282.45 | 283.42 | 282.20 | 283.32 | 4730147 
15:30 | 282.99 | 284.69 | 282.63 | 284.52 | 2445074 
15:45 | 284.52 | 285.05 | 283.08 | 283.39 | 1837175 
16:00 | 283.40 | 284.95 | 283.26 | 284.76 | 1134877 [ENTRADA]
16:15 | 284.75 | 285.31 | 284.48 | 284.57 | 1476611 
16:30 | 284.57 | 285.95 | 284.15 | 285.93 | 1296604 
16:45 | 285.95 | 286.98 | 285.76 | 286.96 | 2302236 
17:00 | 286.94 | 287.40 | 285.94 | 286.05 | 1705573 
17:15 | 286.04 | 286.33 | 285.37 | 285.55 | 894451 
17:30 | 285.54 | 285.88 | 284.83 | 285.82 | 989799 
17:45 | 285.81 | 285.94 | 285.15 | 285.15 | 489789 
18:00 | 285.15 | 285.30 | 284.83 | 285.22 | 619135 
18:15 | 285.23 | 286.00 | 285.18 | 285.87 | 602955 
18:30 | 285.88 | 286.34 | 285.87 | 286.16 | 534752 
18:45 | 286.17 | 286.21 | 285.16 | 285.16 | 420171 
19:00 | 285.15 | 285.47 | 285.04 | 285.17 | 429555 
19:15 | 285.19 | 285.39 | 284.94 | 285.22 | 705613 
19:30 | 285.20 | 285.33 | 285.01 | 285.22 | 396782 
19:45 | 285.22 | 285.40 | 285.01 | 285.14 | 479372 
20:00 | 285.12 | 286.09 | 285.11 | 285.99 | 763583 
20:15 | 285.99 | 286.14 | 285.42 | 285.62 | 621882 
20:30 | 285.61 | 286.38 | 285.58 | 286.13 | 662201 
20:45 | 286.14 | 286.65 | 286.05 | 286.41 | 575820 
21:00 | 286.40 | 286.78 | 286.20 | 286.74 | 593643 
21:15 | 286.75 | 286.82 | 286.10 | 286.24 | 856791 
21:30 | 286.24 | 286.47 | 286.19 | 286.43 | 970238 
21:45 | 286.45 | 286.61 | 285.58 | 286.23 | 2262051 
15:30 | 286.20 | 288.62 | 285.90 | 287.73 | 3457387 
15:45 | 287.70 | 288.12 | 286.99 | 287.85 | 1407238 
16:00 | 287.85 | 288.24 | 287.34 | 287.77 | 1115960 
RESULTADO: EXITO
============================================================


============================================================
ANALISIS: AMD | C1_SQUEEZE_CALL | ENTRADA: 258.97 | TP: 260.47 | SL: 255.97
Hora  |  Open  |  High  |  Low   |  Close |  Vol
16:00 | 243.97 | 243.99 | 240.12 | 240.56 | 1398117 
16:15 | 240.51 | 240.86 | 238.76 | 239.02 | 1485273 
16:30 | 238.98 | 239.81 | 237.58 | 239.00 | 1685730 
16:45 | 238.97 | 240.04 | 237.95 | 239.97 | 1356863 
17:00 | 240.00 | 240.70 | 239.08 | 239.11 | 978103 
17:15 | 239.11 | 240.25 | 238.21 | 238.54 | 954793 
17:30 | 238.54 | 239.61 | 238.06 | 239.33 | 581766 
17:45 | 239.29 | 239.71 | 238.69 | 238.83 | 343718 
18:00 | 238.83 | 239.77 | 238.81 | 238.93 | 433398 
18:15 | 238.92 | 239.46 | 237.60 | 238.17 | 849862 
18:30 | 238.23 | 238.55 | 237.65 | 238.30 | 622832 
18:45 | 238.30 | 238.76 | 237.78 | 238.56 | 584616 
19:00 | 238.52 | 240.80 | 238.52 | 239.85 | 1351729 
19:15 | 239.81 | 241.75 | 234.65 | 238.28 | 3411533 
19:30 | 238.35 | 247.98 | 236.34 | 245.73 | 5873341 
19:45 | 245.72 | 248.46 | 242.77 | 244.99 | 4222324 
20:00 | 244.94 | 245.05 | 239.06 | 240.66 | 3070438 
20:15 | 240.69 | 241.01 | 239.27 | 239.51 | 1364521 
20:30 | 239.62 | 240.34 | 238.77 | 239.27 | 1178200 
20:45 | 239.25 | 240.57 | 239.18 | 239.84 | 1036988 
21:00 | 239.93 | 240.90 | 239.45 | 240.27 | 1042027 
21:15 | 240.29 | 240.31 | 239.06 | 239.15 | 802745 
21:30 | 239.14 | 239.16 | 237.80 | 238.13 | 1193574 
21:45 | 238.14 | 238.63 | 237.03 | 237.55 | 1872650 
15:30 | 252.94 | 258.67 | 250.00 | 254.05 | 11294814 
15:45 | 254.01 | 254.77 | 250.20 | 251.72 | 5740507 
16:00 | 251.70 | 260.31 | 251.60 | 260.01 | 9248099 [ENTRADA]
16:15 | 260.00 | 262.74 | 258.84 | 261.87 | 6577966 
16:30 | 261.93 | 263.51 | 260.29 | 263.38 | 4524497 
16:45 | 263.40 | 263.48 | 258.73 | 258.97 | 3927214 
17:00 | 258.97 | 259.86 | 256.32 | 257.41 | 3828216 
17:15 | 257.41 | 260.50 | 257.36 | 260.26 | 2774673 
17:30 | 260.24 | 262.17 | 260.00 | 260.51 | 2656895 
17:45 | 260.56 | 261.60 | 259.62 | 260.40 | 2065357 
18:00 | 260.39 | 260.75 | 257.73 | 257.89 | 2093073 
18:15 | 257.89 | 258.50 | 257.00 | 257.69 | 1684933 
18:30 | 257.65 | 258.88 | 257.14 | 258.13 | 1633854 
18:45 | 258.13 | 258.16 | 253.90 | 255.10 | 3147081 
19:00 | 255.13 | 256.95 | 254.71 | 256.68 | 1834551 
19:15 | 256.68 | 257.24 | 254.58 | 255.60 | 1670420 
19:30 | 255.55 | 257.83 | 255.39 | 256.70 | 1820226 
19:45 | 256.70 | 256.79 | 254.75 | 254.96 | 1594168 
20:00 | 254.92 | 255.38 | 254.50 | 254.82 | 1172794 
20:15 | 254.85 | 255.48 | 254.70 | 255.07 | 932980 
20:30 | 255.09 | 255.66 | 253.37 | 253.86 | 1832352 
20:45 | 253.85 | 255.97 | 253.85 | 255.27 | 1657330 
21:00 | 255.27 | 256.50 | 254.82 | 256.45 | 1480357 
21:15 | 256.44 | 256.58 | 255.57 | 256.20 | 1849643 
21:30 | 256.20 | 257.45 | 255.99 | 256.74 | 1782490 
21:45 | 256.67 | 260.00 | 256.48 | 258.89 | 4010790 
15:30 | 251.92 | 254.28 | 249.03 | 249.35 | 5192836 
15:45 | 249.36 | 255.13 | 249.05 | 254.79 | 3794732 
16:00 | 254.95 | 258.88 | 253.40 | 258.84 | 3413063 
RESULTADO: EXITO
============================================================


============================================================
ANALISIS: NVDA | C1_SQUEEZE_CALL | ENTRADA: 192.36 | TP: 193.86 | SL: 187.86
Hora  |  Open  |  High  |  Low   |  Close |  Vol
16:00 | 187.60 | 187.65 | 186.42 | 187.09 | 6206491 
16:15 | 187.09 | 187.81 | 186.97 | 187.63 | 5491102 
16:30 | 187.64 | 187.86 | 186.81 | 187.27 | 4580845 
16:45 | 187.28 | 187.28 | 185.50 | 185.86 | 5384320 
17:00 | 185.87 | 186.48 | 185.46 | 185.71 | 4919410 
17:15 | 185.70 | 186.38 | 184.87 | 185.39 | 5571342 
17:30 | 185.38 | 185.46 | 184.67 | 185.18 | 3966291 
17:45 | 185.17 | 185.49 | 184.59 | 185.15 | 3577948 
18:00 | 185.14 | 185.21 | 183.98 | 184.18 | 4269542 
18:15 | 184.19 | 184.69 | 183.89 | 184.39 | 3501036 
18:30 | 184.38 | 184.54 | 182.83 | 184.09 | 4904635 
18:45 | 184.07 | 184.90 | 183.56 | 184.81 | 3662798 
19:00 | 184.80 | 185.60 | 184.46 | 185.23 | 4352632 
19:15 | 185.24 | 185.36 | 184.21 | 184.26 | 3469795 
19:30 | 184.25 | 185.90 | 184.12 | 184.95 | 3844220 
19:45 | 184.94 | 185.59 | 184.53 | 185.43 | 2977455 
20:00 | 185.42 | 185.54 | 184.56 | 185.32 | 3061038 
20:15 | 185.31 | 185.43 | 184.43 | 184.63 | 2905821 
20:30 | 184.63 | 185.03 | 184.36 | 185.01 | 3365535 
20:45 | 185.01 | 186.11 | 184.83 | 185.43 | 4552501 
21:00 | 185.41 | 186.12 | 185.37 | 186.04 | 3642227 
21:15 | 186.04 | 187.06 | 185.98 | 186.71 | 5661604 
21:30 | 186.72 | 187.35 | 186.35 | 186.77 | 5930567 
21:45 | 186.77 | 187.20 | 185.75 | 186.67 | 10202314 
15:30 | 196.00 | 196.00 | 192.29 | 194.22 | 24444536 
15:45 | 194.21 | 195.95 | 192.90 | 195.29 | 13440057 
16:00 | 195.29 | 195.59 | 192.95 | 193.24 | 10000018 [ENTRADA]
16:15 | 193.24 | 194.39 | 192.79 | 193.92 | 7956983 
16:30 | 193.92 | 194.65 | 193.50 | 193.81 | 6189566 
16:45 | 193.84 | 193.96 | 192.01 | 192.36 | 7519182 
17:00 | 192.36 | 192.38 | 189.75 | 189.83 | 10392132 
17:15 | 189.84 | 190.38 | 188.49 | 189.75 | 11324532 
17:30 | 189.73 | 189.95 | 186.66 | 187.10 | 10887592 
17:45 | 187.10 | 188.34 | 184.41 | 185.26 | 12767973 
18:00 | 185.24 | 186.85 | 183.38 | 184.14 | 11054197 
18:15 | 184.12 | 184.45 | 182.35 | 183.69 | 9516599 
18:30 | 183.69 | 184.41 | 181.72 | 183.01 | 8313386 
18:45 | 183.00 | 184.16 | 182.01 | 183.70 | 6790188 
19:00 | 183.71 | 185.89 | 183.28 | 185.70 | 8028759 
19:15 | 185.73 | 185.82 | 184.16 | 184.52 | 5849193 
19:30 | 184.50 | 184.87 | 182.72 | 182.95 | 5437672 
19:45 | 182.95 | 183.10 | 181.50 | 182.20 | 5600975 
20:00 | 182.18 | 182.50 | 180.96 | 181.73 | 6073772 
20:15 | 181.73 | 183.40 | 181.40 | 182.72 | 5259254 
20:30 | 182.71 | 182.72 | 181.37 | 182.48 | 5154990 
20:45 | 182.47 | 183.75 | 181.91 | 183.61 | 5133702 
21:00 | 183.62 | 183.69 | 182.01 | 182.51 | 4978519 
21:15 | 182.51 | 182.89 | 181.69 | 182.38 | 4853484 
21:30 | 182.39 | 182.53 | 180.55 | 180.91 | 7132423 
21:45 | 180.91 | 182.99 | 179.86 | 180.91 | 11790592 
15:30 | 181.24 | 182.30 | 176.72 | 178.30 | 18085022 
15:45 | 178.33 | 180.70 | 177.17 | 178.59 | 11208278 
16:00 | 178.65 | 179.86 | 177.28 | 177.73 | 9935786 
RESULTADO: EXITO
============================================================


============================================================
ANALISIS: MSFT | C1_SQUEEZE_CALL | ENTRADA: 487.58 | TP: 489.08 | SL: 484.58
Hora  |  Open  |  High  |  Low   |  Close |  Vol
16:00 | 476.66 | 477.86 | 475.90 | 477.30 | 465554 
16:15 | 477.30 | 478.26 | 476.80 | 477.74 | 318014 
16:30 | 477.67 | 478.03 | 476.20 | 476.46 | 380940 
16:45 | 476.38 | 476.76 | 475.43 | 476.41 | 391720 
17:00 | 476.39 | 477.42 | 475.95 | 476.13 | 340813 
17:15 | 476.10 | 477.32 | 475.76 | 477.10 | 311991 
17:30 | 477.07 | 477.08 | 476.08 | 476.31 | 323143 
17:45 | 476.28 | 476.40 | 475.22 | 476.04 | 324248 
18:00 | 476.08 | 477.76 | 475.74 | 476.74 | 411058 
18:15 | 476.74 | 477.74 | 476.61 | 477.25 | 231539 
18:30 | 477.25 | 478.05 | 477.00 | 477.20 | 356515 
18:45 | 477.19 | 478.12 | 476.71 | 477.95 | 268098 
19:00 | 477.96 | 478.77 | 477.86 | 478.01 | 417572 
19:15 | 478.00 | 478.96 | 477.60 | 478.55 | 355195 
19:30 | 478.53 | 478.75 | 477.70 | 478.07 | 258208 
19:45 | 478.04 | 478.81 | 477.58 | 478.78 | 272686 
20:00 | 478.80 | 479.00 | 478.37 | 478.61 | 232371 
20:15 | 478.61 | 479.23 | 478.55 | 478.84 | 232644 
20:30 | 478.83 | 479.79 | 478.50 | 479.42 | 290722 
20:45 | 479.39 | 480.00 | 479.05 | 479.15 | 347237 
21:00 | 479.17 | 479.50 | 478.12 | 478.64 | 273162 
21:15 | 478.62 | 478.78 | 478.04 | 478.19 | 360694 
21:30 | 478.23 | 478.84 | 477.91 | 478.74 | 353967 
21:45 | 478.75 | 478.75 | 475.00 | 476.06 | 2303153 
15:30 | 478.19 | 480.95 | 477.89 | 480.21 | 1132804 
15:45 | 480.21 | 483.83 | 480.21 | 483.45 | 804909 
16:00 | 483.45 | 485.40 | 483.26 | 483.72 | 987983 [ENTRADA]
16:15 | 483.72 | 485.25 | 482.94 | 484.74 | 829312 
16:30 | 484.71 | 486.92 | 484.29 | 486.73 | 710474 
16:45 | 486.77 | 487.58 | 486.40 | 487.58 | 516150 
17:00 | 487.56 | 488.04 | 487.06 | 487.26 | 371960 
17:15 | 487.25 | 488.08 | 487.10 | 487.65 | 463661 
17:30 | 487.64 | 489.60 | 487.60 | 488.81 | 597243 
17:45 | 488.80 | 488.95 | 487.16 | 487.19 | 330202 
18:00 | 487.17 | 487.34 | 484.55 | 485.18 | 379108 
18:15 | 485.08 | 485.67 | 484.19 | 484.95 | 362787 
18:30 | 484.96 | 486.58 | 484.77 | 486.54 | 300357 
18:45 | 486.58 | 487.15 | 485.95 | 486.83 | 267137 
19:00 | 486.83 | 487.01 | 485.96 | 486.86 | 268912 
19:15 | 486.86 | 487.14 | 486.36 | 486.48 | 165645 
19:30 | 486.57 | 487.44 | 486.57 | 486.89 | 237029 
19:45 | 486.89 | 487.03 | 486.24 | 486.39 | 185562 
20:00 | 486.35 | 486.38 | 484.97 | 485.78 | 298792 
20:15 | 485.78 | 485.78 | 485.07 | 485.56 | 283251 
20:30 | 485.56 | 485.66 | 484.24 | 484.55 | 189674 
20:45 | 484.56 | 485.31 | 483.85 | 484.08 | 244414 
21:00 | 484.08 | 484.77 | 483.87 | 484.28 | 252347 
21:15 | 484.28 | 484.73 | 483.39 | 484.60 | 364102 
21:30 | 484.61 | 485.62 | 484.21 | 485.48 | 374131 
21:45 | 485.48 | 486.02 | 483.85 | 483.88 | 1086619 
15:30 | 487.38 | 487.85 | 482.95 | 485.95 | 7183716 
15:45 | 486.00 | 487.85 | 485.86 | 486.47 | 619881 
16:00 | 486.58 | 487.47 | 485.88 | 486.09 | 376768 
RESULTADO: FALLO
============================================================


============================================================
ANALISIS: NVDA | C1_SQUEEZE_CALL | ENTRADA: 184.24 | TP: 185.74 | SL: 179.74
Hora  |  Open  |  High  |  Low   |  Close |  Vol
17:00 | 180.93 | 181.40 | 180.22 | 180.37 | 3450337 
17:15 | 180.36 | 180.92 | 180.28 | 180.55 | 2886318 
17:30 | 180.55 | 181.22 | 180.48 | 181.03 | 2426679 
17:45 | 181.05 | 181.15 | 179.82 | 179.99 | 3108091 
18:00 | 180.00 | 180.48 | 179.90 | 180.42 | 2858832 
18:15 | 180.43 | 180.65 | 180.19 | 180.38 | 2075563 
18:30 | 180.37 | 180.45 | 180.06 | 180.23 | 1739911 
18:45 | 180.22 | 180.74 | 180.17 | 180.66 | 1987934 
19:00 | 180.67 | 180.98 | 180.45 | 180.72 | 2397541 
19:15 | 180.72 | 180.84 | 180.42 | 180.65 | 1594237 
19:30 | 180.66 | 181.22 | 180.64 | 181.04 | 2697469 
19:45 | 181.05 | 181.08 | 180.44 | 180.58 | 2105244 
20:00 | 180.57 | 181.28 | 180.53 | 181.15 | 2817875 
20:15 | 181.16 | 181.18 | 180.70 | 180.75 | 1982611 
20:30 | 180.74 | 180.96 | 180.66 | 180.89 | 2146983 
20:45 | 180.88 | 180.89 | 180.53 | 180.65 | 2181093 
21:00 | 180.65 | 180.86 | 180.26 | 180.36 | 3006149 
21:15 | 180.36 | 180.37 | 179.91 | 180.02 | 3441312 
21:30 | 180.02 | 180.03 | 179.49 | 179.74 | 4648361 
21:45 | 179.74 | 179.90 | 179.27 | 179.64 | 8664778 
15:30 | 181.62 | 183.11 | 180.00 | 181.88 | 12258668 
15:45 | 181.86 | 182.69 | 180.66 | 180.71 | 7408595 
16:00 | 180.71 | 181.22 | 180.08 | 180.43 | 6113859 
16:15 | 180.42 | 181.30 | 180.06 | 181.08 | 5113896 
16:30 | 181.09 | 182.90 | 181.01 | 182.72 | 6723646 
16:45 | 182.73 | 183.01 | 181.73 | 181.74 | 5457399 
17:00 | 181.73 | 182.06 | 181.15 | 181.95 | 4101893 [ENTRADA]
17:15 | 181.95 | 182.72 | 181.77 | 182.64 | 4032944 
17:30 | 182.63 | 183.34 | 182.49 | 182.97 | 4597548 
17:45 | 182.98 | 184.27 | 182.95 | 184.24 | 5956835 
18:00 | 184.22 | 184.52 | 183.27 | 183.91 | 5545252 
18:15 | 183.91 | 184.13 | 183.52 | 183.55 | 3433523 
18:30 | 183.54 | 184.08 | 183.34 | 184.05 | 2771141 
18:45 | 184.06 | 184.11 | 183.39 | 183.48 | 2414072 
19:00 | 183.48 | 183.58 | 183.06 | 183.50 | 2628653 
19:15 | 183.51 | 183.68 | 183.26 | 183.62 | 2086816 
19:30 | 183.60 | 183.79 | 183.14 | 183.23 | 2050075 
19:45 | 183.24 | 183.59 | 183.11 | 183.46 | 1799224 
20:00 | 183.46 | 183.49 | 182.81 | 182.93 | 2382800 
20:15 | 182.94 | 182.95 | 182.00 | 182.31 | 4078472 
20:30 | 182.31 | 183.24 | 182.25 | 182.97 | 2864787 
20:45 | 182.97 | 183.22 | 182.60 | 182.85 | 3135761 
21:00 | 182.84 | 182.92 | 182.34 | 182.80 | 2130785 
21:15 | 182.80 | 182.80 | 182.31 | 182.32 | 2210213 
21:30 | 182.33 | 182.62 | 182.28 | 182.59 | 2284031 
21:45 | 182.60 | 183.70 | 182.48 | 183.40 | 6081009 
15:30 | 183.89 | 184.66 | 180.91 | 181.24 | 10622328 
15:45 | 181.25 | 182.22 | 181.14 | 181.96 | 7238024 
16:00 | 181.95 | 183.27 | 181.57 | 183.14 | 6838326 
16:15 | 183.14 | 183.30 | 182.33 | 182.77 | 4667511 
16:30 | 182.76 | 183.35 | 182.51 | 182.66 | 3867105 
16:45 | 182.64 | 182.85 | 181.64 | 181.98 | 4582213 
17:00 | 181.97 | 182.33 | 181.66 | 181.70 | 3502185 
RESULTADO: EN CURSO
============================================================


============================================================
ANALISIS: MSFT | C1_SQUEEZE_CALL | ENTRADA: 478.51 | TP: 480.01 | SL: 475.51
Hora  |  Open  |  High  |  Low   |  Close |  Vol
21:00 | 473.95 | 474.17 | 473.64 | 473.82 | 303397 
21:15 | 473.83 | 473.95 | 473.39 | 473.71 | 354411 
21:30 | 473.71 | 474.50 | 473.34 | 473.38 | 618826 
21:45 | 473.38 | 473.56 | 472.04 | 472.92 | 1363357 
15:30 | 473.80 | 474.25 | 470.86 | 471.50 | 1073698 
15:45 | 471.49 | 473.43 | 471.30 | 471.61 | 614423 
16:00 | 471.57 | 471.65 | 469.75 | 470.36 | 885696 
16:15 | 470.32 | 472.07 | 470.23 | 471.70 | 467390 
16:30 | 471.67 | 472.65 | 471.58 | 471.72 | 467604 
16:45 | 471.70 | 472.58 | 471.59 | 472.19 | 309448 
17:00 | 472.17 | 472.42 | 471.35 | 472.17 | 295196 
17:15 | 472.15 | 472.50 | 471.82 | 472.22 | 254711 
17:30 | 472.22 | 472.26 | 471.36 | 471.38 | 211248 
17:45 | 471.38 | 472.00 | 471.12 | 471.32 | 186630 
18:00 | 471.31 | 472.15 | 471.12 | 472.04 | 225665 
18:15 | 472.04 | 473.14 | 471.99 | 472.72 | 301999 
18:30 | 472.75 | 475.57 | 472.73 | 475.00 | 627990 
18:45 | 475.01 | 475.81 | 474.81 | 475.60 | 351573 
19:00 | 475.62 | 475.66 | 474.49 | 474.59 | 259176 
19:15 | 474.63 | 475.09 | 474.03 | 474.06 | 231570 
19:30 | 474.04 | 475.23 | 473.93 | 475.19 | 252713 
19:45 | 475.23 | 477.60 | 475.20 | 476.20 | 328551 
20:00 | 476.26 | 476.70 | 475.50 | 476.64 | 292740 
20:15 | 476.65 | 476.99 | 476.41 | 476.72 | 231876 
20:30 | 476.72 | 476.74 | 476.04 | 476.46 | 215664 
20:45 | 476.46 | 477.13 | 476.38 | 476.83 | 294897 
21:00 | 476.84 | 477.11 | 476.28 | 477.05 | 258822 [ENTRADA]
21:15 | 477.05 | 477.84 | 476.98 | 477.20 | 433219 
21:30 | 477.18 | 477.82 | 476.86 | 477.65 | 336247 
21:45 | 477.63 | 478.74 | 477.10 | 478.51 | 1290200 
15:30 | 479.75 | 485.12 | 477.95 | 483.96 | 2114285 
15:45 | 483.96 | 484.78 | 483.20 | 483.62 | 720000 
16:00 | 483.68 | 484.11 | 482.42 | 483.78 | 664054 
16:15 | 483.81 | 484.18 | 482.75 | 483.40 | 586820 
16:30 | 483.38 | 486.90 | 483.35 | 486.39 | 1024240 
16:45 | 486.39 | 487.73 | 486.27 | 487.72 | 610163 
17:00 | 487.74 | 489.70 | 487.73 | 488.65 | 872981 
17:15 | 488.65 | 489.02 | 487.58 | 487.71 | 557318 
17:30 | 487.71 | 487.81 | 486.80 | 487.47 | 472092 
17:45 | 487.46 | 488.39 | 487.31 | 487.88 | 335862 
18:00 | 487.85 | 488.75 | 487.62 | 488.46 | 413526 
18:15 | 488.45 | 488.81 | 487.57 | 488.23 | 420780 
18:30 | 488.19 | 488.94 | 487.66 | 488.87 | 344358 
18:45 | 488.91 | 489.17 | 488.19 | 488.87 | 382988 
19:00 | 488.87 | 488.94 | 488.00 | 488.35 | 275596 
19:15 | 488.36 | 488.71 | 487.93 | 488.32 | 254380 
19:30 | 488.36 | 488.58 | 488.21 | 488.41 | 264200 
19:45 | 488.42 | 488.85 | 487.54 | 487.58 | 323352 
20:00 | 487.61 | 487.61 | 485.79 | 485.93 | 356446 
20:15 | 485.92 | 485.97 | 485.20 | 485.49 | 285942 
20:30 | 485.51 | 485.52 | 484.91 | 485.18 | 249683 
20:45 | 485.19 | 485.48 | 484.96 | 484.99 | 217191 
21:00 | 485.00 | 485.22 | 484.13 | 484.35 | 249796 
RESULTADO: EXITO
============================================================


============================================================
ANALISIS: MSFT | C1_SQUEEZE_CALL | ENTRADA: 487.72 | TP: 489.22 | SL: 484.72
Hora  |  Open  |  High  |  Low   |  Close |  Vol
16:00 | 471.57 | 471.65 | 469.75 | 470.36 | 885696 
16:15 | 470.32 | 472.07 | 470.23 | 471.70 | 467390 
16:30 | 471.67 | 472.65 | 471.58 | 471.72 | 467604 
16:45 | 471.70 | 472.58 | 471.59 | 472.19 | 309448 
17:00 | 472.17 | 472.42 | 471.35 | 472.17 | 295196 
17:15 | 472.15 | 472.50 | 471.82 | 472.22 | 254711 
17:30 | 472.22 | 472.26 | 471.36 | 471.38 | 211248 
17:45 | 471.38 | 472.00 | 471.12 | 471.32 | 186630 
18:00 | 471.31 | 472.15 | 471.12 | 472.04 | 225665 
18:15 | 472.04 | 473.14 | 471.99 | 472.72 | 301999 
18:30 | 472.75 | 475.57 | 472.73 | 475.00 | 627990 
18:45 | 475.01 | 475.81 | 474.81 | 475.60 | 351573 
19:00 | 475.62 | 475.66 | 474.49 | 474.59 | 259176 
19:15 | 474.63 | 475.09 | 474.03 | 474.06 | 231570 
19:30 | 474.04 | 475.23 | 473.93 | 475.19 | 252713 
19:45 | 475.23 | 477.60 | 475.20 | 476.20 | 328551 
20:00 | 476.26 | 476.70 | 475.50 | 476.64 | 292740 
20:15 | 476.65 | 476.99 | 476.41 | 476.72 | 231876 
20:30 | 476.72 | 476.74 | 476.04 | 476.46 | 215664 
20:45 | 476.46 | 477.13 | 476.38 | 476.83 | 294897 
21:00 | 476.84 | 477.11 | 476.28 | 477.05 | 258822 
21:15 | 477.05 | 477.84 | 476.98 | 477.20 | 433219 
21:30 | 477.18 | 477.82 | 476.86 | 477.65 | 336247 
21:45 | 477.63 | 478.74 | 477.10 | 478.51 | 1290200 
15:30 | 479.75 | 485.12 | 477.95 | 483.96 | 2114285 
15:45 | 483.96 | 484.78 | 483.20 | 483.62 | 720000 
16:00 | 483.68 | 484.11 | 482.42 | 483.78 | 664054 [ENTRADA]
16:15 | 483.81 | 484.18 | 482.75 | 483.40 | 586820 
16:30 | 483.38 | 486.90 | 483.35 | 486.39 | 1024240 
16:45 | 486.39 | 487.73 | 486.27 | 487.72 | 610163 
17:00 | 487.74 | 489.70 | 487.73 | 488.65 | 872981 
17:15 | 488.65 | 489.02 | 487.58 | 487.71 | 557318 
17:30 | 487.71 | 487.81 | 486.80 | 487.47 | 472092 
17:45 | 487.46 | 488.39 | 487.31 | 487.88 | 335862 
18:00 | 487.85 | 488.75 | 487.62 | 488.46 | 413526 
18:15 | 488.45 | 488.81 | 487.57 | 488.23 | 420780 
18:30 | 488.19 | 488.94 | 487.66 | 488.87 | 344358 
18:45 | 488.91 | 489.17 | 488.19 | 488.87 | 382988 
19:00 | 488.87 | 488.94 | 488.00 | 488.35 | 275596 
19:15 | 488.36 | 488.71 | 487.93 | 488.32 | 254380 
19:30 | 488.36 | 488.58 | 488.21 | 488.41 | 264200 
19:45 | 488.42 | 488.85 | 487.54 | 487.58 | 323352 
20:00 | 487.61 | 487.61 | 485.79 | 485.93 | 356446 
20:15 | 485.92 | 485.97 | 485.20 | 485.49 | 285942 
20:30 | 485.51 | 485.52 | 484.91 | 485.18 | 249683 
20:45 | 485.19 | 485.48 | 484.96 | 484.99 | 217191 
21:00 | 485.00 | 485.22 | 484.13 | 484.35 | 249796 
21:15 | 484.35 | 484.91 | 484.19 | 484.55 | 390824 
21:30 | 484.53 | 484.56 | 483.52 | 483.95 | 436256 
21:45 | 483.95 | 484.08 | 483.02 | 483.50 | 1030912 
15:30 | 481.24 | 482.66 | 476.11 | 476.56 | 1119073 
15:45 | 476.53 | 479.09 | 475.86 | 477.96 | 724820 
16:00 | 477.89 | 479.49 | 477.44 | 478.41 | 556106 
RESULTADO: FALLO
============================================================


============================================================
ANALISIS: TSLA | C1_SQUEEZE_CALL | ENTRADA: 459.13 | TP: 460.63 | SL: 454.63
Hora  |  Open  |  High  |  Low   |  Close |  Vol
21:00 | 446.62 | 446.99 | 446.20 | 446.32 | 613394 
21:15 | 446.31 | 446.60 | 444.51 | 444.99 | 1260320 
21:30 | 444.98 | 445.97 | 444.18 | 445.26 | 1467298 
21:45 | 445.27 | 447.00 | 445.24 | 446.94 | 1939396 
15:30 | 448.09 | 459.88 | 447.98 | 458.13 | 7889983 
15:45 | 458.13 | 463.01 | 457.37 | 460.72 | 6180834 
16:00 | 460.75 | 461.04 | 454.17 | 454.83 | 5478102 
16:15 | 454.79 | 456.60 | 449.88 | 450.13 | 4498180 
16:30 | 450.16 | 451.89 | 447.66 | 450.27 | 4049289 
16:45 | 450.26 | 451.58 | 447.47 | 448.08 | 2993813 
17:00 | 448.02 | 449.84 | 444.85 | 445.99 | 3297266 
17:15 | 445.90 | 447.36 | 443.93 | 445.93 | 2324051 
17:30 | 445.93 | 445.94 | 441.67 | 443.64 | 2520315 
17:45 | 443.58 | 444.17 | 442.07 | 443.40 | 1594092 
18:00 | 443.41 | 446.80 | 443.13 | 446.49 | 2288994 
18:15 | 446.52 | 449.18 | 446.44 | 448.04 | 2637039 
18:30 | 448.04 | 449.94 | 447.36 | 449.30 | 1903919 
18:45 | 449.28 | 451.70 | 449.23 | 450.85 | 2096419 
19:00 | 450.85 | 454.37 | 450.60 | 454.11 | 2584015 
19:15 | 454.10 | 455.66 | 453.59 | 455.61 | 2851726 
19:30 | 455.61 | 456.39 | 454.30 | 454.60 | 2725192 
19:45 | 454.65 | 456.10 | 453.43 | 453.63 | 2008514 
20:00 | 453.65 | 454.00 | 452.05 | 452.28 | 1977073 
20:15 | 452.28 | 452.75 | 450.09 | 450.90 | 1922244 
20:30 | 450.94 | 453.09 | 450.90 | 452.30 | 1730213 
20:45 | 452.30 | 452.79 | 451.08 | 452.39 | 1378666 
21:00 | 452.40 | 453.85 | 452.04 | 452.53 | 1694133 [ENTRADA]
21:15 | 452.54 | 455.69 | 452.20 | 455.07 | 2655135 
21:30 | 455.05 | 456.90 | 453.75 | 456.12 | 2901101 
21:45 | 456.09 | 459.17 | 456.01 | 459.13 | 4902290 
15:30 | 469.45 | 481.32 | 467.66 | 476.17 | 13251180 
15:45 | 476.19 | 481.18 | 475.32 | 477.56 | 6950966 
16:00 | 477.67 | 477.77 | 472.42 | 474.06 | 5491835 
16:15 | 474.03 | 477.07 | 470.71 | 472.13 | 4678188 
16:30 | 472.14 | 479.10 | 471.38 | 479.00 | 4307601 
16:45 | 479.05 | 480.17 | 477.52 | 478.59 | 4035448 
17:00 | 478.59 | 478.72 | 475.93 | 476.51 | 2502382 
17:15 | 476.52 | 481.77 | 476.40 | 481.04 | 3671355 
17:30 | 481.15 | 481.66 | 476.66 | 477.41 | 3090530 
17:45 | 477.43 | 478.80 | 476.13 | 477.26 | 2167738 
18:00 | 477.29 | 477.59 | 475.06 | 477.45 | 2181231 
18:15 | 477.45 | 477.75 | 475.63 | 476.99 | 1605022 
18:30 | 476.96 | 477.72 | 476.01 | 477.19 | 1418811 
18:45 | 477.17 | 477.42 | 474.49 | 477.36 | 2104633 
19:00 | 477.34 | 478.44 | 476.64 | 477.62 | 1720017 
19:15 | 477.66 | 477.86 | 475.26 | 475.70 | 1320539 
19:30 | 475.73 | 476.70 | 474.57 | 476.17 | 1576380 
19:45 | 476.16 | 477.40 | 475.53 | 477.12 | 1291047 
20:00 | 477.11 | 478.33 | 475.65 | 475.65 | 1950423 
20:15 | 475.65 | 477.96 | 475.54 | 476.67 | 1669944 
20:30 | 476.67 | 476.88 | 475.73 | 476.81 | 1326891 
20:45 | 476.81 | 478.88 | 476.45 | 478.81 | 1885081 
21:00 | 478.79 | 478.83 | 476.80 | 477.73 | 1892446 
RESULTADO: FALLO
============================================================


============================================================
ANALISIS: MSFT | C1_SQUEEZE_CALL | ENTRADA: 467.73 | TP: 469.23 | SL: 464.73
Hora  |  Open  |  High  |  Low   |  Close |  Vol
16:00 | 446.09 | 446.70 | 444.97 | 444.97 | 747339 
16:15 | 444.99 | 446.94 | 444.70 | 446.79 | 722425 
16:30 | 446.79 | 447.56 | 446.19 | 446.96 | 652564 
16:45 | 446.94 | 447.50 | 446.48 | 446.57 | 470983 
17:00 | 446.57 | 447.19 | 446.47 | 447.13 | 551579 
17:15 | 447.13 | 449.19 | 447.01 | 449.16 | 616281 
17:30 | 449.17 | 449.49 | 448.50 | 449.16 | 484810 
17:45 | 449.18 | 449.87 | 449.00 | 449.50 | 390470 
18:00 | 449.50 | 450.22 | 449.29 | 449.79 | 486540 
18:15 | 449.79 | 450.21 | 449.51 | 449.92 | 293868 
18:30 | 449.91 | 451.16 | 449.89 | 450.90 | 396550 
18:45 | 450.90 | 451.75 | 450.89 | 451.56 | 304468 
19:00 | 451.54 | 452.84 | 451.25 | 451.33 | 504020 
19:15 | 451.33 | 452.06 | 451.18 | 451.89 | 342283 
19:30 | 451.86 | 452.32 | 451.29 | 451.31 | 343457 
19:45 | 451.35 | 451.82 | 450.93 | 450.94 | 367548 
20:00 | 450.94 | 451.84 | 450.84 | 451.56 | 336118 
20:15 | 451.55 | 451.95 | 451.33 | 451.73 | 246192 
20:30 | 451.71 | 451.79 | 451.03 | 451.03 | 284299 
20:45 | 451.00 | 451.08 | 449.98 | 450.00 | 349415 
21:00 | 450.02 | 451.02 | 449.94 | 450.98 | 458886 
21:15 | 451.01 | 451.13 | 450.34 | 450.40 | 387121 
21:30 | 450.39 | 450.69 | 449.66 | 450.09 | 530606 
21:45 | 450.12 | 451.49 | 450.12 | 451.15 | 1188550 
15:30 | 451.87 | 455.20 | 450.62 | 454.63 | 2023497 
15:45 | 454.70 | 457.67 | 453.60 | 457.28 | 1467941 
16:00 | 457.28 | 462.49 | 457.28 | 461.34 | 1816485 [ENTRADA]
16:15 | 461.35 | 463.71 | 461.32 | 463.15 | 1198124 
16:30 | 463.13 | 465.82 | 463.13 | 464.84 | 1229481 
16:45 | 464.79 | 467.79 | 464.48 | 467.73 | 1294474 
17:00 | 467.75 | 469.28 | 467.31 | 468.94 | 1206868 
17:15 | 468.94 | 469.25 | 466.59 | 466.69 | 1169513 
17:30 | 466.65 | 468.67 | 465.58 | 468.51 | 1377292 
17:45 | 468.53 | 469.55 | 467.52 | 467.66 | 1027714 
18:00 | 467.68 | 469.31 | 466.91 | 469.30 | 665577 
18:15 | 469.30 | 470.17 | 468.34 | 469.83 | 812741 
18:30 | 469.83 | 470.25 | 468.33 | 468.64 | 731454 
18:45 | 468.57 | 469.13 | 467.70 | 468.34 | 527988 
19:00 | 468.36 | 470.25 | 468.16 | 469.93 | 652793 
19:15 | 469.91 | 470.89 | 469.75 | 470.71 | 744287 
19:30 | 470.74 | 471.10 | 468.88 | 469.01 | 610794 
19:45 | 469.01 | 469.20 | 468.07 | 468.12 | 363985 
20:00 | 468.10 | 469.51 | 467.92 | 469.31 | 398758 
20:15 | 469.30 | 469.95 | 469.11 | 469.52 | 425089 
20:30 | 469.54 | 469.86 | 468.69 | 469.18 | 406045 
20:45 | 469.20 | 469.49 | 468.44 | 468.58 | 276351 
21:00 | 468.58 | 468.67 | 467.13 | 467.59 | 458358 
21:15 | 467.57 | 467.82 | 467.04 | 467.70 | 437976 
21:30 | 467.69 | 468.68 | 467.18 | 468.58 | 615178 
21:45 | 468.55 | 468.60 | 465.65 | 465.81 | 3046363 
15:30 | 465.32 | 467.68 | 462.00 | 466.98 | 2322833 
15:45 | 467.01 | 470.35 | 466.12 | 468.91 | 1180259 
16:00 | 468.93 | 469.98 | 468.04 | 469.06 | 908147 
RESULTADO: FALLO
============================================================


============================================================
ANALISIS: AAPL | C1_SQUEEZE_CALL | ENTRADA: 254.80 | TP: 256.30 | SL: 251.80
Hora  |  Open  |  High  |  Low   |  Close |  Vol
16:00 | 245.92 | 246.47 | 245.81 | 245.95 | 1147983 
16:15 | 245.94 | 247.24 | 245.71 | 247.01 | 1344105 
16:30 | 247.02 | 248.34 | 246.97 | 248.04 | 984529 
16:45 | 248.05 | 249.30 | 247.85 | 248.98 | 926707 
17:00 | 248.98 | 249.41 | 248.64 | 248.83 | 671948 
17:15 | 248.83 | 248.94 | 248.28 | 248.35 | 685133 
17:30 | 248.37 | 248.71 | 247.87 | 248.32 | 826394 
17:45 | 248.31 | 248.63 | 248.04 | 248.24 | 546877 
18:00 | 248.24 | 248.26 | 247.88 | 248.05 | 510535 
18:15 | 248.06 | 248.80 | 247.95 | 248.74 | 572948 
18:30 | 248.72 | 248.81 | 247.89 | 248.09 | 417961 
18:45 | 248.08 | 248.22 | 247.61 | 247.79 | 536155 
19:00 | 247.77 | 248.06 | 247.65 | 247.70 | 478632 
19:15 | 247.72 | 248.16 | 247.69 | 247.93 | 429085 
19:30 | 247.96 | 248.03 | 247.34 | 247.38 | 577742 
19:45 | 247.38 | 247.56 | 246.96 | 247.52 | 622501 
20:00 | 247.53 | 247.88 | 247.22 | 247.76 | 784419 
20:15 | 247.76 | 248.01 | 247.47 | 247.48 | 521861 
20:30 | 247.47 | 248.20 | 247.40 | 248.15 | 404792 
20:45 | 248.15 | 248.25 | 247.91 | 248.17 | 375570 
21:00 | 248.17 | 248.26 | 247.96 | 248.19 | 415372 
21:15 | 248.18 | 248.47 | 248.15 | 248.19 | 694543 
21:30 | 248.19 | 248.73 | 248.06 | 248.71 | 717080 
21:45 | 248.71 | 248.85 | 247.74 | 247.97 | 2005273 
15:30 | 251.50 | 253.25 | 249.80 | 252.71 | 4252907 
15:45 | 252.73 | 253.79 | 252.27 | 252.74 | 1824427 
16:00 | 252.75 | 254.10 | 252.62 | 253.68 | 1926063 [ENTRADA]
16:15 | 253.70 | 254.89 | 253.51 | 254.04 | 1667604 
16:30 | 254.02 | 255.34 | 253.92 | 254.96 | 1737074 
16:45 | 254.98 | 255.50 | 254.67 | 254.80 | 1217037 
17:00 | 254.81 | 255.33 | 254.56 | 255.12 | 1129487 
17:15 | 255.14 | 255.21 | 254.23 | 255.10 | 901239 
17:30 | 255.09 | 255.28 | 254.81 | 255.00 | 973711 
17:45 | 255.01 | 255.25 | 254.60 | 254.86 | 593204 
18:00 | 254.87 | 255.43 | 254.26 | 254.29 | 765167 
18:15 | 254.29 | 254.85 | 254.28 | 254.50 | 454673 
18:30 | 254.47 | 254.75 | 254.43 | 254.66 | 431862 
18:45 | 254.66 | 254.67 | 254.08 | 254.33 | 413209 
19:00 | 254.33 | 254.48 | 254.08 | 254.24 | 411360 
19:15 | 254.24 | 254.69 | 254.09 | 254.66 | 396211 
19:30 | 254.64 | 255.17 | 254.32 | 254.59 | 538333 
19:45 | 254.58 | 255.35 | 254.48 | 255.11 | 697631 
20:00 | 255.10 | 255.56 | 255.10 | 255.46 | 716491 
20:15 | 255.45 | 255.97 | 255.28 | 255.94 | 866069 
20:30 | 255.93 | 256.27 | 255.71 | 256.13 | 856530 
20:45 | 256.13 | 256.56 | 256.07 | 256.10 | 856406 
21:00 | 256.11 | 256.37 | 255.73 | 255.80 | 727438 
21:15 | 255.81 | 255.96 | 255.47 | 255.73 | 924638 
21:30 | 255.73 | 255.99 | 255.45 | 255.51 | 896641 
21:45 | 255.51 | 255.66 | 254.75 | 255.42 | 2754752 
15:30 | 259.14 | 260.78 | 258.66 | 260.59 | 5191950 
15:45 | 260.60 | 261.95 | 260.38 | 261.47 | 2787388 
16:00 | 261.48 | 261.58 | 259.95 | 260.03 | 1866989 
RESULTADO: EXITO
============================================================


============================================================
ANALISIS: AAPL | C1_SQUEEZE_CALL | ENTRADA: 269.99 | TP: 271.49 | SL: 266.99
Hora  |  Open  |  High  |  Low   |  Close |  Vol
21:00 | 258.29 | 258.74 | 257.56 | 258.65 | 1179716 
21:15 | 258.65 | 259.92 | 258.45 | 259.91 | 1812636 
21:30 | 259.92 | 261.04 | 259.82 | 260.99 | 2693332 
21:45 | 260.98 | 261.90 | 258.00 | 258.24 | 6952790 
15:30 | 260.02 | 263.97 | 259.20 | 261.16 | 5145495 
15:45 | 261.17 | 263.93 | 260.92 | 263.32 | 2670693 
16:00 | 263.29 | 264.69 | 263.16 | 264.66 | 2728424 
16:15 | 264.63 | 265.25 | 264.08 | 265.04 | 1955022 
16:30 | 265.04 | 265.37 | 263.59 | 263.95 | 1383518 
16:45 | 263.92 | 263.97 | 262.30 | 262.74 | 1064976 
17:00 | 262.70 | 263.42 | 262.51 | 263.25 | 855286 
17:15 | 263.24 | 264.57 | 263.13 | 264.29 | 859130 
17:30 | 264.31 | 264.73 | 264.21 | 264.69 | 652970 
17:45 | 264.71 | 264.71 | 263.89 | 264.47 | 594363 
18:00 | 264.45 | 264.85 | 264.33 | 264.39 | 629588 
18:15 | 264.38 | 264.51 | 263.81 | 264.18 | 608158 
18:30 | 264.19 | 264.44 | 263.78 | 263.93 | 515838 
18:45 | 263.93 | 264.43 | 263.85 | 264.17 | 417573 
19:00 | 264.19 | 265.31 | 264.19 | 264.79 | 832815 
19:15 | 264.78 | 265.27 | 264.61 | 265.16 | 638891 
19:30 | 265.15 | 265.70 | 265.01 | 265.39 | 903032 
19:45 | 265.38 | 266.74 | 265.34 | 266.71 | 1368114 
20:00 | 266.70 | 267.14 | 266.54 | 267.12 | 1441150 
20:15 | 267.10 | 267.35 | 266.76 | 267.18 | 1218408 
20:30 | 267.13 | 267.44 | 266.82 | 267.29 | 1170351 
20:45 | 267.30 | 268.28 | 267.23 | 268.00 | 1521159 
21:00 | 268.03 | 269.57 | 267.85 | 268.55 | 2569994 [ENTRADA]
21:15 | 268.55 | 269.40 | 268.31 | 268.98 | 1394920 
21:30 | 268.98 | 269.72 | 268.84 | 269.45 | 1830182 
21:45 | 269.43 | 270.49 | 269.40 | 269.99 | 4685613 
15:30 | 269.20 | 270.33 | 267.68 | 268.21 | 3062553 
15:45 | 268.23 | 271.58 | 268.14 | 270.36 | 2423990 
16:00 | 270.38 | 270.68 | 268.70 | 268.95 | 1561682 
16:15 | 268.95 | 270.01 | 268.38 | 269.88 | 1602073 
16:30 | 269.85 | 269.97 | 267.61 | 268.41 | 1253071 
16:45 | 268.42 | 271.14 | 268.29 | 271.07 | 1571414 
17:00 | 271.08 | 271.29 | 269.97 | 270.09 | 1557817 
17:15 | 270.09 | 270.59 | 268.77 | 268.90 | 1239464 
17:30 | 268.90 | 270.50 | 268.55 | 269.74 | 1410019 
17:45 | 269.76 | 269.98 | 268.78 | 268.96 | 598588 
18:00 | 268.94 | 269.78 | 268.64 | 268.92 | 918527 
18:15 | 268.90 | 269.34 | 268.29 | 268.90 | 971244 
18:30 | 268.89 | 269.55 | 268.74 | 269.44 | 1337909 
18:45 | 269.41 | 270.00 | 269.01 | 269.63 | 929861 
19:00 | 269.68 | 270.39 | 269.32 | 269.38 | 800173 
19:15 | 269.35 | 269.99 | 268.93 | 269.34 | 803427 
19:30 | 269.34 | 269.69 | 268.85 | 269.53 | 996777 
19:45 | 269.53 | 270.57 | 269.37 | 270.25 | 927236 
20:00 | 270.26 | 270.98 | 269.92 | 270.84 | 1402463 
20:15 | 270.82 | 271.88 | 270.61 | 271.48 | 1451969 
20:30 | 271.47 | 271.70 | 270.66 | 270.95 | 825785 
20:45 | 270.96 | 271.16 | 269.95 | 270.00 | 890743 
21:00 | 269.97 | 270.24 | 268.65 | 269.83 | 1142704 
RESULTADO: EXITO
============================================================


============================================================
ANALISIS: AMD | C1_SQUEEZE_CALL | ENTRADA: 250.53 | TP: 252.03 | SL: 247.53
Hora  |  Open  |  High  |  Low   |  Close |  Vol
16:00 | 233.11 | 235.63 | 232.64 | 234.83 | 2233346 
16:15 | 234.78 | 237.58 | 233.41 | 237.22 | 2196633 
16:30 | 237.22 | 239.48 | 236.60 | 238.77 | 1861728 
16:45 | 238.81 | 239.09 | 237.23 | 238.41 | 1503852 
17:00 | 238.37 | 238.90 | 237.75 | 238.20 | 1279117 
17:15 | 238.22 | 238.56 | 237.45 | 238.37 | 1190100 
17:30 | 238.33 | 239.50 | 237.77 | 238.33 | 1320070 
17:45 | 238.37 | 239.13 | 237.67 | 238.78 | 857318 
18:00 | 238.75 | 238.75 | 236.50 | 236.70 | 802253 
18:15 | 236.70 | 236.84 | 235.96 | 236.10 | 810926 
18:30 | 236.12 | 236.33 | 235.35 | 235.53 | 674216 
18:45 | 235.54 | 235.54 | 234.61 | 235.04 | 814114 
19:00 | 235.02 | 235.70 | 234.86 | 235.29 | 501912 
19:15 | 235.23 | 235.29 | 233.49 | 233.59 | 581873 
19:30 | 233.55 | 233.71 | 232.15 | 232.17 | 709528 
19:45 | 232.16 | 232.34 | 231.31 | 231.95 | 805052 
20:00 | 231.91 | 232.41 | 231.18 | 231.57 | 550714 
20:15 | 231.57 | 231.64 | 231.11 | 231.59 | 551266 
20:30 | 231.61 | 231.82 | 230.80 | 231.08 | 604037 
20:45 | 231.03 | 232.09 | 230.86 | 231.65 | 530296 
21:00 | 231.66 | 232.17 | 231.13 | 231.17 | 483713 
21:15 | 231.20 | 231.88 | 231.02 | 231.42 | 685702 
21:30 | 231.47 | 232.08 | 231.41 | 231.88 | 596294 
21:45 | 231.93 | 232.70 | 231.21 | 231.94 | 1518075 
15:30 | 235.91 | 242.15 | 235.78 | 239.71 | 4825591 
15:45 | 239.70 | 245.54 | 239.43 | 245.52 | 3814408 
16:00 | 245.49 | 247.60 | 244.92 | 245.75 | 3733082 [ENTRADA]
16:15 | 245.70 | 247.96 | 245.68 | 246.75 | 2631103 
16:30 | 246.81 | 251.88 | 246.79 | 251.14 | 3547225 
16:45 | 251.13 | 252.90 | 250.24 | 250.53 | 2695611 
17:00 | 250.48 | 251.94 | 250.26 | 251.31 | 1436613 
17:15 | 251.27 | 252.63 | 251.26 | 252.35 | 1386995 
17:30 | 252.33 | 252.50 | 249.90 | 250.13 | 1501007 
17:45 | 250.07 | 250.93 | 248.20 | 248.42 | 1395000 
18:00 | 248.43 | 248.67 | 245.10 | 245.30 | 1998075 
18:15 | 245.33 | 246.27 | 244.78 | 245.61 | 1426086 
18:30 | 245.53 | 245.70 | 244.41 | 244.45 | 945721 
18:45 | 244.42 | 247.53 | 244.25 | 247.44 | 1179420 
19:00 | 247.42 | 247.72 | 244.59 | 246.18 | 1056783 
19:15 | 246.15 | 246.30 | 244.36 | 245.18 | 730701 
19:30 | 245.23 | 246.01 | 244.84 | 245.06 | 514614 
19:45 | 245.09 | 246.05 | 244.65 | 245.28 | 598260 
20:00 | 245.33 | 245.42 | 244.22 | 244.74 | 646887 
20:15 | 244.74 | 248.28 | 244.43 | 247.93 | 764411 
20:30 | 247.97 | 249.96 | 247.15 | 249.84 | 1608648 
20:45 | 249.84 | 251.45 | 249.84 | 251.29 | 1658951 
21:00 | 251.29 | 251.55 | 249.86 | 250.44 | 1099171 
21:15 | 250.44 | 250.77 | 249.18 | 249.20 | 1114545 
21:30 | 249.20 | 250.26 | 248.37 | 249.57 | 1043368 
21:45 | 249.55 | 250.29 | 249.10 | 249.67 | 1739188 
15:30 | 251.61 | 251.78 | 246.63 | 248.04 | 4176686 
15:45 | 248.08 | 251.38 | 247.35 | 250.84 | 2117268 
16:00 | 250.88 | 252.00 | 248.55 | 250.23 | 1518381 
RESULTADO: FALLO
============================================================


============================================================
ANALISIS: AAPL | C1_SQUEEZE_CALL | ENTRADA: 279.75 | TP: 281.25 | SL: 276.75
Hora  |  Open  |  High  |  Low   |  Close |  Vol
16:00 | 274.80 | 275.37 | 273.86 | 274.26 | 961624 
16:15 | 274.25 | 274.75 | 274.08 | 274.42 | 586841 
16:30 | 274.39 | 274.70 | 274.18 | 274.66 | 496977 
16:45 | 274.69 | 274.92 | 274.14 | 274.14 | 444795 
17:00 | 274.15 | 274.48 | 274.11 | 274.19 | 377872 
17:15 | 274.19 | 274.60 | 273.99 | 274.06 | 360487 
17:30 | 274.03 | 274.05 | 273.20 | 273.40 | 463419 
17:45 | 273.42 | 273.59 | 273.09 | 273.30 | 409780 
18:00 | 273.29 | 273.80 | 273.27 | 273.48 | 429850 
18:15 | 273.47 | 273.49 | 272.94 | 273.35 | 562321 
18:30 | 273.35 | 273.71 | 273.15 | 273.70 | 396399 
18:45 | 273.72 | 274.11 | 273.68 | 274.09 | 356779 
19:00 | 274.11 | 274.18 | 273.80 | 273.98 | 279358 
19:15 | 273.99 | 274.19 | 273.40 | 274.06 | 536398 
19:30 | 274.06 | 274.27 | 273.87 | 274.23 | 347129 
19:45 | 274.23 | 274.26 | 273.67 | 273.93 | 293810 
20:00 | 273.95 | 274.11 | 273.71 | 273.99 | 305534 
20:15 | 273.96 | 274.06 | 273.66 | 273.98 | 275775 
20:30 | 273.97 | 274.07 | 273.60 | 273.74 | 323321 
20:45 | 273.75 | 274.03 | 273.51 | 274.03 | 370531 
21:00 | 274.01 | 274.22 | 273.73 | 274.14 | 349218 
21:15 | 274.15 | 274.30 | 273.89 | 274.07 | 386569 
21:30 | 274.08 | 274.39 | 273.97 | 274.26 | 427267 
21:45 | 274.28 | 274.49 | 273.00 | 273.79 | 1863010 
15:30 | 274.68 | 276.83 | 274.45 | 275.59 | 2185113 
15:45 | 275.59 | 277.44 | 275.54 | 276.40 | 1638644 
16:00 | 276.41 | 277.03 | 275.77 | 276.29 | 1179814 [ENTRADA]
16:15 | 276.29 | 277.25 | 275.75 | 277.05 | 1361191 
16:30 | 277.10 | 279.05 | 277.03 | 278.15 | 1951872 
16:45 | 278.14 | 279.91 | 277.98 | 279.75 | 1377639 
17:00 | 279.75 | 279.98 | 278.81 | 279.68 | 985768 
17:15 | 279.67 | 279.97 | 278.17 | 278.19 | 908861 
17:30 | 278.19 | 279.21 | 278.15 | 279.02 | 565056 
17:45 | 279.04 | 279.11 | 278.26 | 278.35 | 385399 
18:00 | 278.34 | 279.11 | 278.18 | 278.70 | 620763 
18:15 | 278.73 | 280.18 | 278.71 | 279.94 | 944531 
18:30 | 279.91 | 280.15 | 279.40 | 279.76 | 501703 
18:45 | 279.75 | 280.10 | 279.36 | 279.42 | 457767 
19:00 | 279.42 | 279.69 | 278.50 | 278.67 | 466085 
19:15 | 278.66 | 279.17 | 278.56 | 278.95 | 512569 
19:30 | 278.94 | 279.07 | 278.62 | 278.81 | 341155 
19:45 | 278.82 | 279.01 | 278.67 | 278.89 | 356273 
20:00 | 278.88 | 279.05 | 278.50 | 278.86 | 541929 
20:15 | 278.84 | 279.67 | 278.76 | 279.58 | 519710 
20:30 | 279.58 | 279.61 | 278.58 | 278.87 | 455852 
20:45 | 278.85 | 278.89 | 274.80 | 276.57 | 3643200 
21:00 | 276.58 | 277.29 | 276.17 | 276.24 | 1072050 
21:15 | 276.23 | 276.29 | 275.02 | 276.05 | 1171987 
21:30 | 276.01 | 276.55 | 275.86 | 276.29 | 683898 
21:45 | 276.28 | 276.35 | 275.37 | 275.49 | 2224501 
15:30 | 275.59 | 275.72 | 271.91 | 272.04 | 2866232 
15:45 | 272.00 | 273.00 | 271.55 | 272.16 | 1344038 
16:00 | 272.16 | 272.23 | 270.06 | 270.25 | 1857802 
RESULTADO: FALLO
============================================================


============================================================
ANALISIS: NVDA | C1_SQUEEZE_CALL | ENTRADA: 182.84 | TP: 184.34 | SL: 178.34
Hora  |  Open  |  High  |  Low   |  Close |  Vol
16:00 | 173.90 | 174.23 | 171.42 | 171.46 | 7150554 
16:15 | 171.46 | 172.80 | 171.31 | 171.59 | 6435428 
16:30 | 171.58 | 173.43 | 171.44 | 173.00 | 5813060 
16:45 | 172.98 | 173.46 | 171.95 | 173.18 | 4813205 
17:00 | 173.19 | 173.29 | 171.82 | 172.14 | 4093207 
17:15 | 172.14 | 174.26 | 172.12 | 174.25 | 4793871 
17:30 | 174.27 | 175.25 | 174.18 | 174.81 | 4915061 
17:45 | 174.79 | 175.60 | 174.38 | 175.21 | 4007307 
18:00 | 175.21 | 175.25 | 174.37 | 174.85 | 2938223 
18:15 | 174.85 | 175.78 | 174.48 | 175.28 | 3187854 
18:30 | 175.30 | 175.70 | 174.94 | 175.36 | 2540300 
18:45 | 175.40 | 175.67 | 174.72 | 174.96 | 2831121 
19:00 | 174.95 | 175.37 | 174.60 | 174.78 | 2467105 
19:15 | 174.79 | 174.87 | 174.02 | 174.32 | 2564796 
19:30 | 174.31 | 174.74 | 173.56 | 173.74 | 2732025 
19:45 | 173.73 | 173.89 | 173.07 | 173.21 | 2615017 
20:00 | 173.20 | 174.21 | 172.90 | 174.04 | 3232666 
20:15 | 174.06 | 174.43 | 173.57 | 173.67 | 3015473 
20:30 | 173.65 | 173.68 | 172.78 | 173.09 | 2808316 
20:45 | 173.08 | 173.25 | 172.74 | 173.19 | 2730871 
21:00 | 173.18 | 174.22 | 172.97 | 173.53 | 3201035 
21:15 | 173.53 | 173.56 | 172.17 | 172.26 | 3850441 
21:30 | 172.26 | 172.53 | 171.86 | 172.06 | 4205802 
21:45 | 172.06 | 172.19 | 171.03 | 171.80 | 8245916 
15:30 | 176.70 | 179.98 | 174.60 | 179.95 | 15406039 
15:45 | 179.95 | 181.72 | 179.95 | 180.56 | 12945622 
16:00 | 180.57 | 180.95 | 179.45 | 180.05 | 8542371 [ENTRADA]
16:15 | 180.03 | 182.89 | 179.85 | 182.65 | 8879815 
16:30 | 182.64 | 182.99 | 181.92 | 182.53 | 7562410 
16:45 | 182.55 | 182.85 | 181.80 | 182.84 | 6017454 
17:00 | 182.85 | 184.26 | 182.55 | 184.22 | 7033671 
17:15 | 184.22 | 184.29 | 183.22 | 183.98 | 6049936 
17:30 | 183.97 | 184.35 | 183.52 | 183.65 | 5449390 
17:45 | 183.65 | 183.78 | 182.91 | 183.24 | 5363939 
18:00 | 183.25 | 183.87 | 182.93 | 183.66 | 3430007 
18:15 | 183.65 | 184.65 | 183.48 | 184.53 | 4180515 
18:30 | 184.53 | 185.17 | 184.52 | 184.74 | 6151686 
18:45 | 184.75 | 185.11 | 184.36 | 184.49 | 3573001 
19:00 | 184.49 | 184.79 | 184.21 | 184.71 | 3050105 
19:15 | 184.71 | 184.92 | 184.26 | 184.51 | 2860156 
19:30 | 184.51 | 184.76 | 184.26 | 184.57 | 2376555 
19:45 | 184.58 | 185.02 | 184.56 | 184.57 | 3039117 
20:00 | 184.56 | 184.92 | 184.37 | 184.41 | 2608853 
20:15 | 184.41 | 184.61 | 184.13 | 184.45 | 2892506 
20:30 | 184.45 | 184.78 | 184.30 | 184.69 | 3153642 
20:45 | 184.68 | 185.10 | 184.68 | 184.98 | 3458397 
21:00 | 184.99 | 185.44 | 184.68 | 185.01 | 5094880 
21:15 | 185.01 | 185.59 | 185.01 | 185.34 | 5115029 
21:30 | 185.33 | 186.37 | 185.22 | 186.31 | 5595194 
21:45 | 186.30 | 187.00 | 185.20 | 185.32 | 12328916 
15:30 | 184.26 | 190.94 | 183.93 | 190.92 | 17053891 
15:45 | 190.92 | 193.66 | 190.81 | 191.16 | 17013038 
16:00 | 191.16 | 192.38 | 190.73 | 192.04 | 9144856 
RESULTADO: EXITO
============================================================


============================================================
ANALISIS: AMD | C1_SQUEEZE_CALL | ENTRADA: 212.86 | TP: 214.36 | SL: 209.86
Hora  |  Open  |  High  |  Low   |  Close |  Vol
17:00 | 195.50 | 195.82 | 194.88 | 195.55 | 850503 
17:15 | 195.55 | 196.74 | 195.29 | 196.63 | 860684 
17:30 | 196.61 | 197.09 | 195.84 | 196.58 | 906797 
17:45 | 196.56 | 196.57 | 195.71 | 195.85 | 501629 
18:00 | 195.88 | 196.34 | 195.53 | 196.00 | 470398 
18:15 | 196.00 | 196.97 | 195.95 | 196.56 | 403851 
18:30 | 196.56 | 196.65 | 194.65 | 195.29 | 693580 
18:45 | 195.34 | 195.82 | 195.09 | 195.60 | 398126 
19:00 | 195.63 | 196.24 | 195.50 | 196.14 | 368185 
19:15 | 196.14 | 196.84 | 196.08 | 196.64 | 490031 
19:30 | 196.65 | 196.67 | 195.05 | 195.15 | 622662 
19:45 | 195.17 | 195.69 | 194.90 | 194.98 | 569949 
20:00 | 195.02 | 195.84 | 194.90 | 195.54 | 494067 
20:15 | 195.53 | 195.84 | 195.12 | 195.20 | 295118 
20:30 | 195.21 | 195.58 | 195.04 | 195.28 | 415592 
20:45 | 195.26 | 195.53 | 194.80 | 194.95 | 653753 
21:00 | 194.92 | 195.11 | 194.51 | 194.65 | 464041 
21:15 | 194.65 | 195.05 | 194.62 | 194.92 | 456223 
21:30 | 194.90 | 195.65 | 194.88 | 195.19 | 711863 
21:45 | 195.21 | 196.77 | 195.07 | 196.60 | 1625873 
15:30 | 211.63 | 213.43 | 206.50 | 207.71 | 9009342 
15:45 | 207.60 | 211.60 | 206.80 | 211.29 | 4929109 
16:00 | 211.34 | 211.36 | 208.92 | 210.11 | 2928092 
16:15 | 210.03 | 212.75 | 209.48 | 212.46 | 2685221 
16:30 | 212.49 | 212.75 | 208.96 | 209.19 | 2243566 
16:45 | 209.22 | 211.09 | 209.05 | 209.93 | 1827957 
17:00 | 209.93 | 211.37 | 209.77 | 210.85 | 1394202 [ENTRADA]
17:15 | 210.84 | 211.82 | 210.40 | 211.01 | 1391757 
17:30 | 211.00 | 211.20 | 209.62 | 210.92 | 1334808 
17:45 | 210.90 | 212.97 | 210.75 | 212.86 | 1690385 
18:00 | 212.87 | 214.56 | 212.62 | 213.88 | 2302151 
18:15 | 213.88 | 214.96 | 213.85 | 214.47 | 1709730 
18:30 | 214.46 | 215.58 | 214.36 | 215.56 | 1569069 
18:45 | 215.54 | 216.39 | 214.99 | 216.09 | 1810903 
19:00 | 216.06 | 216.71 | 215.95 | 216.16 | 1501423 
19:15 | 216.14 | 216.49 | 215.54 | 216.21 | 1470061 
19:30 | 216.21 | 216.50 | 214.51 | 214.51 | 1286608 
19:45 | 214.55 | 215.44 | 214.17 | 215.31 | 1450951 
20:00 | 215.32 | 215.64 | 213.88 | 214.05 | 1031105 
20:15 | 214.09 | 214.34 | 213.38 | 213.46 | 892016 
20:30 | 213.48 | 214.20 | 213.45 | 213.96 | 714140 
20:45 | 213.93 | 214.89 | 213.50 | 214.80 | 1018348 
21:00 | 214.83 | 215.02 | 213.20 | 213.73 | 1238240 
21:15 | 213.73 | 213.87 | 212.39 | 213.03 | 1253566 
21:30 | 213.04 | 214.34 | 212.99 | 214.23 | 1188207 
21:45 | 214.22 | 214.43 | 213.23 | 213.82 | 2762440 
15:30 | 214.81 | 216.70 | 210.33 | 211.67 | 4158162 
15:45 | 211.68 | 213.95 | 210.86 | 212.19 | 2429680 
16:00 | 212.19 | 213.86 | 211.85 | 213.07 | 1594943 
16:15 | 213.07 | 214.04 | 212.59 | 213.71 | 1326836 
16:30 | 213.75 | 214.04 | 212.30 | 212.66 | 1094423 
16:45 | 212.66 | 212.66 | 210.77 | 211.41 | 1237062 
17:00 | 211.41 | 212.08 | 211.13 | 211.57 | 1154422 
RESULTADO: FALLO
============================================================


============================================================
ANALISIS: AMD | C1_SQUEEZE_CALL | ENTRADA: 216.09 | TP: 217.59 | SL: 213.09
Hora  |  Open  |  High  |  Low   |  Close |  Vol
18:00 | 195.88 | 196.34 | 195.53 | 196.00 | 470398 
18:15 | 196.00 | 196.97 | 195.95 | 196.56 | 403851 
18:30 | 196.56 | 196.65 | 194.65 | 195.29 | 693580 
18:45 | 195.34 | 195.82 | 195.09 | 195.60 | 398126 
19:00 | 195.63 | 196.24 | 195.50 | 196.14 | 368185 
19:15 | 196.14 | 196.84 | 196.08 | 196.64 | 490031 
19:30 | 196.65 | 196.67 | 195.05 | 195.15 | 622662 
19:45 | 195.17 | 195.69 | 194.90 | 194.98 | 569949 
20:00 | 195.02 | 195.84 | 194.90 | 195.54 | 494067 
20:15 | 195.53 | 195.84 | 195.12 | 195.20 | 295118 
20:30 | 195.21 | 195.58 | 195.04 | 195.28 | 415592 
20:45 | 195.26 | 195.53 | 194.80 | 194.95 | 653753 
21:00 | 194.92 | 195.11 | 194.51 | 194.65 | 464041 
21:15 | 194.65 | 195.05 | 194.62 | 194.92 | 456223 
21:30 | 194.90 | 195.65 | 194.88 | 195.19 | 711863 
21:45 | 195.21 | 196.77 | 195.07 | 196.60 | 1625873 
15:30 | 211.63 | 213.43 | 206.50 | 207.71 | 9009342 
15:45 | 207.60 | 211.60 | 206.80 | 211.29 | 4929109 
16:00 | 211.34 | 211.36 | 208.92 | 210.11 | 2928092 
16:15 | 210.03 | 212.75 | 209.48 | 212.46 | 2685221 
16:30 | 212.49 | 212.75 | 208.96 | 209.19 | 2243566 
16:45 | 209.22 | 211.09 | 209.05 | 209.93 | 1827957 
17:00 | 209.93 | 211.37 | 209.77 | 210.85 | 1394202 
17:15 | 210.84 | 211.82 | 210.40 | 211.01 | 1391757 
17:30 | 211.00 | 211.20 | 209.62 | 210.92 | 1334808 
17:45 | 210.90 | 212.97 | 210.75 | 212.86 | 1690385 
18:00 | 212.87 | 214.56 | 212.62 | 213.88 | 2302151 [ENTRADA]
18:15 | 213.88 | 214.96 | 213.85 | 214.47 | 1709730 
18:30 | 214.46 | 215.58 | 214.36 | 215.56 | 1569069 
18:45 | 215.54 | 216.39 | 214.99 | 216.09 | 1810903 
19:00 | 216.06 | 216.71 | 215.95 | 216.16 | 1501423 
19:15 | 216.14 | 216.49 | 215.54 | 216.21 | 1470061 
19:30 | 216.21 | 216.50 | 214.51 | 214.51 | 1286608 
19:45 | 214.55 | 215.44 | 214.17 | 215.31 | 1450951 
20:00 | 215.32 | 215.64 | 213.88 | 214.05 | 1031105 
20:15 | 214.09 | 214.34 | 213.38 | 213.46 | 892016 
20:30 | 213.48 | 214.20 | 213.45 | 213.96 | 714140 
20:45 | 213.93 | 214.89 | 213.50 | 214.80 | 1018348 
21:00 | 214.83 | 215.02 | 213.20 | 213.73 | 1238240 
21:15 | 213.73 | 213.87 | 212.39 | 213.03 | 1253566 
21:30 | 213.04 | 214.34 | 212.99 | 214.23 | 1188207 
21:45 | 214.22 | 214.43 | 213.23 | 213.82 | 2762440 
15:30 | 214.81 | 216.70 | 210.33 | 211.67 | 4158162 
15:45 | 211.68 | 213.95 | 210.86 | 212.19 | 2429680 
16:00 | 212.19 | 213.86 | 211.85 | 213.07 | 1594943 
16:15 | 213.07 | 214.04 | 212.59 | 213.71 | 1326836 
16:30 | 213.75 | 214.04 | 212.30 | 212.66 | 1094423 
16:45 | 212.66 | 212.66 | 210.77 | 211.41 | 1237062 
17:00 | 211.41 | 212.08 | 211.13 | 211.57 | 1154422 
17:15 | 211.54 | 212.33 | 210.95 | 212.05 | 1425694 
17:30 | 212.05 | 214.00 | 212.02 | 213.74 | 1371668 
17:45 | 213.76 | 213.96 | 211.27 | 211.96 | 1346492 
18:00 | 211.94 | 212.46 | 211.72 | 212.40 | 850179 
RESULTADO: FALLO
============================================================


============================================================
ANALISIS: TSLA | C1_SQUEEZE_CALL | ENTRADA: 412.34 | TP: 413.84 | SL: 407.84
Hora  |  Open  |  High  |  Low   |  Close |  Vol
14:30 | 402.22 | 405.60 | 401.12 | 403.60 | 4613054 
14:45 | 403.66 | 406.59 | 401.66 | 405.96 | 3932546 
15:00 | 406.00 | 406.25 | 402.05 | 402.69 | 2852216 
15:15 | 402.71 | 403.93 | 400.88 | 401.21 | 2422161 
15:30 | 401.15 | 402.24 | 400.85 | 401.62 | 2164448 
15:45 | 401.64 | 404.94 | 401.60 | 404.76 | 2230988 
16:00 | 404.78 | 406.10 | 403.39 | 403.52 | 2266661 
16:15 | 403.48 | 404.86 | 403.44 | 403.58 | 1395426 
16:30 | 403.55 | 403.81 | 401.91 | 402.65 | 1702219 
16:45 | 402.63 | 403.08 | 401.86 | 402.65 | 1216958 
17:00 | 402.62 | 402.62 | 400.95 | 401.37 | 1469797 
17:15 | 401.36 | 403.45 | 401.28 | 402.65 | 1582450 
17:30 | 402.64 | 403.60 | 402.09 | 403.57 | 1251958 
17:45 | 403.58 | 403.75 | 402.07 | 403.47 | 1261531 
18:00 | 403.45 | 404.19 | 402.40 | 402.54 | 1328560 
18:15 | 402.54 | 404.02 | 402.45 | 403.35 | 1301390 
18:30 | 403.33 | 403.36 | 401.11 | 401.65 | 1566174 
18:45 | 401.65 | 403.32 | 401.56 | 402.08 | 1224157 
19:00 | 402.09 | 402.32 | 398.29 | 398.38 | 1601048 
19:15 | 398.35 | 401.23 | 398.19 | 400.56 | 2199304 
19:30 | 400.59 | 401.23 | 399.33 | 400.39 | 1402925 
19:45 | 400.37 | 401.85 | 400.13 | 400.58 | 1264761 
20:00 | 400.58 | 401.10 | 400.05 | 400.92 | 910964 
20:15 | 400.95 | 401.95 | 399.62 | 399.90 | 1539426 
20:30 | 399.86 | 400.74 | 398.80 | 399.95 | 1639232 
20:45 | 399.96 | 400.15 | 398.27 | 399.24 | 1768845 
14:30 | 402.12 | 411.02 | 402.12 | 408.89 | 6148400 [ENTRADA]
14:45 | 408.91 | 412.47 | 408.15 | 412.34 | 3994326 
15:00 | 412.35 | 416.38 | 411.05 | 412.40 | 4821943 
15:15 | 412.45 | 413.20 | 410.93 | 411.91 | 2518362 
15:30 | 411.85 | 412.60 | 410.40 | 411.70 | 1987789 
15:45 | 411.68 | 411.96 | 409.48 | 410.52 | 2182679 
16:00 | 410.47 | 411.59 | 409.03 | 409.73 | 2027832 
16:15 | 409.73 | 411.20 | 408.96 | 409.00 | 1649782 
16:30 | 409.01 | 409.10 | 406.90 | 407.08 | 2056121 
16:45 | 407.13 | 408.29 | 406.33 | 406.86 | 1849293 
17:00 | 406.86 | 407.20 | 406.23 | 406.84 | 1374665 
17:15 | 406.85 | 407.56 | 406.41 | 407.41 | 1211302 
17:30 | 407.41 | 408.66 | 407.22 | 407.31 | 1327814 
17:45 | 407.32 | 407.80 | 406.80 | 407.30 | 1104105 
18:00 | 407.30 | 407.59 | 406.23 | 406.47 | 935813 
18:15 | 406.49 | 408.32 | 406.37 | 408.24 | 1179858 
18:30 | 408.24 | 408.35 | 404.80 | 405.97 | 1626565 
18:45 | 406.00 | 406.72 | 405.25 | 405.86 | 1186621 
19:00 | 405.87 | 405.97 | 403.95 | 404.52 | 1147931 
19:15 | 404.48 | 405.58 | 404.31 | 405.53 | 1044542 
19:30 | 405.55 | 405.69 | 404.92 | 405.34 | 776335 
19:45 | 405.32 | 406.81 | 405.05 | 406.23 | 1113409 
20:00 | 406.25 | 406.75 | 405.62 | 405.89 | 900148 
20:15 | 405.93 | 406.52 | 405.35 | 406.13 | 936015 
20:30 | 406.15 | 407.99 | 406.15 | 407.58 | 1574058 
20:45 | 407.58 | 408.25 | 406.93 | 407.86 | 2451688 
14:30 | 405.18 | 406.50 | 403.20 | 404.52 | 3161574 
RESULTADO: EXITO
============================================================


============================================================
ANALISIS: TSLA | C1_SQUEEZE_CALL | ENTRADA: 402.99 | TP: 404.49 | SL: 398.49
Hora  |  Open  |  High  |  Low   |  Close |  Vol
14:30 | 395.69 | 397.32 | 393.00 | 396.39 | 3680562 
14:45 | 396.48 | 398.00 | 395.63 | 397.71 | 2493133 
15:00 | 397.74 | 398.32 | 396.45 | 397.51 | 2213927 
15:15 | 397.51 | 398.24 | 396.63 | 397.40 | 2002443 
15:30 | 397.37 | 399.74 | 397.10 | 399.52 | 2365592 
15:45 | 399.50 | 400.11 | 398.69 | 398.89 | 1781958 
16:00 | 398.88 | 399.37 | 397.76 | 397.97 | 1544631 
16:15 | 397.94 | 398.57 | 397.05 | 397.43 | 1214762 
16:30 | 397.41 | 397.73 | 395.75 | 396.37 | 1487839 
16:45 | 396.38 | 397.67 | 396.33 | 397.11 | 1205760 
17:00 | 397.13 | 397.17 | 395.90 | 396.65 | 1028992 
17:15 | 396.70 | 397.93 | 396.56 | 397.24 | 1065849 
17:30 | 397.26 | 397.87 | 396.80 | 397.74 | 1069388 
17:45 | 397.74 | 397.89 | 397.05 | 397.36 | 815483 
18:00 | 397.33 | 398.49 | 397.30 | 397.44 | 1126926 
18:15 | 397.46 | 397.76 | 396.88 | 397.70 | 836625 
18:30 | 397.69 | 398.72 | 397.57 | 398.26 | 1089931 
18:45 | 398.28 | 399.63 | 397.89 | 399.20 | 1289200 
19:00 | 399.20 | 399.64 | 398.75 | 399.19 | 1049153 
19:15 | 399.19 | 399.19 | 397.77 | 398.00 | 1064127 
19:30 | 397.99 | 398.21 | 397.15 | 397.20 | 1014843 
19:45 | 397.20 | 398.00 | 397.18 | 397.80 | 816176 
20:00 | 397.82 | 398.51 | 397.72 | 398.19 | 923981 
20:15 | 398.17 | 398.88 | 398.13 | 398.68 | 919789 
20:30 | 398.68 | 398.96 | 398.21 | 398.37 | 929497 
20:45 | 398.35 | 399.35 | 397.75 | 399.22 | 2077324 
14:30 | 399.00 | 401.97 | 398.06 | 401.86 | 3485228 [ENTRADA]
14:45 | 401.86 | 403.06 | 401.31 | 402.99 | 3057862 
15:00 | 402.97 | 403.06 | 399.82 | 399.84 | 2436614 
15:15 | 399.85 | 400.35 | 397.57 | 397.88 | 2319303 
15:30 | 397.87 | 398.64 | 397.70 | 398.16 | 1683748 
15:45 | 398.15 | 398.60 | 397.61 | 398.45 | 1385299 
16:00 | 398.46 | 399.80 | 397.85 | 398.70 | 1740481 
16:15 | 398.74 | 399.16 | 397.34 | 397.65 | 1337394 
16:30 | 397.62 | 398.24 | 397.41 | 398.03 | 1190644 
16:45 | 398.02 | 398.50 | 397.42 | 398.21 | 1036060 
17:00 | 398.21 | 398.42 | 397.51 | 398.12 | 936262 
17:15 | 398.13 | 398.66 | 397.76 | 397.85 | 873389 
17:30 | 397.84 | 398.24 | 396.76 | 397.46 | 1239183 
17:45 | 397.48 | 397.98 | 397.06 | 397.44 | 925301 
18:00 | 397.40 | 397.54 | 396.20 | 396.88 | 987513 
18:15 | 396.86 | 397.23 | 396.55 | 397.17 | 694766 
18:30 | 397.18 | 398.04 | 397.00 | 397.33 | 918926 
18:45 | 397.30 | 398.06 | 397.30 | 397.68 | 840747 
19:00 | 397.72 | 398.55 | 397.29 | 397.47 | 1350982 
19:15 | 397.50 | 397.51 | 396.45 | 397.24 | 1209948 
19:30 | 397.19 | 397.58 | 395.86 | 396.79 | 1486490 
19:45 | 396.76 | 396.86 | 394.90 | 394.98 | 1568843 
20:00 | 394.99 | 395.94 | 394.69 | 395.62 | 1460063 
20:15 | 395.59 | 395.67 | 394.16 | 394.68 | 1385098 
20:30 | 394.68 | 394.85 | 393.30 | 393.54 | 1520367 
20:45 | 393.55 | 393.57 | 392.31 | 392.85 | 2713540 
14:30 | 387.27 | 387.27 | 379.72 | 382.82 | 5875132 
RESULTADO: FALLO
============================================================


============================================================
ANALISIS: AMD | C1_SQUEEZE_CALL | ENTRADA: 205.23 | TP: 206.73 | SL: 202.23
Hora  |  Open  |  High  |  Low   |  Close |  Vol
20:00 | 199.71 | 200.88 | 199.63 | 199.92 | 610127 
20:15 | 199.95 | 200.02 | 199.10 | 199.46 | 545206 
20:30 | 199.44 | 199.98 | 199.26 | 199.50 | 523257 
20:45 | 199.53 | 199.90 | 199.26 | 199.44 | 1151219 
14:30 | 195.09 | 195.32 | 192.83 | 194.76 | 2292224 
14:45 | 194.64 | 196.52 | 194.03 | 196.48 | 1501077 
15:00 | 196.42 | 198.32 | 196.13 | 197.63 | 1351756 
15:15 | 197.62 | 198.42 | 196.91 | 197.22 | 974839 
15:30 | 197.15 | 199.04 | 197.12 | 197.90 | 764344 
15:45 | 197.96 | 199.10 | 197.80 | 198.74 | 633237 
16:00 | 198.72 | 200.35 | 198.67 | 199.97 | 920504 
16:15 | 199.97 | 200.40 | 198.88 | 199.07 | 651267 
16:30 | 199.01 | 199.06 | 198.21 | 198.66 | 520970 
16:45 | 198.67 | 199.87 | 198.51 | 199.83 | 530353 
17:00 | 199.79 | 201.15 | 199.66 | 200.12 | 833700 
17:15 | 200.09 | 200.99 | 199.83 | 200.90 | 559461 
17:30 | 200.92 | 201.44 | 200.38 | 201.05 | 680616 
17:45 | 201.07 | 201.16 | 200.03 | 200.48 | 455739 
18:00 | 200.50 | 200.67 | 199.24 | 199.42 | 422216 
18:15 | 199.48 | 200.31 | 199.28 | 200.26 | 434567 
18:30 | 200.26 | 200.65 | 200.03 | 200.38 | 408395 
18:45 | 200.41 | 201.38 | 200.33 | 201.21 | 529654 
19:00 | 201.21 | 202.93 | 201.17 | 202.80 | 930113 
19:15 | 202.79 | 203.10 | 202.35 | 202.89 | 593737 
19:30 | 202.94 | 202.99 | 201.76 | 201.86 | 521256 
19:45 | 201.78 | 203.32 | 201.62 | 203.14 | 578558 
20:00 | 203.17 | 205.62 | 203.07 | 205.23 | 1510749 [ENTRADA]
20:15 | 205.20 | 205.40 | 204.13 | 205.03 | 902827 
20:30 | 205.05 | 205.57 | 204.11 | 205.18 | 1108902 
20:45 | 205.20 | 205.88 | 204.90 | 205.23 | 1826121 
14:30 | 204.89 | 206.30 | 202.77 | 205.06 | 2633395 
14:45 | 205.12 | 205.44 | 201.98 | 202.03 | 859929 
15:00 | 202.05 | 202.45 | 200.75 | 200.95 | 1032905 
15:15 | 200.92 | 201.60 | 199.67 | 199.80 | 959498 
15:30 | 199.82 | 201.26 | 199.80 | 201.25 | 944273 
15:45 | 201.17 | 201.62 | 200.41 | 201.45 | 576459 
16:00 | 201.42 | 202.44 | 200.67 | 202.21 | 550850 
16:15 | 202.13 | 202.60 | 201.24 | 201.90 | 461089 
16:30 | 201.90 | 202.48 | 201.61 | 202.00 | 413141 
16:45 | 201.99 | 202.49 | 201.63 | 202.33 | 338553 
17:00 | 202.37 | 202.95 | 202.02 | 202.24 | 371673 
17:15 | 202.31 | 202.88 | 201.92 | 202.01 | 326943 
17:30 | 202.06 | 202.06 | 201.15 | 201.39 | 306992 
17:45 | 201.31 | 201.60 | 200.91 | 201.22 | 242838 
18:00 | 201.27 | 201.71 | 200.60 | 200.82 | 410608 
18:15 | 200.82 | 201.02 | 200.21 | 200.35 | 299500 
18:30 | 200.35 | 200.50 | 199.35 | 199.49 | 504708 
18:45 | 199.48 | 199.99 | 198.92 | 199.86 | 473976 
19:00 | 199.87 | 200.08 | 199.50 | 200.00 | 301489 
19:15 | 200.02 | 200.13 | 198.94 | 199.57 | 467808 
19:30 | 199.60 | 199.67 | 198.58 | 198.96 | 459783 
19:45 | 198.89 | 199.10 | 198.30 | 198.74 | 557498 
20:00 | 198.74 | 199.22 | 198.26 | 198.94 | 481036 
RESULTADO: FALLO
============================================================

