
============================================================
ANALISIS: NVDA | P2TrendPutStrategy | ENTRADA: 183.10 | TP: 181.60 | SL: 187.60
Hora  |  Open  |  High  |  Low   |  Close |  Vol
14:30 | 182.95 | 185.05 | 182.84 | 184.26 | 12101919 
14:45 | 184.25 | 184.72 | 184.01 | 184.52 | 5022785 
15:00 | 184.51 | 184.55 | 183.87 | 184.25 | 5025417 
15:15 | 184.25 | 184.48 | 184.06 | 184.07 | 3446111 
15:30 | 184.07 | 184.24 | 183.46 | 183.60 | 4449228 
15:45 | 183.59 | 184.10 | 183.30 | 184.10 | 4204365 
16:00 | 184.11 | 184.72 | 183.70 | 184.68 | 4341121 
16:15 | 184.67 | 184.92 | 184.42 | 184.73 | 3336729 
16:30 | 184.72 | 184.94 | 184.59 | 184.59 | 3228046 
16:45 | 184.59 | 184.85 | 184.11 | 184.11 | 3512754 
17:00 | 184.12 | 184.41 | 183.92 | 183.99 | 3193707 
17:15 | 183.99 | 184.11 | 183.63 | 183.90 | 3042536 
17:30 | 183.91 | 184.46 | 183.78 | 184.37 | 2915549 
17:45 | 184.37 | 184.55 | 184.21 | 184.44 | 2048065 
18:00 | 184.44 | 185.01 | 184.43 | 184.87 | 3838500 
18:15 | 184.86 | 185.06 | 184.66 | 184.76 | 2904834 
18:30 | 184.77 | 184.91 | 184.31 | 184.33 | 2937027 
18:45 | 184.34 | 184.60 | 184.27 | 184.49 | 2756541 
19:00 | 184.49 | 185.37 | 184.46 | 185.24 | 4372344 
19:15 | 185.25 | 185.53 | 184.82 | 184.94 | 5061546 
19:30 | 184.94 | 185.05 | 184.34 | 184.45 | 4439459 
19:45 | 184.45 | 184.47 | 183.77 | 183.83 | 4750476 
20:00 | 183.84 | 188.88 | 183.41 | 185.51 | 18540234 
20:15 | 185.51 | 185.98 | 181.68 | 181.83 | 19715531 
20:30 | 181.85 | 183.62 | 181.41 | 183.55 | 12217379 
20:45 | 183.55 | 183.66 | 182.79 | 183.13 | 9571417 
14:30 | 185.07 | 185.40 | 183.26 | 184.05 | 12512358 [ENTRADA]
14:45 | 184.06 | 184.28 | 182.96 | 183.10 | 7925026 
15:00 | 183.10 | 183.24 | 181.90 | 182.37 | 8888781 
15:15 | 182.37 | 183.59 | 182.22 | 183.09 | 7729922 
15:30 | 183.08 | 183.41 | 182.64 | 183.16 | 4984898 
15:45 | 183.15 | 183.34 | 182.76 | 183.02 | 4048928 
16:00 | 183.01 | 183.21 | 182.24 | 182.62 | 4317593 
16:15 | 182.62 | 182.89 | 182.40 | 182.44 | 3656444 
16:30 | 182.44 | 182.58 | 181.68 | 182.34 | 4925256 
16:45 | 182.34 | 182.58 | 182.16 | 182.17 | 2997497 
17:00 | 182.18 | 182.19 | 181.74 | 181.99 | 3525839 
17:15 | 181.98 | 183.10 | 181.96 | 182.70 | 6370355 
17:30 | 182.70 | 182.95 | 182.31 | 182.59 | 3628579 
17:45 | 182.58 | 182.60 | 181.87 | 182.06 | 3467856 
18:00 | 182.06 | 182.63 | 182.05 | 182.42 | 3905191 
18:15 | 182.42 | 182.71 | 182.34 | 182.41 | 2387541 
18:30 | 182.41 | 183.20 | 182.40 | 182.84 | 3379144 
18:45 | 182.85 | 183.23 | 182.70 | 182.98 | 2697470 
19:00 | 183.00 | 183.47 | 182.96 | 183.25 | 3856065 
19:15 | 183.26 | 183.34 | 183.02 | 183.04 | 2542314 
19:30 | 183.03 | 183.16 | 182.64 | 182.68 | 2613772 
19:45 | 182.69 | 182.84 | 182.31 | 182.34 | 2957630 
20:00 | 182.33 | 182.49 | 182.06 | 182.28 | 3274110 
20:15 | 182.27 | 182.69 | 182.21 | 182.64 | 3649868 
20:30 | 182.64 | 182.93 | 182.28 | 182.38 | 4809278 
20:45 | 182.38 | 182.47 | 181.81 | 181.96 | 7283465 
14:30 | 182.57 | 182.82 | 180.72 | 181.64 | 10871761 
RESULTADO: EXITO
============================================================


============================================================
ANALISIS: NVDA | P2TrendPutStrategy | ENTRADA: 183.02 | TP: 181.52 | SL: 187.52
Hora  |  Open  |  High  |  Low   |  Close |  Vol
15:00 | 184.51 | 184.55 | 183.87 | 184.25 | 5025417 
15:15 | 184.25 | 184.48 | 184.06 | 184.07 | 3446111 
15:30 | 184.07 | 184.24 | 183.46 | 183.60 | 4449228 
15:45 | 183.59 | 184.10 | 183.30 | 184.10 | 4204365 
16:00 | 184.11 | 184.72 | 183.70 | 184.68 | 4341121 
16:15 | 184.67 | 184.92 | 184.42 | 184.73 | 3336729 
16:30 | 184.72 | 184.94 | 184.59 | 184.59 | 3228046 
16:45 | 184.59 | 184.85 | 184.11 | 184.11 | 3512754 
17:00 | 184.12 | 184.41 | 183.92 | 183.99 | 3193707 
17:15 | 183.99 | 184.11 | 183.63 | 183.90 | 3042536 
17:30 | 183.91 | 184.46 | 183.78 | 184.37 | 2915549 
17:45 | 184.37 | 184.55 | 184.21 | 184.44 | 2048065 
18:00 | 184.44 | 185.01 | 184.43 | 184.87 | 3838500 
18:15 | 184.86 | 185.06 | 184.66 | 184.76 | 2904834 
18:30 | 184.77 | 184.91 | 184.31 | 184.33 | 2937027 
18:45 | 184.34 | 184.60 | 184.27 | 184.49 | 2756541 
19:00 | 184.49 | 185.37 | 184.46 | 185.24 | 4372344 
19:15 | 185.25 | 185.53 | 184.82 | 184.94 | 5061546 
19:30 | 184.94 | 185.05 | 184.34 | 184.45 | 4439459 
19:45 | 184.45 | 184.47 | 183.77 | 183.83 | 4750476 
20:00 | 183.84 | 188.88 | 183.41 | 185.51 | 18540234 
20:15 | 185.51 | 185.98 | 181.68 | 181.83 | 19715531 
20:30 | 181.85 | 183.62 | 181.41 | 183.55 | 12217379 
20:45 | 183.55 | 183.66 | 182.79 | 183.13 | 9571417 
14:30 | 185.07 | 185.40 | 183.26 | 184.05 | 12512358 
14:45 | 184.06 | 184.28 | 182.96 | 183.10 | 7925026 
15:00 | 183.10 | 183.24 | 181.90 | 182.37 | 8888781 [ENTRADA]
15:15 | 182.37 | 183.59 | 182.22 | 183.09 | 7729922 
15:30 | 183.08 | 183.41 | 182.64 | 183.16 | 4984898 
15:45 | 183.15 | 183.34 | 182.76 | 183.02 | 4048928 
16:00 | 183.01 | 183.21 | 182.24 | 182.62 | 4317593 
16:15 | 182.62 | 182.89 | 182.40 | 182.44 | 3656444 
16:30 | 182.44 | 182.58 | 181.68 | 182.34 | 4925256 
16:45 | 182.34 | 182.58 | 182.16 | 182.17 | 2997497 
17:00 | 182.18 | 182.19 | 181.74 | 181.99 | 3525839 
17:15 | 181.98 | 183.10 | 181.96 | 182.70 | 6370355 
17:30 | 182.70 | 182.95 | 182.31 | 182.59 | 3628579 
17:45 | 182.58 | 182.60 | 181.87 | 182.06 | 3467856 
18:00 | 182.06 | 182.63 | 182.05 | 182.42 | 3905191 
18:15 | 182.42 | 182.71 | 182.34 | 182.41 | 2387541 
18:30 | 182.41 | 183.20 | 182.40 | 182.84 | 3379144 
18:45 | 182.85 | 183.23 | 182.70 | 182.98 | 2697470 
19:00 | 183.00 | 183.47 | 182.96 | 183.25 | 3856065 
19:15 | 183.26 | 183.34 | 183.02 | 183.04 | 2542314 
19:30 | 183.03 | 183.16 | 182.64 | 182.68 | 2613772 
19:45 | 182.69 | 182.84 | 182.31 | 182.34 | 2957630 
20:00 | 182.33 | 182.49 | 182.06 | 182.28 | 3274110 
20:15 | 182.27 | 182.69 | 182.21 | 182.64 | 3649868 
20:30 | 182.64 | 182.93 | 182.28 | 182.38 | 4809278 
20:45 | 182.38 | 182.47 | 181.81 | 181.96 | 7283465 
14:30 | 182.57 | 182.82 | 180.72 | 181.64 | 10871761 
14:45 | 181.65 | 182.60 | 181.61 | 182.47 | 6741222 
15:00 | 182.47 | 183.38 | 182.20 | 182.43 | 7137442 
RESULTADO: EXITO
============================================================


============================================================
ANALISIS: NVDA | P2TrendPutStrategy | ENTRADA: 182.17 | TP: 180.67 | SL: 186.67
Hora  |  Open  |  High  |  Low   |  Close |  Vol
16:00 | 184.11 | 184.72 | 183.70 | 184.68 | 4341121 
16:15 | 184.67 | 184.92 | 184.42 | 184.73 | 3336729 
16:30 | 184.72 | 184.94 | 184.59 | 184.59 | 3228046 
16:45 | 184.59 | 184.85 | 184.11 | 184.11 | 3512754 
17:00 | 184.12 | 184.41 | 183.92 | 183.99 | 3193707 
17:15 | 183.99 | 184.11 | 183.63 | 183.90 | 3042536 
17:30 | 183.91 | 184.46 | 183.78 | 184.37 | 2915549 
17:45 | 184.37 | 184.55 | 184.21 | 184.44 | 2048065 
18:00 | 184.44 | 185.01 | 184.43 | 184.87 | 3838500 
18:15 | 184.86 | 185.06 | 184.66 | 184.76 | 2904834 
18:30 | 184.77 | 184.91 | 184.31 | 184.33 | 2937027 
18:45 | 184.34 | 184.60 | 184.27 | 184.49 | 2756541 
19:00 | 184.49 | 185.37 | 184.46 | 185.24 | 4372344 
19:15 | 185.25 | 185.53 | 184.82 | 184.94 | 5061546 
19:30 | 184.94 | 185.05 | 184.34 | 184.45 | 4439459 
19:45 | 184.45 | 184.47 | 183.77 | 183.83 | 4750476 
20:00 | 183.84 | 188.88 | 183.41 | 185.51 | 18540234 
20:15 | 185.51 | 185.98 | 181.68 | 181.83 | 19715531 
20:30 | 181.85 | 183.62 | 181.41 | 183.55 | 12217379 
20:45 | 183.55 | 183.66 | 182.79 | 183.13 | 9571417 
14:30 | 185.07 | 185.40 | 183.26 | 184.05 | 12512358 
14:45 | 184.06 | 184.28 | 182.96 | 183.10 | 7925026 
15:00 | 183.10 | 183.24 | 181.90 | 182.37 | 8888781 
15:15 | 182.37 | 183.59 | 182.22 | 183.09 | 7729922 
15:30 | 183.08 | 183.41 | 182.64 | 183.16 | 4984898 
15:45 | 183.15 | 183.34 | 182.76 | 183.02 | 4048928 
16:00 | 183.01 | 183.21 | 182.24 | 182.62 | 4317593 [ENTRADA]
16:15 | 182.62 | 182.89 | 182.40 | 182.44 | 3656444 
16:30 | 182.44 | 182.58 | 181.68 | 182.34 | 4925256 
16:45 | 182.34 | 182.58 | 182.16 | 182.17 | 2997497 
17:00 | 182.18 | 182.19 | 181.74 | 181.99 | 3525839 
17:15 | 181.98 | 183.10 | 181.96 | 182.70 | 6370355 
17:30 | 182.70 | 182.95 | 182.31 | 182.59 | 3628579 
17:45 | 182.58 | 182.60 | 181.87 | 182.06 | 3467856 
18:00 | 182.06 | 182.63 | 182.05 | 182.42 | 3905191 
18:15 | 182.42 | 182.71 | 182.34 | 182.41 | 2387541 
18:30 | 182.41 | 183.20 | 182.40 | 182.84 | 3379144 
18:45 | 182.85 | 183.23 | 182.70 | 182.98 | 2697470 
19:00 | 183.00 | 183.47 | 182.96 | 183.25 | 3856065 
19:15 | 183.26 | 183.34 | 183.02 | 183.04 | 2542314 
19:30 | 183.03 | 183.16 | 182.64 | 182.68 | 2613772 
19:45 | 182.69 | 182.84 | 182.31 | 182.34 | 2957630 
20:00 | 182.33 | 182.49 | 182.06 | 182.28 | 3274110 
20:15 | 182.27 | 182.69 | 182.21 | 182.64 | 3649868 
20:30 | 182.64 | 182.93 | 182.28 | 182.38 | 4809278 
20:45 | 182.38 | 182.47 | 181.81 | 181.96 | 7283465 
14:30 | 182.57 | 182.82 | 180.72 | 181.64 | 10871761 
14:45 | 181.65 | 182.60 | 181.61 | 182.47 | 6741222 
15:00 | 182.47 | 183.38 | 182.20 | 182.43 | 7137442 
15:15 | 182.45 | 182.94 | 182.13 | 182.28 | 4737914 
15:30 | 182.28 | 182.81 | 182.10 | 182.11 | 4638348 
15:45 | 182.10 | 182.77 | 181.84 | 182.76 | 4357409 
16:00 | 182.77 | 183.24 | 182.61 | 182.95 | 5451096 

============================================================
ANALISIS: TSLA | P2TrendPutStrategy | ENTRADA: 395.49 | TP: 393.99 | SL: 399.99
RESULTADO: EN CURSO
============================================================

Hora  |  Open  |  High  |  Low   |  Close |  Vol
14:30 | 396.22 | 400.06 | 394.97 | 398.78 | 3990022 
14:45 | 398.72 | 401.08 | 398.72 | 401.03 | 2778932 
15:00 | 401.07 | 402.90 | 400.15 | 402.08 | 3141935 
15:15 | 402.06 | 403.73 | 401.46 | 402.32 | 2706717 
15:30 | 402.37 | 402.37 | 400.17 | 400.56 | 2245784 
15:45 | 400.54 | 401.55 | 399.95 | 400.90 | 2028933 
16:00 | 400.91 | 401.07 | 399.42 | 400.16 | 1711700 
16:15 | 400.18 | 400.67 | 399.23 | 400.14 | 1509559 
16:30 | 400.16 | 400.98 | 399.77 | 400.58 | 1262965 
16:45 | 400.62 | 400.94 | 398.20 | 398.33 | 1580428 
17:00 | 398.31 | 398.80 | 397.60 | 398.20 | 1833996 
17:15 | 398.17 | 398.36 | 396.49 | 396.88 | 1672533 
17:30 | 396.90 | 397.95 | 396.45 | 397.66 | 1436296 
17:45 | 397.64 | 397.70 | 396.70 | 397.41 | 1095537 
18:00 | 397.41 | 398.34 | 397.31 | 397.64 | 1199377 
18:15 | 397.62 | 397.81 | 396.75 | 396.92 | 968306 
18:30 | 396.92 | 397.83 | 396.82 | 396.86 | 1047028 
18:45 | 396.88 | 397.42 | 396.42 | 396.57 | 1119826 
19:00 | 396.59 | 398.29 | 396.53 | 397.97 | 1135968 
19:15 | 398.00 | 398.43 | 397.83 | 398.07 | 996124 
19:30 | 398.07 | 398.25 | 397.12 | 397.38 | 1001412 
19:45 | 397.38 | 397.40 | 396.85 | 397.05 | 1056234 
20:00 | 397.05 | 399.25 | 396.40 | 396.68 | 1614708 [ENTRADA]
20:15 | 396.67 | 397.15 | 396.00 | 396.59 | 1466511 
20:30 | 396.59 | 396.76 | 395.20 | 395.28 | 1323859 
20:45 | 395.28 | 395.88 | 394.42 | 395.49 | 2386200 
14:30 | 395.69 | 397.32 | 393.00 | 396.39 | 3680562 
14:45 | 396.48 | 398.00 | 395.63 | 397.71 | 2493133 
15:00 | 397.74 | 398.32 | 396.45 | 397.51 | 2213927 
15:15 | 397.51 | 398.24 | 396.63 | 397.40 | 2002443 
15:30 | 397.37 | 399.74 | 397.10 | 399.52 | 2365592 
15:45 | 399.50 | 400.11 | 398.69 | 398.89 | 1781958 
16:00 | 398.88 | 399.37 | 397.76 | 397.97 | 1544631 
16:15 | 397.94 | 398.57 | 397.05 | 397.43 | 1214762 
16:30 | 397.41 | 397.73 | 395.75 | 396.37 | 1487839 
16:45 | 396.38 | 397.67 | 396.33 | 397.11 | 1205760 
17:00 | 397.13 | 397.17 | 395.90 | 396.65 | 1028992 
17:15 | 396.70 | 397.93 | 396.56 | 397.24 | 1065849 
17:30 | 397.26 | 397.87 | 396.80 | 397.74 | 1069388 
17:45 | 397.74 | 397.89 | 397.05 | 397.36 | 815483 
18:00 | 397.33 | 398.49 | 397.30 | 397.44 | 1126926 
18:15 | 397.46 | 397.76 | 396.88 | 397.70 | 836625 
18:30 | 397.69 | 398.72 | 397.57 | 398.26 | 1089931 
18:45 | 398.28 | 399.63 | 397.89 | 399.20 | 1289200 
19:00 | 399.20 | 399.64 | 398.75 | 399.19 | 1049153 
19:15 | 399.19 | 399.19 | 397.77 | 398.00 | 1064127 
19:30 | 397.99 | 398.21 | 397.15 | 397.20 | 1014843 
19:45 | 397.20 | 398.00 | 397.18 | 397.80 | 816176 
20:00 | 397.82 | 398.51 | 397.72 | 398.19 | 923981 
RESULTADO: EXITO
============================================================


============================================================
ANALISIS: NVDA | P2TrendPutStrategy | ENTRADA: 182.06 | TP: 180.56 | SL: 186.56
Hora  |  Open  |  High  |  Low   |  Close |  Vol
17:00 | 184.12 | 184.41 | 183.92 | 183.99 | 3193707 
17:15 | 183.99 | 184.11 | 183.63 | 183.90 | 3042536 
17:30 | 183.91 | 184.46 | 183.78 | 184.37 | 2915549 
17:45 | 184.37 | 184.55 | 184.21 | 184.44 | 2048065 
18:00 | 184.44 | 185.01 | 184.43 | 184.87 | 3838500 
18:15 | 184.86 | 185.06 | 184.66 | 184.76 | 2904834 
18:30 | 184.77 | 184.91 | 184.31 | 184.33 | 2937027 
18:45 | 184.34 | 184.60 | 184.27 | 184.49 | 2756541 
19:00 | 184.49 | 185.37 | 184.46 | 185.24 | 4372344 
19:15 | 185.25 | 185.53 | 184.82 | 184.94 | 5061546 
19:30 | 184.94 | 185.05 | 184.34 | 184.45 | 4439459 
19:45 | 184.45 | 184.47 | 183.77 | 183.83 | 4750476 
20:00 | 183.84 | 188.88 | 183.41 | 185.51 | 18540234 
20:15 | 185.51 | 185.98 | 181.68 | 181.83 | 19715531 
20:30 | 181.85 | 183.62 | 181.41 | 183.55 | 12217379 
20:45 | 183.55 | 183.66 | 182.79 | 183.13 | 9571417 
14:30 | 185.07 | 185.40 | 183.26 | 184.05 | 12512358 
14:45 | 184.06 | 184.28 | 182.96 | 183.10 | 7925026 
15:00 | 183.10 | 183.24 | 181.90 | 182.37 | 8888781 
15:15 | 182.37 | 183.59 | 182.22 | 183.09 | 7729922 
15:30 | 183.08 | 183.41 | 182.64 | 183.16 | 4984898 
15:45 | 183.15 | 183.34 | 182.76 | 183.02 | 4048928 
16:00 | 183.01 | 183.21 | 182.24 | 182.62 | 4317593 
16:15 | 182.62 | 182.89 | 182.40 | 182.44 | 3656444 
16:30 | 182.44 | 182.58 | 181.68 | 182.34 | 4925256 
16:45 | 182.34 | 182.58 | 182.16 | 182.17 | 2997497 
17:00 | 182.18 | 182.19 | 181.74 | 181.99 | 3525839 [ENTRADA]
17:15 | 181.98 | 183.10 | 181.96 | 182.70 | 6370355 
17:30 | 182.70 | 182.95 | 182.31 | 182.59 | 3628579 
17:45 | 182.58 | 182.60 | 181.87 | 182.06 | 3467856 
18:00 | 182.06 | 182.63 | 182.05 | 182.42 | 3905191 
18:15 | 182.42 | 182.71 | 182.34 | 182.41 | 2387541 
18:30 | 182.41 | 183.20 | 182.40 | 182.84 | 3379144 
18:45 | 182.85 | 183.23 | 182.70 | 182.98 | 2697470 
19:00 | 183.00 | 183.47 | 182.96 | 183.25 | 3856065 
19:15 | 183.26 | 183.34 | 183.02 | 183.04 | 2542314 
19:30 | 183.03 | 183.16 | 182.64 | 182.68 | 2613772 
19:45 | 182.69 | 182.84 | 182.31 | 182.34 | 2957630 
20:00 | 182.33 | 182.49 | 182.06 | 182.28 | 3274110 
20:15 | 182.27 | 182.69 | 182.21 | 182.64 | 3649868 
20:30 | 182.64 | 182.93 | 182.28 | 182.38 | 4809278 
20:45 | 182.38 | 182.47 | 181.81 | 181.96 | 7283465 
14:30 | 182.57 | 182.82 | 180.72 | 181.64 | 10871761 
14:45 | 181.65 | 182.60 | 181.61 | 182.47 | 6741222 
15:00 | 182.47 | 183.38 | 182.20 | 182.43 | 7137442 
15:15 | 182.45 | 182.94 | 182.13 | 182.28 | 4737914 
15:30 | 182.28 | 182.81 | 182.10 | 182.11 | 4638348 
15:45 | 182.10 | 182.77 | 181.84 | 182.76 | 4357409 
16:00 | 182.77 | 183.24 | 182.61 | 182.95 | 5451096 
16:15 | 182.95 | 182.99 | 182.27 | 182.54 | 4028937 
16:30 | 182.54 | 182.71 | 182.32 | 182.49 | 3005571 
16:45 | 182.50 | 182.67 | 182.32 | 182.47 | 3063505 
17:00 | 182.47 | 182.82 | 182.36 | 182.69 | 2392276 
RESULTADO: EN CURSO
============================================================


============================================================
ANALISIS: MSFT | P2TrendPutStrategy | ENTRADA: 395.26 | TP: 393.76 | SL: 398.26
Hora  |  Open  |  High  |  Low   |  Close |  Vol
14:30 | 398.22 | 398.22 | 395.35 | 395.69 | 1868655 [ENTRADA]
14:45 | 395.66 | 396.83 | 394.79 | 395.26 | 1077532 
15:00 | 395.30 | 397.40 | 394.83 | 397.14 | 997921 
15:15 | 397.22 | 398.03 | 396.70 | 397.32 | 665840 
15:30 | 397.33 | 397.81 | 396.53 | 397.26 | 614243 
15:45 | 397.24 | 397.89 | 396.15 | 397.87 | 689161 
16:00 | 397.86 | 398.08 | 396.28 | 397.62 | 527696 
16:15 | 397.62 | 398.03 | 397.16 | 397.71 | 436125 
16:30 | 397.69 | 398.58 | 397.66 | 398.29 | 407614 
16:45 | 398.23 | 398.69 | 398.04 | 398.27 | 488116 
17:00 | 398.25 | 399.34 | 398.16 | 399.24 | 539392 
17:15 | 399.23 | 399.61 | 397.83 | 397.94 | 465083 
17:30 | 397.92 | 399.32 | 397.62 | 399.12 | 353339 
17:45 | 399.12 | 399.44 | 398.86 | 398.99 | 458584 
18:00 | 399.01 | 399.52 | 398.80 | 399.25 | 629918 
18:15 | 399.27 | 399.46 | 398.73 | 398.81 | 439303 
18:30 | 398.81 | 398.84 | 398.33 | 398.48 | 429996 
18:45 | 398.50 | 398.77 | 397.66 | 398.24 | 431156 
19:00 | 398.22 | 399.19 | 398.11 | 399.07 | 418002 
19:15 | 399.12 | 399.51 | 398.86 | 398.90 | 419707 
19:30 | 398.92 | 400.63 | 398.69 | 400.47 | 721680 
19:45 | 400.44 | 400.47 | 399.90 | 400.14 | 390919 
20:00 | 400.14 | 400.28 | 399.25 | 399.81 | 712231 
20:15 | 399.81 | 400.26 | 398.96 | 399.85 | 698591 
20:30 | 399.81 | 400.05 | 398.75 | 399.06 | 597432 
20:45 | 399.05 | 400.00 | 399.03 | 399.96 | 1620821 
14:30 | 400.27 | 402.61 | 399.15 | 401.58 | 1533250 
RESULTADO: FALLO
============================================================


============================================================
ANALISIS: AAPL | P2TrendPutStrategy | ENTRADA: 248.43 | TP: 246.93 | SL: 251.43
Hora  |  Open  |  High  |  Low   |  Close |  Vol
19:00 | 251.34 | 251.68 | 251.10 | 251.30 | 483418 
19:15 | 251.30 | 251.30 | 250.73 | 250.96 | 350976 
19:30 | 250.94 | 250.95 | 249.97 | 250.39 | 533920 
19:45 | 250.39 | 250.45 | 249.87 | 249.88 | 362124 
20:00 | 249.88 | 250.53 | 249.77 | 250.18 | 483113 
20:15 | 250.17 | 250.25 | 249.61 | 249.69 | 469337 
20:30 | 249.69 | 249.86 | 249.00 | 249.18 | 642600 
20:45 | 249.18 | 250.35 | 249.07 | 249.91 | 2417795 
14:30 | 249.40 | 250.70 | 247.30 | 250.49 | 2394097 
14:45 | 250.47 | 251.83 | 250.34 | 250.78 | 1365097 
15:00 | 250.80 | 251.18 | 250.20 | 250.72 | 759956 
15:15 | 250.71 | 250.82 | 249.66 | 249.80 | 582262 
15:30 | 249.82 | 250.71 | 249.56 | 249.64 | 576599 
15:45 | 249.64 | 250.20 | 249.34 | 249.87 | 500500 
16:00 | 249.86 | 250.27 | 249.60 | 250.10 | 418135 
16:15 | 250.10 | 250.17 | 249.14 | 249.41 | 438636 
16:30 | 249.41 | 249.52 | 249.12 | 249.15 | 381138 
16:45 | 249.15 | 249.75 | 249.04 | 249.62 | 482542 
17:00 | 249.62 | 249.96 | 249.36 | 249.66 | 452799 
17:15 | 249.64 | 249.70 | 248.88 | 249.26 | 387689 
17:30 | 249.27 | 249.42 | 248.42 | 248.54 | 520250 
17:45 | 248.55 | 248.57 | 247.87 | 248.04 | 399450 
18:00 | 248.03 | 248.23 | 247.71 | 247.99 | 427041 
18:15 | 248.00 | 248.54 | 247.91 | 248.28 | 363616 
18:30 | 248.29 | 248.45 | 247.78 | 247.99 | 341483 
18:45 | 248.01 | 248.31 | 247.72 | 247.95 | 365918 
19:00 | 247.96 | 248.53 | 247.67 | 248.40 | 474910 [ENTRADA]
19:15 | 248.40 | 248.50 | 248.01 | 248.02 | 340810 
19:30 | 248.01 | 248.22 | 247.67 | 247.72 | 370189 
19:45 | 247.74 | 248.58 | 247.71 | 248.43 | 467702 
20:00 | 248.43 | 249.59 | 248.40 | 249.06 | 1310792 
20:15 | 249.05 | 249.37 | 248.17 | 248.47 | 649247 
20:30 | 248.44 | 248.85 | 248.26 | 248.52 | 582471 
20:45 | 248.51 | 249.33 | 248.30 | 248.91 | 1935262 
14:30 | 247.64 | 248.73 | 246.61 | 247.33 | 9210778 
14:45 | 247.33 | 248.76 | 247.30 | 247.68 | 1043674 
15:00 | 247.66 | 247.76 | 246.82 | 247.64 | 764274 
15:15 | 247.63 | 248.47 | 247.59 | 247.77 | 753993 
15:30 | 247.79 | 248.08 | 247.16 | 248.01 | 643192 
15:45 | 248.00 | 248.85 | 247.85 | 248.19 | 700242 
16:00 | 248.20 | 248.64 | 247.85 | 248.21 | 453135 
16:15 | 248.23 | 248.65 | 247.78 | 247.99 | 525921 
16:30 | 247.97 | 248.32 | 247.86 | 248.31 | 305048 
16:45 | 248.30 | 248.93 | 248.12 | 248.84 | 364974 
17:00 | 248.85 | 249.06 | 248.56 | 248.84 | 392630 
17:15 | 248.84 | 248.90 | 248.55 | 248.62 | 368814 
17:30 | 248.65 | 248.66 | 248.13 | 248.41 | 350048 
17:45 | 248.40 | 248.68 | 248.08 | 248.44 | 296849 
18:00 | 248.46 | 248.79 | 248.21 | 248.49 | 347338 
18:15 | 248.47 | 248.62 | 248.16 | 248.27 | 306206 
18:30 | 248.29 | 248.38 | 247.53 | 247.86 | 382389 
18:45 | 247.88 | 248.27 | 247.64 | 248.17 | 410600 
19:00 | 248.18 | 248.76 | 248.17 | 248.41 | 469219 
RESULTADO: EXITO
============================================================


============================================================
ANALISIS: TSLA | P2TrendPutStrategy | ENTRADA: 394.98 | TP: 393.48 | SL: 399.48
Hora  |  Open  |  High  |  Low   |  Close |  Vol

============================================================
ANALISIS: NVDA | P2TrendPutStrategy | ENTRADA: 177.67 | TP: 176.17 | SL: 182.17
Hora  |  Open  |  High  |  Low   |  Close |  Vol
14:30 | 182.57 | 182.82 | 180.72 | 181.64 | 10871761 
14:45 | 181.65 | 182.60 | 181.61 | 182.47 | 6741222 
15:00 | 182.47 | 183.38 | 182.20 | 182.43 | 7137442 
15:15 | 182.45 | 182.94 | 182.13 | 182.28 | 4737914 
15:30 | 182.28 | 182.81 | 182.10 | 182.11 | 4638348 
15:45 | 182.10 | 182.77 | 181.84 | 182.76 | 4357409 
16:00 | 182.77 | 183.24 | 182.61 | 182.95 | 5451096 
16:15 | 182.95 | 182.99 | 182.27 | 182.54 | 4028937 
16:30 | 182.54 | 182.71 | 182.32 | 182.49 | 3005571 
16:45 | 182.50 | 182.67 | 182.32 | 182.47 | 3063505 
17:00 | 182.47 | 182.82 | 182.36 | 182.69 | 2392276 
17:15 | 182.70 | 182.85 | 182.36 | 182.74 | 2670789 
17:30 | 182.74 | 182.76 | 182.10 | 182.28 | 3025128 
17:45 | 182.28 | 182.67 | 182.17 | 182.43 | 2398531 
18:00 | 182.42 | 182.44 | 181.91 | 181.96 | 2584042 
18:15 | 181.95 | 182.09 | 181.83 | 182.07 | 2285836 
18:30 | 182.07 | 182.52 | 181.82 | 182.39 | 2711384 
18:45 | 182.39 | 182.74 | 182.38 | 182.63 | 2541264 
19:00 | 182.64 | 183.15 | 182.56 | 182.69 | 3896271 
19:15 | 182.70 | 182.72 | 182.03 | 182.31 | 2890993 
19:30 | 182.31 | 182.40 | 181.60 | 181.90 | 4916536 
19:45 | 181.89 | 181.95 | 181.09 | 181.23 | 4059904 
20:00 | 181.22 | 181.68 | 181.07 | 181.25 | 4229706 
20:15 | 181.24 | 181.35 | 180.88 | 181.25 | 4500061 
20:30 | 181.23 | 181.39 | 180.70 | 180.80 | 4125843 
20:45 | 180.80 | 180.97 | 180.33 | 180.35 | 6627134 
14:30 | 178.01 | 178.03 | 175.78 | 176.34 | 14439936 [ENTRADA]
14:45 | 176.34 | 177.68 | 176.03 | 177.67 | 8863368 
15:00 | 177.66 | 178.18 | 177.22 | 178.09 | 6723399 
15:15 | 178.09 | 178.40 | 177.36 | 177.59 | 5213835 
15:30 | 177.59 | 178.47 | 177.55 | 177.81 | 4871590 
15:45 | 177.81 | 178.40 | 177.63 | 178.20 | 3784895 
16:00 | 178.19 | 179.05 | 178.02 | 178.88 | 4849607 
16:15 | 178.87 | 179.02 | 178.06 | 178.24 | 4237658 
16:30 | 178.24 | 178.24 | 177.69 | 177.83 | 3363041 
16:45 | 177.82 | 178.36 | 177.66 | 178.31 | 3116914 
17:00 | 178.30 | 178.94 | 178.16 | 178.61 | 3709344 
17:15 | 178.61 | 178.87 | 178.33 | 178.78 | 2646646 
17:30 | 178.79 | 178.90 | 178.33 | 178.42 | 3174946 
17:45 | 178.42 | 178.46 | 178.06 | 178.16 | 2475943 
18:00 | 178.16 | 178.20 | 177.56 | 177.69 | 2858355 
19:00 | 399.20 | 399.64 | 398.75 | 399.19 | 1049153 
19:15 | 399.19 | 399.19 | 397.77 | 398.00 | 1064127 
19:30 | 397.99 | 398.21 | 397.15 | 397.20 | 1014843 
19:45 | 397.20 | 398.00 | 397.18 | 397.80 | 816176 
20:00 | 397.82 | 398.51 | 397.72 | 398.19 | 923981 
20:15 | 398.17 | 398.88 | 398.13 | 398.68 | 919789 
20:30 | 398.68 | 398.96 | 398.21 | 398.37 | 929497 
20:45 | 398.35 | 399.35 | 397.75 | 399.22 | 2077324 
14:30 | 399.00 | 401.97 | 398.06 | 401.86 | 3485228 
14:45 | 401.86 | 403.06 | 401.31 | 402.99 | 3057862 
15:00 | 402.97 | 403.06 | 399.82 | 399.84 | 2436614 
15:15 | 399.85 | 400.35 | 397.57 | 397.88 | 2319303 
15:30 | 397.87 | 398.64 | 397.70 | 398.16 | 1683748 
15:45 | 398.15 | 398.60 | 397.61 | 398.45 | 1385299 
16:00 | 398.46 | 399.80 | 397.85 | 398.70 | 1740481 
16:15 | 398.74 | 399.16 | 397.34 | 397.65 | 1337394 
16:30 | 397.62 | 398.24 | 397.41 | 398.03 | 1190644 
16:45 | 398.02 | 398.50 | 397.42 | 398.21 | 1036060 
17:00 | 398.21 | 398.42 | 397.51 | 398.12 | 936262 
17:15 | 398.13 | 398.66 | 397.76 | 397.85 | 873389 
17:30 | 397.84 | 398.24 | 396.76 | 397.46 | 1239183 
17:45 | 397.48 | 397.98 | 397.06 | 397.44 | 925301 
18:00 | 397.40 | 397.54 | 396.20 | 396.88 | 987513 
18:15 | 396.86 | 397.23 | 396.55 | 397.17 | 694766 
18:30 | 397.18 | 398.04 | 397.00 | 397.33 | 918926 
18:45 | 397.30 | 398.06 | 397.30 | 397.68 | 840747 
19:00 | 397.72 | 398.55 | 397.29 | 397.47 | 1350982 [ENTRADA]
19:15 | 397.50 | 397.51 | 396.45 | 397.24 | 1209948 
19:30 | 397.19 | 397.58 | 395.86 | 396.79 | 1486490 
19:45 | 396.76 | 396.86 | 394.90 | 394.98 | 1568843 
20:00 | 394.99 | 395.94 | 394.69 | 395.62 | 1460063 
20:15 | 395.59 | 395.67 | 394.16 | 394.68 | 1385098 
20:30 | 394.68 | 394.85 | 393.30 | 393.54 | 1520367 
20:45 | 393.55 | 393.57 | 392.31 | 392.85 | 2713540 
14:30 | 387.27 | 387.27 | 379.72 | 382.82 | 5875132 
14:45 | 382.88 | 384.22 | 381.44 | 383.09 | 2735957 
15:00 | 383.08 | 384.15 | 382.56 | 383.21 | 2598810 
15:15 | 383.19 | 383.55 | 379.79 | 380.65 | 2839790 
15:30 | 380.64 | 382.71 | 380.52 | 381.26 | 2658274 
15:45 | 381.30 | 381.70 | 380.24 | 381.35 | 2033087 
16:00 | 381.33 | 384.08 | 381.32 | 383.81 | 2142337 
16:15 | 383.81 | 384.22 | 382.15 | 383.02 | 1645821 
16:30 | 383.06 | 383.09 | 381.35 | 381.36 | 1332325 
16:45 | 381.35 | 382.39 | 380.82 | 382.20 | 1511941 
17:00 | 382.18 | 383.65 | 381.78 | 382.58 | 1484086 
17:15 | 382.58 | 382.71 | 381.61 | 381.89 | 1072226 
17:30 | 381.91 | 382.63 | 381.12 | 382.02 | 1345863 
17:45 | 382.01 | 382.50 | 380.85 | 382.26 | 1234574 
18:00 | 382.30 | 382.45 | 380.20 | 380.57 | 1225590 
18:15 | 177.69 | 178.75 | 177.63 | 178.55 | 3530616 
18:30 | 178.55 | 178.75 | 178.06 | 178.16 | 2107605 
18:45 | 178.15 | 178.55 | 177.97 | 178.23 | 2048566 
19:00 | 178.22 | 178.93 | 178.08 | 178.87 | 2255630 
19:15 | 178.86 | 179.24 | 178.71 | 178.97 | 3363950 
19:30 | 178.98 | 178.99 | 178.23 | 178.28 | 2468251 
19:45 | 178.28 | 178.73 | 178.09 | 178.65 | 2583613 
18:15 | 380.54 | 381.90 | 380.24 | 381.64 | 1111581 
18:30 | 381.66 | 382.07 | 380.62 | 380.93 | 951238 
18:45 | 380.94 | 382.24 | 380.65 | 381.46 | 930666 
19:00 | 381.46 | 382.90 | 380.90 | 382.60 | 1170709 
RESULTADO: EXITO
============================================================

20:00 | 178.65 | 179.94 | 178.59 | 179.71 | 6447083 
20:15 | 179.71 | 179.98 | 178.87 | 179.14 | 4672796 
20:30 | 179.13 | 179.15 | 178.22 | 178.39 | 4703809 
20:45 | 178.39 | 178.88 | 177.91 | 178.50 | 8386373 
14:30 | 178.00 | 178.26 | 176.75 | 177.71 | 20466134 
RESULTADO: EXITO
============================================================


============================================================
ANALISIS: NVDA | P2TrendPutStrategy | ENTRADA: 178.20 | TP: 176.70 | SL: 182.70
Hora  |  Open  |  High  |  Low   |  Close |  Vol
15:00 | 182.47 | 183.38 | 182.20 | 182.43 | 7137442 
15:15 | 182.45 | 182.94 | 182.13 | 182.28 | 4737914 
15:30 | 182.28 | 182.81 | 182.10 | 182.11 | 4638348 
15:45 | 182.10 | 182.77 | 181.84 | 182.76 | 4357409 
16:00 | 182.77 | 183.24 | 182.61 | 182.95 | 5451096 
16:15 | 182.95 | 182.99 | 182.27 | 182.54 | 4028937 
16:30 | 182.54 | 182.71 | 182.32 | 182.49 | 3005571 
16:45 | 182.50 | 182.67 | 182.32 | 182.47 | 3063505 
17:00 | 182.47 | 182.82 | 182.36 | 182.69 | 2392276 
17:15 | 182.70 | 182.85 | 182.36 | 182.74 | 2670789 
17:30 | 182.74 | 182.76 | 182.10 | 182.28 | 3025128 
17:45 | 182.28 | 182.67 | 182.17 | 182.43 | 2398531 
18:00 | 182.42 | 182.44 | 181.91 | 181.96 | 2584042 
18:15 | 181.95 | 182.09 | 181.83 | 182.07 | 2285836 
18:30 | 182.07 | 182.52 | 181.82 | 182.39 | 2711384 
18:45 | 182.39 | 182.74 | 182.38 | 182.63 | 2541264 
19:00 | 182.64 | 183.15 | 182.56 | 182.69 | 3896271 
19:15 | 182.70 | 182.72 | 182.03 | 182.31 | 2890993 
19:30 | 182.31 | 182.40 | 181.60 | 181.90 | 4916536 
19:45 | 181.89 | 181.95 | 181.09 | 181.23 | 4059904 
20:00 | 181.22 | 181.68 | 181.07 | 181.25 | 4229706 
20:15 | 181.24 | 181.35 | 180.88 | 181.25 | 4500061 
20:30 | 181.23 | 181.39 | 180.70 | 180.80 | 4125843 
20:45 | 180.80 | 180.97 | 180.33 | 180.35 | 6627134 
14:30 | 178.01 | 178.03 | 175.78 | 176.34 | 14439936 
14:45 | 176.34 | 177.68 | 176.03 | 177.67 | 8863368 
15:00 | 177.66 | 178.18 | 177.22 | 178.09 | 6723399 [ENTRADA]
15:15 | 178.09 | 178.40 | 177.36 | 177.59 | 5213835 
15:30 | 177.59 | 178.47 | 177.55 | 177.81 | 4871590 
15:45 | 177.81 | 178.40 | 177.63 | 178.20 | 3784895 
16:00 | 178.19 | 179.05 | 178.02 | 178.88 | 4849607 
16:15 | 178.87 | 179.02 | 178.06 | 178.24 | 4237658 
16:30 | 178.24 | 178.24 | 177.69 | 177.83 | 3363041 
16:45 | 177.82 | 178.36 | 177.66 | 178.31 | 3116914 
17:00 | 178.30 | 178.94 | 178.16 | 178.61 | 3709344 
17:15 | 178.61 | 178.87 | 178.33 | 178.78 | 2646646 
17:30 | 178.79 | 178.90 | 178.33 | 178.42 | 3174946 
17:45 | 178.42 | 178.46 | 178.06 | 178.16 | 2475943 
18:00 | 178.16 | 178.20 | 177.56 | 177.69 | 2858355 
18:15 | 177.69 | 178.75 | 177.63 | 178.55 | 3530616 
18:30 | 178.55 | 178.75 | 178.06 | 178.16 | 2107605 
18:45 | 178.15 | 178.55 | 177.97 | 178.23 | 2048566 
19:00 | 178.22 | 178.93 | 178.08 | 178.87 | 2255630 
19:15 | 178.86 | 179.24 | 178.71 | 178.97 | 3363950 
19:30 | 178.98 | 178.99 | 178.23 | 178.28 | 2468251 
19:45 | 178.28 | 178.73 | 178.09 | 178.65 | 2583613 
20:00 | 178.65 | 179.94 | 178.59 | 179.71 | 6447083 
20:15 | 179.71 | 179.98 | 178.87 | 179.14 | 4672796 
20:30 | 179.13 | 179.15 | 178.22 | 178.39 | 4703809 
20:45 | 178.39 | 178.88 | 177.91 | 178.50 | 8386373 
14:30 | 178.00 | 178.26 | 176.75 | 177.71 | 20466134 
14:45 | 177.72 | 177.83 | 175.84 | 175.84 | 7007411 
15:00 | 175.85 | 176.33 | 175.43 | 175.57 | 7037468 
RESULTADO: EXITO
============================================================


============================================================
ANALISIS: TSLA | P2TrendPutStrategy | ENTRADA: 383.09 | TP: 381.59 | SL: 387.59
Hora  |  Open  |  High  |  Low   |  Close |  Vol
14:30 | 399.00 | 401.97 | 398.06 | 401.86 | 3485228 
14:45 | 401.86 | 403.06 | 401.31 | 402.99 | 3057862 
15:00 | 402.97 | 403.06 | 399.82 | 399.84 | 2436614 
15:15 | 399.85 | 400.35 | 397.57 | 397.88 | 2319303 
15:30 | 397.87 | 398.64 | 397.70 | 398.16 | 1683748 
15:45 | 398.15 | 398.60 | 397.61 | 398.45 | 1385299 
16:00 | 398.46 | 399.80 | 397.85 | 398.70 | 1740481 
16:15 | 398.74 | 399.16 | 397.34 | 397.65 | 1337394 
16:30 | 397.62 | 398.24 | 397.41 | 398.03 | 1190644 
16:45 | 398.02 | 398.50 | 397.42 | 398.21 | 1036060 
17:00 | 398.21 | 398.42 | 397.51 | 398.12 | 936262 
17:15 | 398.13 | 398.66 | 397.76 | 397.85 | 873389 
17:30 | 397.84 | 398.24 | 396.76 | 397.46 | 1239183 
17:45 | 397.48 | 397.98 | 397.06 | 397.44 | 925301 
18:00 | 397.40 | 397.54 | 396.20 | 396.88 | 987513 
18:15 | 396.86 | 397.23 | 396.55 | 397.17 | 694766 
18:30 | 397.18 | 398.04 | 397.00 | 397.33 | 918926 
18:45 | 397.30 | 398.06 | 397.30 | 397.68 | 840747 
19:00 | 397.72 | 398.55 | 397.29 | 397.47 | 1350982 
19:15 | 397.50 | 397.51 | 396.45 | 397.24 | 1209948 
19:30 | 397.19 | 397.58 | 395.86 | 396.79 | 1486490 
19:45 | 396.76 | 396.86 | 394.90 | 394.98 | 1568843 
20:00 | 394.99 | 395.94 | 394.69 | 395.62 | 1460063 
20:15 | 395.59 | 395.67 | 394.16 | 394.68 | 1385098 
20:30 | 394.68 | 394.85 | 393.30 | 393.54 | 1520367 
20:45 | 393.55 | 393.57 | 392.31 | 392.85 | 2713540 
14:30 | 387.27 | 387.27 | 379.72 | 382.82 | 5875132 [ENTRADA]
14:45 | 382.88 | 384.22 | 381.44 | 383.09 | 2735957 
15:00 | 383.08 | 384.15 | 382.56 | 383.21 | 2598810 
15:15 | 383.19 | 383.55 | 379.79 | 380.65 | 2839790 
15:30 | 380.64 | 382.71 | 380.52 | 381.26 | 2658274 
15:45 | 381.30 | 381.70 | 380.24 | 381.35 | 2033087 
16:00 | 381.33 | 384.08 | 381.32 | 383.81 | 2142337 
16:15 | 383.81 | 384.22 | 382.15 | 383.02 | 1645821 
16:30 | 383.06 | 383.09 | 381.35 | 381.36 | 1332325 
16:45 | 381.35 | 382.39 | 380.82 | 382.20 | 1511941 
17:00 | 382.18 | 383.65 | 381.78 | 382.58 | 1484086 
17:15 | 382.58 | 382.71 | 381.61 | 381.89 | 1072226 
17:30 | 381.91 | 382.63 | 381.12 | 382.02 | 1345863 
17:45 | 382.01 | 382.50 | 380.85 | 382.26 | 1234574 
18:00 | 382.30 | 382.45 | 380.20 | 380.57 | 1225590 
18:15 | 380.54 | 381.90 | 380.24 | 381.64 | 1111581 
18:30 | 381.66 | 382.07 | 380.62 | 380.93 | 951238 
18:45 | 380.94 | 382.24 | 380.65 | 381.46 | 930666 
19:00 | 381.46 | 382.90 | 380.90 | 382.60 | 1170709 
19:15 | 382.60 | 382.80 | 381.40 | 381.42 | 944893 
19:30 | 381.42 | 381.80 | 380.26 | 380.33 | 1376477 
19:45 | 380.32 | 381.35 | 378.73 | 381.20 | 2610312 
20:00 | 381.20 | 384.95 | 381.06 | 384.16 | 2985175 
20:15 | 384.16 | 384.34 | 382.18 | 382.66 | 1584520 
20:30 | 382.68 | 382.86 | 381.20 | 382.08 | 1454875 
20:45 | 382.05 | 382.68 | 380.05 | 380.24 | 2981873 
14:30 | 379.85 | 379.87 | 373.33 | 374.89 | 4393004 
RESULTADO: EXITO
============================================================


============================================================
ANALISIS: TSLA | P2TrendPutStrategy | ENTRADA: 381.35 | TP: 379.85 | SL: 385.85
Hora  |  Open  |  High  |  Low   |  Close |  Vol
15:00 | 402.97 | 403.06 | 399.82 | 399.84 | 2436614 
15:15 | 399.85 | 400.35 | 397.57 | 397.88 | 2319303 
15:30 | 397.87 | 398.64 | 397.70 | 398.16 | 1683748 

============================================================
ANALISIS: NVDA | P2TrendPutStrategy | ENTRADA: 178.31 | TP: 176.81 | SL: 182.81
Hora  |  Open  |  High  |  Low   |  Close |  Vol
16:00 | 182.77 | 183.24 | 182.61 | 182.95 | 5451096 
16:15 | 182.95 | 182.99 | 182.27 | 182.54 | 4028937 
16:30 | 182.54 | 182.71 | 182.32 | 182.49 | 3005571 
16:45 | 182.50 | 182.67 | 182.32 | 182.47 | 3063505 
17:00 | 182.47 | 182.82 | 182.36 | 182.69 | 2392276 
17:15 | 182.70 | 182.85 | 182.36 | 182.74 | 2670789 
17:30 | 182.74 | 182.76 | 182.10 | 182.28 | 3025128 
17:45 | 182.28 | 182.67 | 182.17 | 182.43 | 2398531 
18:00 | 182.42 | 182.44 | 181.91 | 181.96 | 2584042 
18:15 | 181.95 | 182.09 | 181.83 | 182.07 | 2285836 
18:30 | 182.07 | 182.52 | 181.82 | 182.39 | 2711384 
18:45 | 182.39 | 182.74 | 182.38 | 182.63 | 2541264 
19:00 | 182.64 | 183.15 | 182.56 | 182.69 | 3896271 
19:15 | 182.70 | 182.72 | 182.03 | 182.31 | 2890993 
19:30 | 182.31 | 182.40 | 181.60 | 181.90 | 4916536 
19:45 | 181.89 | 181.95 | 181.09 | 181.23 | 4059904 
20:00 | 181.22 | 181.68 | 181.07 | 181.25 | 4229706 
20:15 | 181.24 | 181.35 | 180.88 | 181.25 | 4500061 
20:30 | 181.23 | 181.39 | 180.70 | 180.80 | 4125843 
20:45 | 180.80 | 180.97 | 180.33 | 180.35 | 6627134 
14:30 | 178.01 | 178.03 | 175.78 | 176.34 | 14439936 
14:45 | 176.34 | 177.68 | 176.03 | 177.67 | 8863368 
15:00 | 177.66 | 178.18 | 177.22 | 178.09 | 6723399 
15:15 | 178.09 | 178.40 | 177.36 | 177.59 | 5213835 
15:30 | 177.59 | 178.47 | 177.55 | 177.81 | 4871590 
15:45 | 177.81 | 178.40 | 177.63 | 178.20 | 3784895 
16:00 | 178.19 | 179.05 | 178.02 | 178.88 | 4849607 [ENTRADA]
16:15 | 178.87 | 179.02 | 178.06 | 178.24 | 4237658 
16:30 | 178.24 | 178.24 | 177.69 | 177.83 | 3363041 
16:45 | 177.82 | 178.36 | 177.66 | 178.31 | 3116914 
17:00 | 178.30 | 178.94 | 178.16 | 178.61 | 3709344 
17:15 | 178.61 | 178.87 | 178.33 | 178.78 | 2646646 
17:30 | 178.79 | 178.90 | 178.33 | 178.42 | 3174946 
17:45 | 178.42 | 178.46 | 178.06 | 178.16 | 2475943 
18:00 | 178.16 | 178.20 | 177.56 | 177.69 | 2858355 
18:15 | 177.69 | 178.75 | 177.63 | 178.55 | 3530616 
18:30 | 178.55 | 178.75 | 178.06 | 178.16 | 2107605 
18:45 | 178.15 | 178.55 | 177.97 | 178.23 | 2048566 
19:00 | 178.22 | 178.93 | 178.08 | 178.87 | 2255630 
19:15 | 178.86 | 179.24 | 178.71 | 178.97 | 3363950 
19:30 | 178.98 | 178.99 | 178.23 | 178.28 | 2468251 
19:45 | 178.28 | 178.73 | 178.09 | 178.65 | 2583613 
20:00 | 178.65 | 179.94 | 178.59 | 179.71 | 6447083 
20:15 | 179.71 | 179.98 | 178.87 | 179.14 | 4672796 
20:30 | 179.13 | 179.15 | 178.22 | 178.39 | 4703809 
20:45 | 178.39 | 178.88 | 177.91 | 178.50 | 8386373 
14:30 | 178.00 | 178.26 | 176.75 | 177.71 | 20466134 
14:45 | 177.72 | 177.83 | 175.84 | 175.84 | 7007411 
15:00 | 175.85 | 176.33 | 175.43 | 175.57 | 7037468 
15:15 | 175.56 | 176.27 | 175.46 | 175.74 | 5611105 
15:30 | 175.75 | 176.10 | 175.52 | 175.68 | 5332307 
15:45 | 175.67 | 175.89 | 175.00 | 175.86 | 6851471 
16:00 | 175.85 | 176.25 | 175.55 | 176.09 | 4439742 
15:45 | 398.15 | 398.60 | 397.61 | 398.45 | 1385299 
16:00 | 398.46 | 399.80 | 397.85 | 398.70 | 1740481 
16:15 | 398.74 | 399.16 | 397.34 | 397.65 | 1337394 
16:30 | 397.62 | 398.24 | 397.41 | 398.03 | 1190644 
16:45 | 398.02 | 398.50 | 397.42 | 398.21 | 1036060 
17:00 | 398.21 | 398.42 | 397.51 | 398.12 | 936262 
17:15 | 398.13 | 398.66 | 397.76 | 397.85 | 873389 
17:30 | 397.84 | 398.24 | 396.76 | 397.46 | 1239183 
17:45 | 397.48 | 397.98 | 397.06 | 397.44 | 925301 
18:00 | 397.40 | 397.54 | 396.20 | 396.88 | 987513 
18:15 | 396.86 | 397.23 | 396.55 | 397.17 | 694766 
18:30 | 397.18 | 398.04 | 397.00 | 397.33 | 918926 
18:45 | 397.30 | 398.06 | 397.30 | 397.68 | 840747 
19:00 | 397.72 | 398.55 | 397.29 | 397.47 | 1350982 
19:15 | 397.50 | 397.51 | 396.45 | 397.24 | 1209948 
RESULTADO: EXITO
============================================================

19:30 | 397.19 | 397.58 | 395.86 | 396.79 | 1486490 
19:45 | 396.76 | 396.86 | 394.90 | 394.98 | 1568843 
20:00 | 394.99 | 395.94 | 394.69 | 395.62 | 1460063 
20:15 | 395.59 | 395.67 | 394.16 | 394.68 | 1385098 
20:30 | 394.68 | 394.85 | 393.30 | 393.54 | 1520367 
20:45 | 393.55 | 393.57 | 392.31 | 392.85 | 2713540 
14:30 | 387.27 | 387.27 | 379.72 | 382.82 | 5875132 
14:45 | 382.88 | 384.22 | 381.44 | 383.09 | 2735957 
15:00 | 383.08 | 384.15 | 382.56 | 383.21 | 2598810 [ENTRADA]
15:15 | 383.19 | 383.55 | 379.79 | 380.65 | 2839790 
15:30 | 380.64 | 382.71 | 380.52 | 381.26 | 2658274 
15:45 | 381.30 | 381.70 | 380.24 | 381.35 | 2033087 
16:00 | 381.33 | 384.08 | 381.32 | 383.81 | 2142337 
16:15 | 383.81 | 384.22 | 382.15 | 383.02 | 1645821 
16:30 | 383.06 | 383.09 | 381.35 | 381.36 | 1332325 
16:45 | 381.35 | 382.39 | 380.82 | 382.20 | 1511941 
17:00 | 382.18 | 383.65 | 381.78 | 382.58 | 1484086 
17:15 | 382.58 | 382.71 | 381.61 | 381.89 | 1072226 
17:30 | 381.91 | 382.63 | 381.12 | 382.02 | 1345863 
17:45 | 382.01 | 382.50 | 380.85 | 382.26 | 1234574 
18:00 | 382.30 | 382.45 | 380.20 | 380.57 | 1225590 
18:15 | 380.54 | 381.90 | 380.24 | 381.64 | 1111581 
18:30 | 381.66 | 382.07 | 380.62 | 380.93 | 951238 
18:45 | 380.94 | 382.24 | 380.65 | 381.46 | 930666 
19:00 | 381.46 | 382.90 | 380.90 | 382.60 | 1170709 
19:15 | 382.60 | 382.80 | 381.40 | 381.42 | 944893 
19:30 | 381.42 | 381.80 | 380.26 | 380.33 | 1376477 
19:45 | 380.32 | 381.35 | 378.73 | 381.20 | 2610312 
20:00 | 381.20 | 384.95 | 381.06 | 384.16 | 2985175 
20:15 | 384.16 | 384.34 | 382.18 | 382.66 | 1584520 
20:30 | 382.68 | 382.86 | 381.20 | 382.08 | 1454875 
20:45 | 382.05 | 382.68 | 380.05 | 380.24 | 2981873 
14:30 | 379.85 | 379.87 | 373.33 | 374.89 | 4393004 
14:45 | 374.87 | 376.20 | 370.74 | 371.17 | 3946636 
15:00 | 371.19 | 372.17 | 369.90 | 370.69 | 3319906 
RESULTADO: EXITO
============================================================


============================================================
ANALISIS: NVDA | P2TrendPutStrategy | ENTRADA: 178.16 | TP: 176.66 | SL: 182.66
Hora  |  Open  |  High  |  Low   |  Close |  Vol
17:00 | 182.47 | 182.82 | 182.36 | 182.69 | 2392276 
17:15 | 182.70 | 182.85 | 182.36 | 182.74 | 2670789 
17:30 | 182.74 | 182.76 | 182.10 | 182.28 | 3025128 
17:45 | 182.28 | 182.67 | 182.17 | 182.43 | 2398531 
18:00 | 182.42 | 182.44 | 181.91 | 181.96 | 2584042 
18:15 | 181.95 | 182.09 | 181.83 | 182.07 | 2285836 
18:30 | 182.07 | 182.52 | 181.82 | 182.39 | 2711384 
18:45 | 182.39 | 182.74 | 182.38 | 182.63 | 2541264 
19:00 | 182.64 | 183.15 | 182.56 | 182.69 | 3896271 
19:15 | 182.70 | 182.72 | 182.03 | 182.31 | 2890993 
19:30 | 182.31 | 182.40 | 181.60 | 181.90 | 4916536 
19:45 | 181.89 | 181.95 | 181.09 | 181.23 | 4059904 
20:00 | 181.22 | 181.68 | 181.07 | 181.25 | 4229706 
20:15 | 181.24 | 181.35 | 180.88 | 181.25 | 4500061 
20:30 | 181.23 | 181.39 | 180.70 | 180.80 | 4125843 
20:45 | 180.80 | 180.97 | 180.33 | 180.35 | 6627134 
14:30 | 178.01 | 178.03 | 175.78 | 176.34 | 14439936 
14:45 | 176.34 | 177.68 | 176.03 | 177.67 | 8863368 
15:00 | 177.66 | 178.18 | 177.22 | 178.09 | 6723399 
15:15 | 178.09 | 178.40 | 177.36 | 177.59 | 5213835 
15:30 | 177.59 | 178.47 | 177.55 | 177.81 | 4871590 
15:45 | 177.81 | 178.40 | 177.63 | 178.20 | 3784895 
16:00 | 178.19 | 179.05 | 178.02 | 178.88 | 4849607 
16:15 | 178.87 | 179.02 | 178.06 | 178.24 | 4237658 
16:30 | 178.24 | 178.24 | 177.69 | 177.83 | 3363041 
16:45 | 177.82 | 178.36 | 177.66 | 178.31 | 3116914 
17:00 | 178.30 | 178.94 | 178.16 | 178.61 | 3709344 [ENTRADA]
17:15 | 178.61 | 178.87 | 178.33 | 178.78 | 2646646 
17:30 | 178.79 | 178.90 | 178.33 | 178.42 | 3174946 
17:45 | 178.42 | 178.46 | 178.06 | 178.16 | 2475943 
18:00 | 178.16 | 178.20 | 177.56 | 177.69 | 2858355 
18:15 | 177.69 | 178.75 | 177.63 | 178.55 | 3530616 
18:30 | 178.55 | 178.75 | 178.06 | 178.16 | 2107605 
18:45 | 178.15 | 178.55 | 177.97 | 178.23 | 2048566 
19:00 | 178.22 | 178.93 | 178.08 | 178.87 | 2255630 
19:15 | 178.86 | 179.24 | 178.71 | 178.97 | 3363950 
19:30 | 178.98 | 178.99 | 178.23 | 178.28 | 2468251 
19:45 | 178.28 | 178.73 | 178.09 | 178.65 | 2583613 
20:00 | 178.65 | 179.94 | 178.59 | 179.71 | 6447083 
20:15 | 179.71 | 179.98 | 178.87 | 179.14 | 4672796 
20:30 | 179.13 | 179.15 | 178.22 | 178.39 | 4703809 
20:45 | 178.39 | 178.88 | 177.91 | 178.50 | 8386373 
14:30 | 178.00 | 178.26 | 176.75 | 177.71 | 20466134 
14:45 | 177.72 | 177.83 | 175.84 | 175.84 | 7007411 
15:00 | 175.85 | 176.33 | 175.43 | 175.57 | 7037468 
15:15 | 175.56 | 176.27 | 175.46 | 175.74 | 5611105 
15:30 | 175.75 | 176.10 | 175.52 | 175.68 | 5332307 
15:45 | 175.67 | 175.89 | 175.00 | 175.86 | 6851471 
16:00 | 175.85 | 176.25 | 175.55 | 176.09 | 4439742 
16:15 | 176.09 | 176.20 | 175.47 | 175.70 | 3793415 
16:30 | 175.70 | 175.94 | 175.56 | 175.84 | 2756832 
16:45 | 175.84 | 176.04 | 175.69 | 175.86 | 2339028 
17:00 | 175.86 | 176.42 | 175.78 | 176.37 | 3109848 
RESULTADO: EXITO
============================================================


============================================================
ANALISIS: TSLA | P2TrendPutStrategy | ENTRADA: 382.20 | TP: 380.70 | SL: 386.70
Hora  |  Open  |  High  |  Low   |  Close |  Vol
16:00 | 398.46 | 399.80 | 397.85 | 398.70 | 1740481 
16:15 | 398.74 | 399.16 | 397.34 | 397.65 | 1337394 
16:30 | 397.62 | 398.24 | 397.41 | 398.03 | 1190644 
16:45 | 398.02 | 398.50 | 397.42 | 398.21 | 1036060 
17:00 | 398.21 | 398.42 | 397.51 | 398.12 | 936262 
17:15 | 398.13 | 398.66 | 397.76 | 397.85 | 873389 
17:30 | 397.84 | 398.24 | 396.76 | 397.46 | 1239183 
17:45 | 397.48 | 397.98 | 397.06 | 397.44 | 925301 
18:00 | 397.40 | 397.54 | 396.20 | 396.88 | 987513 
18:15 | 396.86 | 397.23 | 396.55 | 397.17 | 694766 
18:30 | 397.18 | 398.04 | 397.00 | 397.33 | 918926 
18:45 | 397.30 | 398.06 | 397.30 | 397.68 | 840747 
19:00 | 397.72 | 398.55 | 397.29 | 397.47 | 1350982 
19:15 | 397.50 | 397.51 | 396.45 | 397.24 | 1209948 
19:30 | 397.19 | 397.58 | 395.86 | 396.79 | 1486490 
19:45 | 396.76 | 396.86 | 394.90 | 394.98 | 1568843 
20:00 | 394.99 | 395.94 | 394.69 | 395.62 | 1460063 
20:15 | 395.59 | 395.67 | 394.16 | 394.68 | 1385098 
20:30 | 394.68 | 394.85 | 393.30 | 393.54 | 1520367 
20:45 | 393.55 | 393.57 | 392.31 | 392.85 | 2713540 
14:30 | 387.27 | 387.27 | 379.72 | 382.82 | 5875132 
14:45 | 382.88 | 384.22 | 381.44 | 383.09 | 2735957 
15:00 | 383.08 | 384.15 | 382.56 | 383.21 | 2598810 
15:15 | 383.19 | 383.55 | 379.79 | 380.65 | 2839790 
15:30 | 380.64 | 382.71 | 380.52 | 381.26 | 2658274 
15:45 | 381.30 | 381.70 | 380.24 | 381.35 | 2033087 
16:00 | 381.33 | 384.08 | 381.32 | 383.81 | 2142337 [ENTRADA]
16:15 | 383.81 | 384.22 | 382.15 | 383.02 | 1645821 
16:30 | 383.06 | 383.09 | 381.35 | 381.36 | 1332325 
16:45 | 381.35 | 382.39 | 380.82 | 382.20 | 1511941 
17:00 | 382.18 | 383.65 | 381.78 | 382.58 | 1484086 
17:15 | 382.58 | 382.71 | 381.61 | 381.89 | 1072226 
17:30 | 381.91 | 382.63 | 381.12 | 382.02 | 1345863 
17:45 | 382.01 | 382.50 | 380.85 | 382.26 | 1234574 
18:00 | 382.30 | 382.45 | 380.20 | 380.57 | 1225590 
18:15 | 380.54 | 381.90 | 380.24 | 381.64 | 1111581 
18:30 | 381.66 | 382.07 | 380.62 | 380.93 | 951238 
18:45 | 380.94 | 382.24 | 380.65 | 381.46 | 930666 
19:00 | 381.46 | 382.90 | 380.90 | 382.60 | 1170709 
19:15 | 382.60 | 382.80 | 381.40 | 381.42 | 944893 
19:30 | 381.42 | 381.80 | 380.26 | 380.33 | 1376477 
19:45 | 380.32 | 381.35 | 378.73 | 381.20 | 2610312 
20:00 | 381.20 | 384.95 | 381.06 | 384.16 | 2985175 
20:15 | 384.16 | 384.34 | 382.18 | 382.66 | 1584520 
20:30 | 382.68 | 382.86 | 381.20 | 382.08 | 1454875 
20:45 | 382.05 | 382.68 | 380.05 | 380.24 | 2981873 
14:30 | 379.85 | 379.87 | 373.33 | 374.89 | 4393004 
14:45 | 374.87 | 376.20 | 370.74 | 371.17 | 3946636 
15:00 | 371.19 | 372.17 | 369.90 | 370.69 | 3319906 
15:15 | 370.73 | 372.88 | 370.48 | 372.35 | 2251132 
15:30 | 372.33 | 373.56 | 372.00 | 373.09 | 2254895 
15:45 | 373.04 | 373.78 | 371.89 | 372.85 | 1886444 
16:00 | 372.87 | 375.06 | 372.59 | 374.90 | 1915802 

============================================================
ANALISIS: AAPL | P2TrendPutStrategy | ENTRADA: 251.88 | TP: 250.38 | SL: 254.88
Hora  |  Open  |  High  |  Low   |  Close |  Vol
14:30 | 250.35 | 252.09 | 249.55 | 251.68 | 1423430 
14:45 | 251.69 | 252.17 | 251.17 | 251.65 | 590895 
15:00 | 251.64 | 253.12 | 251.59 | 252.73 | 673363 
15:15 | 252.75 | 253.12 | 252.28 | 252.47 | 585976 
15:30 | 252.44 | 252.86 | 252.17 | 252.47 | 511313 
15:45 | 252.46 | 253.31 | 251.74 | 252.11 | 911849 
16:00 | 252.10 | 253.81 | 252.05 | 253.75 | 830274 
16:15 | 253.76 | 254.17 | 253.62 | 253.99 | 769005 
16:30 | 253.98 | 254.32 | 253.82 | 254.26 | 397234 
16:45 | 254.25 | 254.69 | 253.66 | 253.88 | 562750 
RESULTADO: EXITO
============================================================

17:00 | 253.88 | 253.98 | 253.38 | 253.54 | 445488 
17:15 | 253.55 | 254.83 | 253.52 | 254.59 | 646673 
17:30 | 254.59 | 254.71 | 253.52 | 253.66 | 451865 
17:45 | 253.66 | 253.91 | 253.37 | 253.65 | 311065 
18:00 | 253.63 | 253.84 | 252.86 | 252.99 | 486742 
18:15 | 252.99 | 253.07 | 252.76 | 253.04 | 275082 
18:30 | 253.05 | 253.54 | 252.29 | 252.41 | 476108 
18:45 | 252.42 | 253.27 | 252.32 | 253.21 | 450501 
19:00 | 253.21 | 253.50 | 252.65 | 252.75 | 285713 
19:15 | 252.71 | 252.87 | 252.37 | 252.57 | 460018 
19:30 | 252.58 | 253.06 | 252.22 | 252.48 | 421898 
19:45 | 252.52 | 252.79 | 252.23 | 252.43 | 390121 
20:00 | 252.42 | 253.16 | 252.40 | 253.08 | 298239 
20:15 | 253.04 | 253.08 | 252.08 | 252.09 | 330872 
20:30 | 252.09 | 252.13 | 251.30 | 251.48 | 560936 
20:45 | 251.46 | 251.77 | 251.22 | 251.75 | 1345947 
14:30 | 254.09 | 255.00 | 253.50 | 253.52 | 1376285 [ENTRADA]
14:45 | 253.50 | 253.61 | 251.82 | 251.88 | 860809 
15:00 | 251.89 | 252.85 | 251.60 | 252.84 | 651763 
15:15 | 252.83 | 252.96 | 252.18 | 252.86 | 461084 
15:30 | 252.87 | 253.37 | 252.58 | 253.25 | 463722 
15:45 | 253.26 | 253.67 | 253.26 | 253.42 | 497704 
16:00 | 253.42 | 253.95 | 253.11 | 253.75 | 462004 
16:15 | 253.74 | 254.29 | 252.98 | 254.25 | 811233 
16:30 | 254.25 | 254.46 | 253.65 | 253.71 | 462983 
16:45 | 253.69 | 253.95 | 253.38 | 253.50 | 360325 
17:00 | 253.51 | 253.57 | 253.09 | 253.51 | 270090 
17:15 | 253.50 | 254.17 | 253.43 | 253.93 | 306801 
17:30 | 253.95 | 254.65 | 253.86 | 254.26 | 365702 
17:45 | 254.28 | 254.40 | 254.02 | 254.24 | 240833 
18:00 | 254.22 | 254.45 | 253.79 | 254.02 | 357390 
18:15 | 254.00 | 254.34 | 253.74 | 254.15 | 273737 
18:30 | 254.13 | 254.51 | 253.98 | 254.38 | 310865 
18:45 | 254.38 | 254.43 | 253.84 | 253.97 | 286455 
19:00 | 253.96 | 254.13 | 253.73 | 254.09 | 223391 
19:15 | 254.10 | 254.25 | 253.93 | 253.96 | 200955 
19:30 | 253.96 | 254.06 | 253.46 | 253.46 | 324511 
19:45 | 253.46 | 253.53 | 252.70 | 252.80 | 520464 
20:00 | 252.78 | 252.89 | 252.26 | 252.81 | 414092 
20:15 | 252.80 | 253.06 | 252.57 | 252.63 | 323652 
20:30 | 252.64 | 252.66 | 252.06 | 252.18 | 481537 
20:45 | 252.18 | 252.72 | 252.01 | 252.61 | 1559318 
14:30 | 252.22 | 252.46 | 250.77 | 251.86 | 1458042 
RESULTADO: EN CURSO
============================================================


============================================================
ANALISIS: TSLA | P2TrendPutStrategy | ENTRADA: 382.26 | TP: 380.76 | SL: 386.76
Hora  |  Open  |  High  |  Low   |  Close |  Vol
17:00 | 398.21 | 398.42 | 397.51 | 398.12 | 936262 
17:15 | 398.13 | 398.66 | 397.76 | 397.85 | 873389 
17:30 | 397.84 | 398.24 | 396.76 | 397.46 | 1239183 
17:45 | 397.48 | 397.98 | 397.06 | 397.44 | 925301 
18:00 | 397.40 | 397.54 | 396.20 | 396.88 | 987513 
18:15 | 396.86 | 397.23 | 396.55 | 397.17 | 694766 
18:30 | 397.18 | 398.04 | 397.00 | 397.33 | 918926 
18:45 | 397.30 | 398.06 | 397.30 | 397.68 | 840747 
19:00 | 397.72 | 398.55 | 397.29 | 397.47 | 1350982 
19:15 | 397.50 | 397.51 | 396.45 | 397.24 | 1209948 
19:30 | 397.19 | 397.58 | 395.86 | 396.79 | 1486490 
19:45 | 396.76 | 396.86 | 394.90 | 394.98 | 1568843 
20:00 | 394.99 | 395.94 | 394.69 | 395.62 | 1460063 
20:15 | 395.59 | 395.67 | 394.16 | 394.68 | 1385098 
20:30 | 394.68 | 394.85 | 393.30 | 393.54 | 1520367 
20:45 | 393.55 | 393.57 | 392.31 | 392.85 | 2713540 
14:30 | 387.27 | 387.27 | 379.72 | 382.82 | 5875132 
14:45 | 382.88 | 384.22 | 381.44 | 383.09 | 2735957 
15:00 | 383.08 | 384.15 | 382.56 | 383.21 | 2598810 
15:15 | 383.19 | 383.55 | 379.79 | 380.65 | 2839790 
15:30 | 380.64 | 382.71 | 380.52 | 381.26 | 2658274 
15:45 | 381.30 | 381.70 | 380.24 | 381.35 | 2033087 
16:00 | 381.33 | 384.08 | 381.32 | 383.81 | 2142337 
16:15 | 383.81 | 384.22 | 382.15 | 383.02 | 1645821 
16:30 | 383.06 | 383.09 | 381.35 | 381.36 | 1332325 
16:45 | 381.35 | 382.39 | 380.82 | 382.20 | 1511941 
17:00 | 382.18 | 383.65 | 381.78 | 382.58 | 1484086 [ENTRADA]
17:15 | 382.58 | 382.71 | 381.61 | 381.89 | 1072226 
17:30 | 381.91 | 382.63 | 381.12 | 382.02 | 1345863 
17:45 | 382.01 | 382.50 | 380.85 | 382.26 | 1234574 
18:00 | 382.30 | 382.45 | 380.20 | 380.57 | 1225590 
18:15 | 380.54 | 381.90 | 380.24 | 381.64 | 1111581 
18:30 | 381.66 | 382.07 | 380.62 | 380.93 | 951238 
18:45 | 380.94 | 382.24 | 380.65 | 381.46 | 930666 
19:00 | 381.46 | 382.90 | 380.90 | 382.60 | 1170709 
19:15 | 382.60 | 382.80 | 381.40 | 381.42 | 944893 
19:30 | 381.42 | 381.80 | 380.26 | 380.33 | 1376477 
19:45 | 380.32 | 381.35 | 378.73 | 381.20 | 2610312 
20:00 | 381.20 | 384.95 | 381.06 | 384.16 | 2985175 
20:15 | 384.16 | 384.34 | 382.18 | 382.66 | 1584520 
20:30 | 382.68 | 382.86 | 381.20 | 382.08 | 1454875 
20:45 | 382.05 | 382.68 | 380.05 | 380.24 | 2981873 
14:30 | 379.85 | 379.87 | 373.33 | 374.89 | 4393004 
14:45 | 374.87 | 376.20 | 370.74 | 371.17 | 3946636 
15:00 | 371.19 | 372.17 | 369.90 | 370.69 | 3319906 
15:15 | 370.73 | 372.88 | 370.48 | 372.35 | 2251132 
15:30 | 372.33 | 373.56 | 372.00 | 373.09 | 2254895 
15:45 | 373.04 | 373.78 | 371.89 | 372.85 | 1886444 
16:00 | 372.87 | 375.06 | 372.59 | 374.90 | 1915802 
16:15 | 374.89 | 377.00 | 374.13 | 374.51 | 1757701 
16:30 | 374.48 | 375.40 | 374.25 | 374.88 | 1270598 
16:45 | 374.86 | 376.07 | 374.63 | 375.78 | 1200158 
17:00 | 375.77 | 376.64 | 375.48 | 375.87 | 1606083 
RESULTADO: EXITO
============================================================


============================================================
ANALISIS: NVDA | P2TrendPutStrategy | ENTRADA: 175.84 | TP: 174.34 | SL: 180.34
Hora  |  Open  |  High  |  Low   |  Close |  Vol
14:30 | 178.01 | 178.03 | 175.78 | 176.34 | 14439936 
14:45 | 176.34 | 177.68 | 176.03 | 177.67 | 8863368 
15:00 | 177.66 | 178.18 | 177.22 | 178.09 | 6723399 
15:15 | 178.09 | 178.40 | 177.36 | 177.59 | 5213835 
15:30 | 177.59 | 178.47 | 177.55 | 177.81 | 4871590 
15:45 | 177.81 | 178.40 | 177.63 | 178.20 | 3784895 
16:00 | 178.19 | 179.05 | 178.02 | 178.88 | 4849607 
16:15 | 178.87 | 179.02 | 178.06 | 178.24 | 4237658 
16:30 | 178.24 | 178.24 | 177.69 | 177.83 | 3363041 
16:45 | 177.82 | 178.36 | 177.66 | 178.31 | 3116914 
17:00 | 178.30 | 178.94 | 178.16 | 178.61 | 3709344 
17:15 | 178.61 | 178.87 | 178.33 | 178.78 | 2646646 
17:30 | 178.79 | 178.90 | 178.33 | 178.42 | 3174946 
17:45 | 178.42 | 178.46 | 178.06 | 178.16 | 2475943 
18:00 | 178.16 | 178.20 | 177.56 | 177.69 | 2858355 
18:15 | 177.69 | 178.75 | 177.63 | 178.55 | 3530616 
18:30 | 178.55 | 178.75 | 178.06 | 178.16 | 2107605 
18:45 | 178.15 | 178.55 | 177.97 | 178.23 | 2048566 
19:00 | 178.22 | 178.93 | 178.08 | 178.87 | 2255630 
19:15 | 178.86 | 179.24 | 178.71 | 178.97 | 3363950 
19:30 | 178.98 | 178.99 | 178.23 | 178.28 | 2468251 
19:45 | 178.28 | 178.73 | 178.09 | 178.65 | 2583613 
20:00 | 178.65 | 179.94 | 178.59 | 179.71 | 6447083 
20:15 | 179.71 | 179.98 | 178.87 | 179.14 | 4672796 
20:30 | 179.13 | 179.15 | 178.22 | 178.39 | 4703809 
20:45 | 178.39 | 178.88 | 177.91 | 178.50 | 8386373 
14:30 | 178.00 | 178.26 | 176.75 | 177.71 | 20466134 [ENTRADA]
14:45 | 177.72 | 177.83 | 175.84 | 175.84 | 7007411 
15:00 | 175.85 | 176.33 | 175.43 | 175.57 | 7037468 
15:15 | 175.56 | 176.27 | 175.46 | 175.74 | 5611105 
15:30 | 175.75 | 176.10 | 175.52 | 175.68 | 5332307 
15:45 | 175.67 | 175.89 | 175.00 | 175.86 | 6851471 
16:00 | 175.85 | 176.25 | 175.55 | 176.09 | 4439742 
16:15 | 176.09 | 176.20 | 175.47 | 175.70 | 3793415 
16:30 | 175.70 | 175.94 | 175.56 | 175.84 | 2756832 
16:45 | 175.84 | 176.04 | 175.69 | 175.86 | 2339028 
17:00 | 175.86 | 176.42 | 175.78 | 176.37 | 3109848 
17:15 | 176.37 | 176.45 | 175.87 | 175.99 | 2825742 
17:30 | 175.99 | 175.99 | 175.54 | 175.72 | 2344445 
17:45 | 175.71 | 175.91 | 175.40 | 175.60 | 2303221 
18:00 | 175.61 | 175.93 | 175.35 | 175.40 | 2231755 
18:15 | 175.39 | 175.50 | 175.03 | 175.07 | 2548097 
18:30 | 175.06 | 175.09 | 174.53 | 174.59 | 4599962 
18:45 | 174.60 | 175.00 | 174.51 | 174.94 | 2923166 
19:00 | 174.93 | 175.01 | 174.55 | 174.63 | 2727691 
19:15 | 174.63 | 174.77 | 173.95 | 174.26 | 3802878 
19:30 | 174.27 | 174.34 | 173.60 | 173.64 | 4021840 
19:45 | 173.64 | 173.78 | 173.27 | 173.46 | 4094327 
20:00 | 173.46 | 173.76 | 173.00 | 173.21 | 4602260 
20:15 | 173.21 | 173.35 | 172.37 | 172.43 | 5081844 
20:30 | 172.43 | 172.79 | 171.72 | 172.75 | 7648506 
20:45 | 172.75 | 173.04 | 172.12 | 172.99 | 10773600 
14:30 | 177.39 | 177.68 | 175.87 | 176.56 | 11060253 
RESULTADO: EXITO
============================================================


============================================================
ANALISIS: TSLA | P2TrendPutStrategy | ENTRADA: 381.46 | TP: 379.96 | SL: 385.96
Hora  |  Open  |  High  |  Low   |  Close |  Vol
18:00 | 397.40 | 397.54 | 396.20 | 396.88 | 987513 
18:15 | 396.86 | 397.23 | 396.55 | 397.17 | 694766 
18:30 | 397.18 | 398.04 | 397.00 | 397.33 | 918926 
18:45 | 397.30 | 398.06 | 397.30 | 397.68 | 840747 
19:00 | 397.72 | 398.55 | 397.29 | 397.47 | 1350982 
19:15 | 397.50 | 397.51 | 396.45 | 397.24 | 1209948 
19:30 | 397.19 | 397.58 | 395.86 | 396.79 | 1486490 
19:45 | 396.76 | 396.86 | 394.90 | 394.98 | 1568843 
20:00 | 394.99 | 395.94 | 394.69 | 395.62 | 1460063 
20:15 | 395.59 | 395.67 | 394.16 | 394.68 | 1385098 
20:30 | 394.68 | 394.85 | 393.30 | 393.54 | 1520367 
20:45 | 393.55 | 393.57 | 392.31 | 392.85 | 2713540 
14:30 | 387.27 | 387.27 | 379.72 | 382.82 | 5875132 
14:45 | 382.88 | 384.22 | 381.44 | 383.09 | 2735957 
15:00 | 383.08 | 384.15 | 382.56 | 383.21 | 2598810 
15:15 | 383.19 | 383.55 | 379.79 | 380.65 | 2839790 
15:30 | 380.64 | 382.71 | 380.52 | 381.26 | 2658274 
15:45 | 381.30 | 381.70 | 380.24 | 381.35 | 2033087 
16:00 | 381.33 | 384.08 | 381.32 | 383.81 | 2142337 
16:15 | 383.81 | 384.22 | 382.15 | 383.02 | 1645821 
16:30 | 383.06 | 383.09 | 381.35 | 381.36 | 1332325 
16:45 | 381.35 | 382.39 | 380.82 | 382.20 | 1511941 
17:00 | 382.18 | 383.65 | 381.78 | 382.58 | 1484086 
17:15 | 382.58 | 382.71 | 381.61 | 381.89 | 1072226 
17:30 | 381.91 | 382.63 | 381.12 | 382.02 | 1345863 
17:45 | 382.01 | 382.50 | 380.85 | 382.26 | 1234574 
18:00 | 382.30 | 382.45 | 380.20 | 380.57 | 1225590 [ENTRADA]
18:15 | 380.54 | 381.90 | 380.24 | 381.64 | 1111581 
18:30 | 381.66 | 382.07 | 380.62 | 380.93 | 951238 
18:45 | 380.94 | 382.24 | 380.65 | 381.46 | 930666 
19:00 | 381.46 | 382.90 | 380.90 | 382.60 | 1170709 
19:15 | 382.60 | 382.80 | 381.40 | 381.42 | 944893 
19:30 | 381.42 | 381.80 | 380.26 | 380.33 | 1376477 
19:45 | 380.32 | 381.35 | 378.73 | 381.20 | 2610312 
20:00 | 381.20 | 384.95 | 381.06 | 384.16 | 2985175 
20:15 | 384.16 | 384.34 | 382.18 | 382.66 | 1584520 
20:30 | 382.68 | 382.86 | 381.20 | 382.08 | 1454875 
20:45 | 382.05 | 382.68 | 380.05 | 380.24 | 2981873 
14:30 | 379.85 | 379.87 | 373.33 | 374.89 | 4393004 
14:45 | 374.87 | 376.20 | 370.74 | 371.17 | 3946636 
15:00 | 371.19 | 372.17 | 369.90 | 370.69 | 3319906 
15:15 | 370.73 | 372.88 | 370.48 | 372.35 | 2251132 
15:30 | 372.33 | 373.56 | 372.00 | 373.09 | 2254895 
15:45 | 373.04 | 373.78 | 371.89 | 372.85 | 1886444 
16:00 | 372.87 | 375.06 | 372.59 | 374.90 | 1915802 
16:15 | 374.89 | 377.00 | 374.13 | 374.51 | 1757701 
16:30 | 374.48 | 375.40 | 374.25 | 374.88 | 1270598 
16:45 | 374.86 | 376.07 | 374.63 | 375.78 | 1200158 
17:00 | 375.77 | 376.64 | 375.48 | 375.87 | 1606083 
17:15 | 375.91 | 376.96 | 375.70 | 376.48 | 1475480 
17:30 | 376.50 | 376.53 | 374.44 | 374.48 | 1655709 
17:45 | 374.47 | 375.09 | 373.62 | 374.64 | 1440660 

============================================================
ANALISIS: AMD | P2TrendPutStrategy | ENTRADA: 207.86 | TP: 206.36 | SL: 210.86
Hora  |  Open  |  High  |  Low   |  Close |  Vol
15:00 | 215.46 | 219.10 | 214.47 | 219.01 | 2574126 
15:15 | 219.01 | 219.84 | 217.92 | 219.42 | 1643825 
15:30 | 219.41 | 219.45 | 218.53 | 218.90 | 1033934 
15:45 | 218.91 | 219.95 | 218.51 | 219.36 | 1179224 
16:00 | 219.40 | 219.60 | 218.40 | 218.75 | 1058753 
16:15 | 218.73 | 219.68 | 217.60 | 219.58 | 1272270 
16:30 | 219.60 | 219.94 | 217.30 | 217.86 | 1042025 
16:45 | 217.80 | 218.33 | 217.22 | 217.99 | 845746 
17:00 | 218.01 | 218.36 | 216.75 | 217.12 | 779231 
17:15 | 217.13 | 218.40 | 216.65 | 218.20 | 763972 
17:30 | 218.23 | 218.61 | 217.55 | 218.57 | 609669 
17:45 | 218.56 | 218.72 | 218.00 | 218.20 | 517409 
18:00 | 218.19 | 218.80 | 217.46 | 218.66 | 646508 
18:15 | 218.63 | 218.68 | 217.79 | 218.43 | 466321 
18:30 | 218.40 | 220.57 | 218.33 | 220.29 | 1092991 
18:45 | 220.27 | 220.41 | 219.42 | 219.95 | 769011 
19:00 | 219.92 | 220.68 | 219.55 | 220.57 | 548177 
19:15 | 220.60 | 221.25 | 220.37 | 221.03 | 923693 
19:30 | 221.03 | 221.33 | 220.70 | 220.86 | 658768 
19:45 | 220.86 | 220.95 | 219.80 | 220.30 | 730459 
20:00 | 220.28 | 220.50 | 219.79 | 220.49 | 585694 
20:15 | 220.49 | 221.20 | 220.29 | 220.38 | 902913 
20:30 | 220.37 | 220.58 | 219.55 | 219.66 | 807058 
20:45 | 219.66 | 220.61 | 219.65 | 220.32 | 1917594 
14:30 | 218.03 | 221.00 | 216.10 | 217.09 | 3152917 
14:45 | 217.14 | 217.50 | 214.66 | 215.23 | 1930979 
15:00 | 215.23 | 216.18 | 213.63 | 213.85 | 1780714 [ENTRADA]
15:15 | 213.78 | 214.45 | 212.32 | 212.43 | 1484852 
15:30 | 212.44 | 213.01 | 209.80 | 209.98 | 2036806 
15:45 | 209.95 | 210.02 | 207.30 | 207.86 | 2182996 
16:00 | 207.83 | 208.29 | 207.42 | 207.97 | 1444067 
16:15 | 207.96 | 208.10 | 206.43 | 207.01 | 1634139 
16:30 | 206.99 | 207.81 | 206.40 | 207.64 | 1154206 
16:45 | 207.60 | 209.30 | 207.43 | 208.68 | 1260973 
17:00 | 208.67 | 209.20 | 208.08 | 208.64 | 770599 
17:15 | 208.61 | 208.62 | 206.04 | 206.06 | 1018218 
17:30 | 206.10 | 207.25 | 205.98 | 206.78 | 821832 
17:45 | 206.76 | 206.87 | 205.43 | 206.48 | 897463 
18:00 | 206.45 | 206.53 | 205.75 | 206.02 | 573843 
18:15 | 206.00 | 206.32 | 205.25 | 205.45 | 629810 
18:30 | 205.48 | 206.68 | 205.47 | 205.76 | 681194 
18:45 | 205.75 | 205.88 | 204.70 | 205.04 | 796187 
19:00 | 205.02 | 206.03 | 205.02 | 205.76 | 676392 
19:15 | 205.75 | 205.80 | 205.00 | 205.18 | 490963 
19:30 | 205.19 | 205.59 | 204.83 | 205.05 | 602612 
19:45 | 205.05 | 205.92 | 204.70 | 205.72 | 696932 
20:00 | 205.74 | 205.76 | 203.92 | 204.45 | 919626 
20:15 | 204.45 | 205.04 | 204.12 | 204.53 | 696533 
20:30 | 204.55 | 204.59 | 203.78 | 204.06 | 936817 
20:45 | 204.04 | 204.31 | 203.43 | 203.83 | 2211839 
14:30 | 201.77 | 202.95 | 200.21 | 201.75 | 1494688 
14:45 | 201.74 | 203.11 | 198.13 | 198.37 | 1579638 
15:00 | 198.34 | 200.61 | 198.00 | 200.22 | 1219382 
18:00 | 374.61 | 375.12 | 373.33 | 374.14 | 1162286 

============================================================
ANALISIS: MSFT | P2TrendPutStrategy | ENTRADA: 382.80 | TP: 381.30 | SL: 385.80
Hora  |  Open  |  High  |  Low   |  Close |  Vol
14:30 | 390.19 | 392.49 | 388.01 | 391.96 | 2131156 
14:45 | 391.90 | 391.90 | 390.08 | 390.32 | 897517 
15:00 | 390.40 | 391.09 | 389.08 | 389.23 | 758550 
15:15 | 389.21 | 389.25 | 388.30 | 388.78 | 558213 
15:30 | 388.79 | 390.42 | 388.67 | 389.43 | 634107 
15:45 | 389.42 | 390.38 | 389.25 | 390.05 | 386668 
16:00 | 390.01 | 391.22 | 389.76 | 391.10 | 449058 
16:15 | 391.10 | 391.15 | 388.95 | 389.31 | 465816 
16:30 | 389.31 | 389.62 | 388.83 | 388.86 | 381329 
16:45 | 388.87 | 389.67 | 388.70 | 389.61 | 372921 
17:00 | 389.59 | 390.12 | 389.20 | 389.31 | 498803 
17:15 | 389.34 | 389.52 | 388.88 | 388.95 | 339674 
17:30 | 389.00 | 389.22 | 388.51 | 389.04 | 378153 
17:45 | 389.06 | 389.07 | 388.23 | 388.44 | 368466 
18:00 | 388.46 | 388.59 | 387.51 | 387.85 | 371104 
18:15 | 387.87 | 388.27 | 387.61 | 387.93 | 365025 
18:30 | 387.95 | 388.33 | 387.57 | 387.61 | 366471 
18:45 | 387.60 | 388.19 | 387.50 | 387.87 | 350693 
19:00 | 387.84 | 388.47 | 387.55 | 388.22 | 461467 
19:15 | 388.22 | 388.35 | 387.63 | 387.63 | 401908 
19:30 | 387.61 | 387.97 | 387.06 | 387.84 | 469978 
19:45 | 387.86 | 388.71 | 387.30 | 388.24 | 601796 
20:00 | 388.28 | 390.37 | 388.27 | 389.54 | 841272 
20:15 | 389.47 | 390.03 | 388.09 | 388.43 | 506277 
20:30 | 388.48 | 388.88 | 387.78 | 388.67 | 556370 
20:45 | 388.67 | 389.45 | 388.06 | 388.88 | 1582654 
14:30 | 386.24 | 387.00 | 383.44 | 384.04 | 5671094 [ENTRADA]
14:45 | 384.01 | 384.64 | 382.40 | 382.80 | 1146486 
15:00 | 382.80 | 384.32 | 382.26 | 384.18 | 1082005 
15:15 | 384.17 | 385.74 | 384.03 | 385.68 | 820436 
15:30 | 385.67 | 385.87 | 384.06 | 384.22 | 808567 
15:45 | 384.19 | 385.08 | 384.05 | 384.25 | 664051 
16:00 | 384.25 | 384.91 | 383.52 | 383.96 | 665441 
16:15 | 383.95 | 384.08 | 382.63 | 383.41 | 670061 
16:30 | 383.40 | 384.49 | 383.20 | 384.38 | 564698 
16:45 | 384.37 | 384.45 | 383.69 | 384.24 | 446870 
17:00 | 384.25 | 385.35 | 384.13 | 385.13 | 602765 
17:15 | 385.13 | 385.30 | 384.57 | 384.60 | 525876 
17:30 | 384.58 | 384.68 | 383.24 | 383.55 | 597737 
17:45 | 383.50 | 384.13 | 383.13 | 383.48 | 545023 
18:00 | 383.54 | 383.77 | 382.85 | 383.47 | 425263 
18:15 | 383.47 | 383.86 | 383.16 | 383.37 | 365139 
18:30 | 383.30 | 383.57 | 382.33 | 383.02 | 449688 
18:45 | 383.08 | 383.44 | 382.95 | 383.12 | 368345 
19:00 | 383.14 | 383.55 | 382.74 | 382.79 | 554892 
19:15 | 382.78 | 383.02 | 382.03 | 382.44 | 561013 
19:30 | 382.46 | 382.51 | 381.66 | 381.85 | 623145 
19:45 | 381.84 | 381.99 | 381.40 | 381.87 | 520624 
20:00 | 381.87 | 382.10 | 381.46 | 381.59 | 576843 
20:15 | 381.57 | 382.25 | 381.32 | 382.10 | 649676 
20:30 | 382.11 | 382.37 | 380.12 | 380.83 | 969545 
20:45 | 380.82 | 381.94 | 380.45 | 381.87 | 2243023 
14:30 | 383.94 | 387.21 | 383.52 | 384.39 | 1932699 
RESULTADO: FALLO
============================================================

RESULTADO: FALLO
============================================================

RESULTADO: EXITO
============================================================


============================================================
ANALISIS: NVDA | P2TrendPutStrategy | ENTRADA: 175.86 | TP: 174.36 | SL: 180.36
Hora  |  Open  |  High  |  Low   |  Close |  Vol
16:00 | 178.19 | 179.05 | 178.02 | 178.88 | 4849607 
16:15 | 178.87 | 179.02 | 178.06 | 178.24 | 4237658 
16:30 | 178.24 | 178.24 | 177.69 | 177.83 | 3363041 
16:45 | 177.82 | 178.36 | 177.66 | 178.31 | 3116914 
17:00 | 178.30 | 178.94 | 178.16 | 178.61 | 3709344 
17:15 | 178.61 | 178.87 | 178.33 | 178.78 | 2646646 
17:30 | 178.79 | 178.90 | 178.33 | 178.42 | 3174946 
17:45 | 178.42 | 178.46 | 178.06 | 178.16 | 2475943 
18:00 | 178.16 | 178.20 | 177.56 | 177.69 | 2858355 
18:15 | 177.69 | 178.75 | 177.63 | 178.55 | 3530616 
18:30 | 178.55 | 178.75 | 178.06 | 178.16 | 2107605 
18:45 | 178.15 | 178.55 | 177.97 | 178.23 | 2048566 
19:00 | 178.22 | 178.93 | 178.08 | 178.87 | 2255630 
19:15 | 178.86 | 179.24 | 178.71 | 178.97 | 3363950 
19:30 | 178.98 | 178.99 | 178.23 | 178.28 | 2468251 
19:45 | 178.28 | 178.73 | 178.09 | 178.65 | 2583613 
20:00 | 178.65 | 179.94 | 178.59 | 179.71 | 6447083 
20:15 | 179.71 | 179.98 | 178.87 | 179.14 | 4672796 
20:30 | 179.13 | 179.15 | 178.22 | 178.39 | 4703809 
20:45 | 178.39 | 178.88 | 177.91 | 178.50 | 8386373 
14:30 | 178.00 | 178.26 | 176.75 | 177.71 | 20466134 
14:45 | 177.72 | 177.83 | 175.84 | 175.84 | 7007411 
15:00 | 175.85 | 176.33 | 175.43 | 175.57 | 7037468 
15:15 | 175.56 | 176.27 | 175.46 | 175.74 | 5611105 
15:30 | 175.75 | 176.10 | 175.52 | 175.68 | 5332307 
15:45 | 175.67 | 175.89 | 175.00 | 175.86 | 6851471 
16:00 | 175.85 | 176.25 | 175.55 | 176.09 | 4439742 [ENTRADA]
16:15 | 176.09 | 176.20 | 175.47 | 175.70 | 3793415 
16:30 | 175.70 | 175.94 | 175.56 | 175.84 | 2756832 
16:45 | 175.84 | 176.04 | 175.69 | 175.86 | 2339028 
17:00 | 175.86 | 176.42 | 175.78 | 176.37 | 3109848 
17:15 | 176.37 | 176.45 | 175.87 | 175.99 | 2825742 
17:30 | 175.99 | 175.99 | 175.54 | 175.72 | 2344445 
17:45 | 175.71 | 175.91 | 175.40 | 175.60 | 2303221 
18:00 | 175.61 | 175.93 | 175.35 | 175.40 | 2231755 
18:15 | 175.39 | 175.50 | 175.03 | 175.07 | 2548097 
18:30 | 175.06 | 175.09 | 174.53 | 174.59 | 4599962 
18:45 | 174.60 | 175.00 | 174.51 | 174.94 | 2923166 
19:00 | 174.93 | 175.01 | 174.55 | 174.63 | 2727691 
19:15 | 174.63 | 174.77 | 173.95 | 174.26 | 3802878 
19:30 | 174.27 | 174.34 | 173.60 | 173.64 | 4021840 
19:45 | 173.64 | 173.78 | 173.27 | 173.46 | 4094327 
20:00 | 173.46 | 173.76 | 173.00 | 173.21 | 4602260 
20:15 | 173.21 | 173.35 | 172.37 | 172.43 | 5081844 
20:30 | 172.43 | 172.79 | 171.72 | 172.75 | 7648506 
20:45 | 172.75 | 173.04 | 172.12 | 172.99 | 10773600 
14:30 | 177.39 | 177.68 | 175.87 | 176.56 | 11060253 
14:45 | 176.57 | 177.93 | 176.45 | 177.83 | 7589773 
15:00 | 177.83 | 177.96 | 176.68 | 177.33 | 7628086 
15:15 | 177.33 | 178.23 | 177.25 | 177.87 | 6209667 
15:30 | 177.87 | 178.09 | 177.39 | 177.46 | 5257012 
15:45 | 177.46 | 177.77 | 177.23 | 177.67 | 4434445 
16:00 | 177.67 | 178.37 | 177.53 | 178.00 | 4838608 
RESULTADO: EXITO
============================================================


============================================================
ANALISIS: AMD | P2TrendPutStrategy | ENTRADA: 208.68 | TP: 207.18 | SL: 211.68
Hora  |  Open  |  High  |  Low   |  Close |  Vol
16:00 | 219.40 | 219.60 | 218.40 | 218.75 | 1058753 
16:15 | 218.73 | 219.68 | 217.60 | 219.58 | 1272270 
16:30 | 219.60 | 219.94 | 217.30 | 217.86 | 1042025 
16:45 | 217.80 | 218.33 | 217.22 | 217.99 | 845746 
17:00 | 218.01 | 218.36 | 216.75 | 217.12 | 779231 
17:15 | 217.13 | 218.40 | 216.65 | 218.20 | 763972 
17:30 | 218.23 | 218.61 | 217.55 | 218.57 | 609669 
17:45 | 218.56 | 218.72 | 218.00 | 218.20 | 517409 
18:00 | 218.19 | 218.80 | 217.46 | 218.66 | 646508 
18:15 | 218.63 | 218.68 | 217.79 | 218.43 | 466321 
18:30 | 218.40 | 220.57 | 218.33 | 220.29 | 1092991 
18:45 | 220.27 | 220.41 | 219.42 | 219.95 | 769011 
19:00 | 219.92 | 220.68 | 219.55 | 220.57 | 548177 
19:15 | 220.60 | 221.25 | 220.37 | 221.03 | 923693 
19:30 | 221.03 | 221.33 | 220.70 | 220.86 | 658768 
19:45 | 220.86 | 220.95 | 219.80 | 220.30 | 730459 
20:00 | 220.28 | 220.50 | 219.79 | 220.49 | 585694 
20:15 | 220.49 | 221.20 | 220.29 | 220.38 | 902913 
20:30 | 220.37 | 220.58 | 219.55 | 219.66 | 807058 
20:45 | 219.66 | 220.61 | 219.65 | 220.32 | 1917594 
14:30 | 218.03 | 221.00 | 216.10 | 217.09 | 3152917 
14:45 | 217.14 | 217.50 | 214.66 | 215.23 | 1930979 
15:00 | 215.23 | 216.18 | 213.63 | 213.85 | 1780714 
15:15 | 213.78 | 214.45 | 212.32 | 212.43 | 1484852 
15:30 | 212.44 | 213.01 | 209.80 | 209.98 | 2036806 
15:45 | 209.95 | 210.02 | 207.30 | 207.86 | 2182996 
16:00 | 207.83 | 208.29 | 207.42 | 207.97 | 1444067 [ENTRADA]
16:15 | 207.96 | 208.10 | 206.43 | 207.01 | 1634139 
16:30 | 206.99 | 207.81 | 206.40 | 207.64 | 1154206 
16:45 | 207.60 | 209.30 | 207.43 | 208.68 | 1260973 
17:00 | 208.67 | 209.20 | 208.08 | 208.64 | 770599 
17:15 | 208.61 | 208.62 | 206.04 | 206.06 | 1018218 
17:30 | 206.10 | 207.25 | 205.98 | 206.78 | 821832 
17:45 | 206.76 | 206.87 | 205.43 | 206.48 | 897463 
18:00 | 206.45 | 206.53 | 205.75 | 206.02 | 573843 
18:15 | 206.00 | 206.32 | 205.25 | 205.45 | 629810 
18:30 | 205.48 | 206.68 | 205.47 | 205.76 | 681194 
18:45 | 205.75 | 205.88 | 204.70 | 205.04 | 796187 
19:00 | 205.02 | 206.03 | 205.02 | 205.76 | 676392 
19:15 | 205.75 | 205.80 | 205.00 | 205.18 | 490963 
19:30 | 205.19 | 205.59 | 204.83 | 205.05 | 602612 
19:45 | 205.05 | 205.92 | 204.70 | 205.72 | 696932 
20:00 | 205.74 | 205.76 | 203.92 | 204.45 | 919626 
20:15 | 204.45 | 205.04 | 204.12 | 204.53 | 696533 
20:30 | 204.55 | 204.59 | 203.78 | 204.06 | 936817 
20:45 | 204.04 | 204.31 | 203.43 | 203.83 | 2211839 
14:30 | 201.77 | 202.95 | 200.21 | 201.75 | 1494688 
14:45 | 201.74 | 203.11 | 198.13 | 198.37 | 1579638 
15:00 | 198.34 | 200.61 | 198.00 | 200.22 | 1219382 
15:15 | 200.16 | 200.65 | 198.80 | 198.92 | 1059497 
15:30 | 198.92 | 199.43 | 197.69 | 197.94 | 826698 
15:45 | 197.95 | 199.42 | 197.76 | 199.05 | 644970 
16:00 | 199.07 | 199.65 | 198.68 | 199.13 | 510356 
RESULTADO: EXITO
============================================================


============================================================
ANALISIS: AMD | P2TrendPutStrategy | ENTRADA: 206.48 | TP: 204.98 | SL: 209.48
Hora  |  Open  |  High  |  Low   |  Close |  Vol
17:00 | 218.01 | 218.36 | 216.75 | 217.12 | 779231 
17:15 | 217.13 | 218.40 | 216.65 | 218.20 | 763972 
17:30 | 218.23 | 218.61 | 217.55 | 218.57 | 609669 
17:45 | 218.56 | 218.72 | 218.00 | 218.20 | 517409 
18:00 | 218.19 | 218.80 | 217.46 | 218.66 | 646508 
18:15 | 218.63 | 218.68 | 217.79 | 218.43 | 466321 
18:30 | 218.40 | 220.57 | 218.33 | 220.29 | 1092991 
18:45 | 220.27 | 220.41 | 219.42 | 219.95 | 769011 
19:00 | 219.92 | 220.68 | 219.55 | 220.57 | 548177 
19:15 | 220.60 | 221.25 | 220.37 | 221.03 | 923693 
19:30 | 221.03 | 221.33 | 220.70 | 220.86 | 658768 
19:45 | 220.86 | 220.95 | 219.80 | 220.30 | 730459 
20:00 | 220.28 | 220.50 | 219.79 | 220.49 | 585694 
20:15 | 220.49 | 221.20 | 220.29 | 220.38 | 902913 
20:30 | 220.37 | 220.58 | 219.55 | 219.66 | 807058 
20:45 | 219.66 | 220.61 | 219.65 | 220.32 | 1917594 
14:30 | 218.03 | 221.00 | 216.10 | 217.09 | 3152917 
14:45 | 217.14 | 217.50 | 214.66 | 215.23 | 1930979 
15:00 | 215.23 | 216.18 | 213.63 | 213.85 | 1780714 
15:15 | 213.78 | 214.45 | 212.32 | 212.43 | 1484852 
15:30 | 212.44 | 213.01 | 209.80 | 209.98 | 2036806 
15:45 | 209.95 | 210.02 | 207.30 | 207.86 | 2182996 
16:00 | 207.83 | 208.29 | 207.42 | 207.97 | 1444067 
16:15 | 207.96 | 208.10 | 206.43 | 207.01 | 1634139 
16:30 | 206.99 | 207.81 | 206.40 | 207.64 | 1154206 
16:45 | 207.60 | 209.30 | 207.43 | 208.68 | 1260973 
17:00 | 208.67 | 209.20 | 208.08 | 208.64 | 770599 [ENTRADA]
17:15 | 208.61 | 208.62 | 206.04 | 206.06 | 1018218 
17:30 | 206.10 | 207.25 | 205.98 | 206.78 | 821832 
17:45 | 206.76 | 206.87 | 205.43 | 206.48 | 897463 
18:00 | 206.45 | 206.53 | 205.75 | 206.02 | 573843 
18:15 | 206.00 | 206.32 | 205.25 | 205.45 | 629810 
18:30 | 205.48 | 206.68 | 205.47 | 205.76 | 681194 
18:45 | 205.75 | 205.88 | 204.70 | 205.04 | 796187 
19:00 | 205.02 | 206.03 | 205.02 | 205.76 | 676392 
19:15 | 205.75 | 205.80 | 205.00 | 205.18 | 490963 
19:30 | 205.19 | 205.59 | 204.83 | 205.05 | 602612 
19:45 | 205.05 | 205.92 | 204.70 | 205.72 | 696932 
20:00 | 205.74 | 205.76 | 203.92 | 204.45 | 919626 
20:15 | 204.45 | 205.04 | 204.12 | 204.53 | 696533 
20:30 | 204.55 | 204.59 | 203.78 | 204.06 | 936817 
20:45 | 204.04 | 204.31 | 203.43 | 203.83 | 2211839 
14:30 | 201.77 | 202.95 | 200.21 | 201.75 | 1494688 
14:45 | 201.74 | 203.11 | 198.13 | 198.37 | 1579638 
15:00 | 198.34 | 200.61 | 198.00 | 200.22 | 1219382 
15:15 | 200.16 | 200.65 | 198.80 | 198.92 | 1059497 
15:30 | 198.92 | 199.43 | 197.69 | 197.94 | 826698 
15:45 | 197.95 | 199.42 | 197.76 | 199.05 | 644970 
16:00 | 199.07 | 199.65 | 198.68 | 199.13 | 510356 

============================================================
ANALISIS: NVDA | P2TrendPutStrategy | ENTRADA: 175.60 | TP: 174.10 | SL: 180.10
Hora  |  Open  |  High  |  Low   |  Close |  Vol
17:00 | 178.30 | 178.94 | 178.16 | 178.61 | 3709344 
17:15 | 178.61 | 178.87 | 178.33 | 178.78 | 2646646 
17:30 | 178.79 | 178.90 | 178.33 | 178.42 | 3174946 
17:45 | 178.42 | 178.46 | 178.06 | 178.16 | 2475943 
18:00 | 178.16 | 178.20 | 177.56 | 177.69 | 2858355 
18:15 | 177.69 | 178.75 | 177.63 | 178.55 | 3530616 
18:30 | 178.55 | 178.75 | 178.06 | 178.16 | 2107605 
18:45 | 178.15 | 178.55 | 177.97 | 178.23 | 2048566 
19:00 | 178.22 | 178.93 | 178.08 | 178.87 | 2255630 
19:15 | 178.86 | 179.24 | 178.71 | 178.97 | 3363950 
19:30 | 178.98 | 178.99 | 178.23 | 178.28 | 2468251 
19:45 | 178.28 | 178.73 | 178.09 | 178.65 | 2583613 
20:00 | 178.65 | 179.94 | 178.59 | 179.71 | 6447083 
20:15 | 179.71 | 179.98 | 178.87 | 179.14 | 4672796 
20:30 | 179.13 | 179.15 | 178.22 | 178.39 | 4703809 
20:45 | 178.39 | 178.88 | 177.91 | 178.50 | 8386373 
14:30 | 178.00 | 178.26 | 176.75 | 177.71 | 20466134 
14:45 | 177.72 | 177.83 | 175.84 | 175.84 | 7007411 
15:00 | 175.85 | 176.33 | 175.43 | 175.57 | 7037468 
15:15 | 175.56 | 176.27 | 175.46 | 175.74 | 5611105 
15:30 | 175.75 | 176.10 | 175.52 | 175.68 | 5332307 
15:45 | 175.67 | 175.89 | 175.00 | 175.86 | 6851471 
16:15 | 199.12 | 200.40 | 198.72 | 200.34 | 507203 
16:30 | 200.37 | 201.99 | 200.27 | 200.96 | 855993 
16:45 | 200.96 | 201.91 | 200.92 | 201.56 | 436250 
17:00 | 201.61 | 201.72 | 200.95 | 201.28 | 405795 
RESULTADO: EXITO
============================================================


============================================================
ANALISIS: TSLA | P2TrendPutStrategy | ENTRADA: 371.17 | TP: 369.67 | SL: 375.67
Hora  |  Open  |  High  |  Low   |  Close |  Vol
14:30 | 387.27 | 387.27 | 379.72 | 382.82 | 5875132 
14:45 | 382.88 | 384.22 | 381.44 | 383.09 | 2735957 
15:00 | 383.08 | 384.15 | 382.56 | 383.21 | 2598810 
15:15 | 383.19 | 383.55 | 379.79 | 380.65 | 2839790 
15:30 | 380.64 | 382.71 | 380.52 | 381.26 | 2658274 
15:45 | 381.30 | 381.70 | 380.24 | 381.35 | 2033087 
16:00 | 381.33 | 384.08 | 381.32 | 383.81 | 2142337 
16:15 | 383.81 | 384.22 | 382.15 | 383.02 | 1645821 
16:30 | 383.06 | 383.09 | 381.35 | 381.36 | 1332325 
16:45 | 381.35 | 382.39 | 380.82 | 382.20 | 1511941 
17:00 | 382.18 | 383.65 | 381.78 | 382.58 | 1484086 
17:15 | 382.58 | 382.71 | 381.61 | 381.89 | 1072226 
17:30 | 381.91 | 382.63 | 381.12 | 382.02 | 1345863 
17:45 | 382.01 | 382.50 | 380.85 | 382.26 | 1234574 
18:00 | 382.30 | 382.45 | 380.20 | 380.57 | 1225590 
18:15 | 380.54 | 381.90 | 380.24 | 381.64 | 1111581 
18:30 | 381.66 | 382.07 | 380.62 | 380.93 | 951238 
18:45 | 380.94 | 382.24 | 380.65 | 381.46 | 930666 
19:00 | 381.46 | 382.90 | 380.90 | 382.60 | 1170709 
19:15 | 382.60 | 382.80 | 381.40 | 381.42 | 944893 
19:30 | 381.42 | 381.80 | 380.26 | 380.33 | 1376477 
19:45 | 380.32 | 381.35 | 378.73 | 381.20 | 2610312 
20:00 | 381.20 | 384.95 | 381.06 | 384.16 | 2985175 
20:15 | 384.16 | 384.34 | 382.18 | 382.66 | 1584520 
20:30 | 382.68 | 382.86 | 381.20 | 382.08 | 1454875 
20:45 | 382.05 | 382.68 | 380.05 | 380.24 | 2981873 
14:30 | 379.85 | 379.87 | 373.33 | 374.89 | 4393004 [ENTRADA]
14:45 | 374.87 | 376.20 | 370.74 | 371.17 | 3946636 
15:00 | 371.19 | 372.17 | 369.90 | 370.69 | 3319906 
15:15 | 370.73 | 372.88 | 370.48 | 372.35 | 2251132 
15:30 | 372.33 | 373.56 | 372.00 | 373.09 | 2254895 
15:45 | 373.04 | 373.78 | 371.89 | 372.85 | 1886444 
16:00 | 372.87 | 375.06 | 372.59 | 374.90 | 1915802 
16:15 | 374.89 | 377.00 | 374.13 | 374.51 | 1757701 
16:30 | 374.48 | 375.40 | 374.25 | 374.88 | 1270598 
16:45 | 374.86 | 376.07 | 374.63 | 375.78 | 1200158 
17:00 | 375.77 | 376.64 | 375.48 | 375.87 | 1606083 
17:15 | 375.91 | 376.96 | 375.70 | 376.48 | 1475480 
17:30 | 376.50 | 376.53 | 374.44 | 374.48 | 1655709 
17:45 | 374.47 | 375.09 | 373.62 | 374.64 | 1440660 
18:00 | 374.61 | 375.12 | 373.33 | 374.14 | 1162286 
18:15 | 374.15 | 374.41 | 372.69 | 372.86 | 1030298 
18:30 | 372.88 | 373.11 | 371.15 | 371.50 | 1550594 
18:45 | 371.55 | 372.07 | 371.44 | 371.81 | 1112666 
19:00 | 371.87 | 371.95 | 370.20 | 370.75 | 1658439 
19:15 | 370.76 | 371.12 | 369.07 | 369.69 | 1668830 
19:30 | 369.67 | 370.19 | 368.07 | 368.23 | 1717767 
19:45 | 368.21 | 368.52 | 367.73 | 368.28 | 1564416 
20:00 | 368.28 | 368.71 | 366.79 | 367.00 | 1718969 
20:15 | 366.97 | 367.43 | 365.80 | 366.19 | 1966293 
20:30 | 366.19 | 366.46 | 364.46 | 365.78 | 2654507 
20:45 | 365.75 | 368.07 | 364.73 | 367.97 | 4222353 
14:30 | 373.17 | 381.52 | 372.73 | 379.54 | 6324063 
16:00 | 175.85 | 176.25 | 175.55 | 176.09 | 4439742 
16:15 | 176.09 | 176.20 | 175.47 | 175.70 | 3793415 
16:30 | 175.70 | 175.94 | 175.56 | 175.84 | 2756832 
16:45 | 175.84 | 176.04 | 175.69 | 175.86 | 2339028 
17:00 | 175.86 | 176.42 | 175.78 | 176.37 | 3109848 [ENTRADA]
17:15 | 176.37 | 176.45 | 175.87 | 175.99 | 2825742 
17:30 | 175.99 | 175.99 | 175.54 | 175.72 | 2344445 
17:45 | 175.71 | 175.91 | 175.40 | 175.60 | 2303221 
18:00 | 175.61 | 175.93 | 175.35 | 175.40 | 2231755 
18:15 | 175.39 | 175.50 | 175.03 | 175.07 | 2548097 
18:30 | 175.06 | 175.09 | 174.53 | 174.59 | 4599962 
18:45 | 174.60 | 175.00 | 174.51 | 174.94 | 2923166 
19:00 | 174.93 | 175.01 | 174.55 | 174.63 | 2727691 
19:15 | 174.63 | 174.77 | 173.95 | 174.26 | 3802878 
19:30 | 174.27 | 174.34 | 173.60 | 173.64 | 4021840 
19:45 | 173.64 | 173.78 | 173.27 | 173.46 | 4094327 
20:00 | 173.46 | 173.76 | 173.00 | 173.21 | 4602260 
20:15 | 173.21 | 173.35 | 172.37 | 172.43 | 5081844 
20:30 | 172.43 | 172.79 | 171.72 | 172.75 | 7648506 
20:45 | 172.75 | 173.04 | 172.12 | 172.99 | 10773600 
14:30 | 177.39 | 177.68 | 175.87 | 176.56 | 11060253 
14:45 | 176.57 | 177.93 | 176.45 | 177.83 | 7589773 
15:00 | 177.83 | 177.96 | 176.68 | 177.33 | 7628086 
15:15 | 177.33 | 178.23 | 177.25 | 177.87 | 6209667 
15:30 | 177.87 | 178.09 | 177.39 | 177.46 | 5257012 
15:45 | 177.46 | 177.77 | 177.23 | 177.67 | 4434445 
16:00 | 177.67 | 178.37 | 177.53 | 178.00 | 4838608 
16:15 | 178.00 | 178.05 | 177.40 | 177.58 | 4381168 
16:30 | 177.59 | 177.78 | 176.53 | 176.68 | 5178036 
16:45 | 176.68 | 176.71 | 175.04 | 175.13 | 5969793 
17:00 | 175.12 | 175.76 | 175.07 | 175.63 | 4722404 

============================================================
ANALISIS: AMD | P2TrendPutStrategy | ENTRADA: 205.04 | TP: 203.54 | SL: 208.04
Hora  |  Open  |  High  |  Low   |  Close |  Vol
RESULTADO: FALLO
============================================================

RESULTADO: EXITO
============================================================

18:00 | 218.19 | 218.80 | 217.46 | 218.66 | 646508 
18:15 | 218.63 | 218.68 | 217.79 | 218.43 | 466321 
18:30 | 218.40 | 220.57 | 218.33 | 220.29 | 1092991 
18:45 | 220.27 | 220.41 | 219.42 | 219.95 | 769011 
19:00 | 219.92 | 220.68 | 219.55 | 220.57 | 548177 
19:15 | 220.60 | 221.25 | 220.37 | 221.03 | 923693 
19:30 | 221.03 | 221.33 | 220.70 | 220.86 | 658768 
19:45 | 220.86 | 220.95 | 219.80 | 220.30 | 730459 
20:00 | 220.28 | 220.50 | 219.79 | 220.49 | 585694 
20:15 | 220.49 | 221.20 | 220.29 | 220.38 | 902913 
20:30 | 220.37 | 220.58 | 219.55 | 219.66 | 807058 
20:45 | 219.66 | 220.61 | 219.65 | 220.32 | 1917594 
14:30 | 218.03 | 221.00 | 216.10 | 217.09 | 3152917 
14:45 | 217.14 | 217.50 | 214.66 | 215.23 | 1930979 
15:00 | 215.23 | 216.18 | 213.63 | 213.85 | 1780714 
15:15 | 213.78 | 214.45 | 212.32 | 212.43 | 1484852 
15:30 | 212.44 | 213.01 | 209.80 | 209.98 | 2036806 
15:45 | 209.95 | 210.02 | 207.30 | 207.86 | 2182996 
16:00 | 207.83 | 208.29 | 207.42 | 207.97 | 1444067 
16:15 | 207.96 | 208.10 | 206.43 | 207.01 | 1634139 
16:30 | 206.99 | 207.81 | 206.40 | 207.64 | 1154206 
16:45 | 207.60 | 209.30 | 207.43 | 208.68 | 1260973 
17:00 | 208.67 | 209.20 | 208.08 | 208.64 | 770599 
17:15 | 208.61 | 208.62 | 206.04 | 206.06 | 1018218 
17:30 | 206.10 | 207.25 | 205.98 | 206.78 | 821832 
17:45 | 206.76 | 206.87 | 205.43 | 206.48 | 897463 
18:00 | 206.45 | 206.53 | 205.75 | 206.02 | 573843 [ENTRADA]
18:15 | 206.00 | 206.32 | 205.25 | 205.45 | 629810 
18:30 | 205.48 | 206.68 | 205.47 | 205.76 | 681194 
18:45 | 205.75 | 205.88 | 204.70 | 205.04 | 796187 
19:00 | 205.02 | 206.03 | 205.02 | 205.76 | 676392 
19:15 | 205.75 | 205.80 | 205.00 | 205.18 | 490963 
19:30 | 205.19 | 205.59 | 204.83 | 205.05 | 602612 
19:45 | 205.05 | 205.92 | 204.70 | 205.72 | 696932 
20:00 | 205.74 | 205.76 | 203.92 | 204.45 | 919626 
20:15 | 204.45 | 205.04 | 204.12 | 204.53 | 696533 
20:30 | 204.55 | 204.59 | 203.78 | 204.06 | 936817 
20:45 | 204.04 | 204.31 | 203.43 | 203.83 | 2211839 
14:30 | 201.77 | 202.95 | 200.21 | 201.75 | 1494688 
14:45 | 201.74 | 203.11 | 198.13 | 198.37 | 1579638 
15:00 | 198.34 | 200.61 | 198.00 | 200.22 | 1219382 
15:15 | 200.16 | 200.65 | 198.80 | 198.92 | 1059497 
15:30 | 198.92 | 199.43 | 197.69 | 197.94 | 826698 
15:45 | 197.95 | 199.42 | 197.76 | 199.05 | 644970 
16:00 | 199.07 | 199.65 | 198.68 | 199.13 | 510356 
16:15 | 199.12 | 200.40 | 198.72 | 200.34 | 507203 
16:30 | 200.37 | 201.99 | 200.27 | 200.96 | 855993 
16:45 | 200.96 | 201.91 | 200.92 | 201.56 | 436250 
17:00 | 201.61 | 201.72 | 200.95 | 201.28 | 405795 
17:15 | 201.20 | 201.40 | 200.69 | 200.96 | 463636 
17:30 | 201.02 | 201.24 | 200.41 | 200.96 | 418905 
17:45 | 200.99 | 202.02 | 200.88 | 201.72 | 461943 
18:00 | 201.74 | 203.27 | 201.65 | 202.91 | 667493 
RESULTADO: EXITO
============================================================


============================================================
ANALISIS: AMD | P2TrendPutStrategy | ENTRADA: 205.72 | TP: 204.22 | SL: 208.72
Hora  |  Open  |  High  |  Low   |  Close |  Vol
19:00 | 219.92 | 220.68 | 219.55 | 220.57 | 548177 
19:15 | 220.60 | 221.25 | 220.37 | 221.03 | 923693 
19:30 | 221.03 | 221.33 | 220.70 | 220.86 | 658768 
19:45 | 220.86 | 220.95 | 219.80 | 220.30 | 730459 
20:00 | 220.28 | 220.50 | 219.79 | 220.49 | 585694 
20:15 | 220.49 | 221.20 | 220.29 | 220.38 | 902913 
20:30 | 220.37 | 220.58 | 219.55 | 219.66 | 807058 
20:45 | 219.66 | 220.61 | 219.65 | 220.32 | 1917594 
14:30 | 218.03 | 221.00 | 216.10 | 217.09 | 3152917 
14:45 | 217.14 | 217.50 | 214.66 | 215.23 | 1930979 
15:00 | 215.23 | 216.18 | 213.63 | 213.85 | 1780714 
15:15 | 213.78 | 214.45 | 212.32 | 212.43 | 1484852 
15:30 | 212.44 | 213.01 | 209.80 | 209.98 | 2036806 
15:45 | 209.95 | 210.02 | 207.30 | 207.86 | 2182996 
16:00 | 207.83 | 208.29 | 207.42 | 207.97 | 1444067 
16:15 | 207.96 | 208.10 | 206.43 | 207.01 | 1634139 
16:30 | 206.99 | 207.81 | 206.40 | 207.64 | 1154206 
16:45 | 207.60 | 209.30 | 207.43 | 208.68 | 1260973 
17:00 | 208.67 | 209.20 | 208.08 | 208.64 | 770599 
17:15 | 208.61 | 208.62 | 206.04 | 206.06 | 1018218 
17:30 | 206.10 | 207.25 | 205.98 | 206.78 | 821832 
17:45 | 206.76 | 206.87 | 205.43 | 206.48 | 897463 
18:00 | 206.45 | 206.53 | 205.75 | 206.02 | 573843 
18:15 | 206.00 | 206.32 | 205.25 | 205.45 | 629810 
18:30 | 205.48 | 206.68 | 205.47 | 205.76 | 681194 
18:45 | 205.75 | 205.88 | 204.70 | 205.04 | 796187 
19:00 | 205.02 | 206.03 | 205.02 | 205.76 | 676392 [ENTRADA]
19:15 | 205.75 | 205.80 | 205.00 | 205.18 | 490963 
19:30 | 205.19 | 205.59 | 204.83 | 205.05 | 602612 
19:45 | 205.05 | 205.92 | 204.70 | 205.72 | 696932 
20:00 | 205.74 | 205.76 | 203.92 | 204.45 | 919626 
20:15 | 204.45 | 205.04 | 204.12 | 204.53 | 696533 
20:30 | 204.55 | 204.59 | 203.78 | 204.06 | 936817 
20:45 | 204.04 | 204.31 | 203.43 | 203.83 | 2211839 
14:30 | 201.77 | 202.95 | 200.21 | 201.75 | 1494688 
14:45 | 201.74 | 203.11 | 198.13 | 198.37 | 1579638 
15:00 | 198.34 | 200.61 | 198.00 | 200.22 | 1219382 
15:15 | 200.16 | 200.65 | 198.80 | 198.92 | 1059497 
15:30 | 198.92 | 199.43 | 197.69 | 197.94 | 826698 
15:45 | 197.95 | 199.42 | 197.76 | 199.05 | 644970 
16:00 | 199.07 | 199.65 | 198.68 | 199.13 | 510356 
16:15 | 199.12 | 200.40 | 198.72 | 200.34 | 507203 
16:30 | 200.37 | 201.99 | 200.27 | 200.96 | 855993 
16:45 | 200.96 | 201.91 | 200.92 | 201.56 | 436250 
17:00 | 201.61 | 201.72 | 200.95 | 201.28 | 405795 
17:15 | 201.20 | 201.40 | 200.69 | 200.96 | 463636 
17:30 | 201.02 | 201.24 | 200.41 | 200.96 | 418905 
17:45 | 200.99 | 202.02 | 200.88 | 201.72 | 461943 
18:00 | 201.74 | 203.27 | 201.65 | 202.91 | 667493 
18:15 | 202.88 | 203.02 | 201.28 | 201.50 | 617314 
18:30 | 201.50 | 202.86 | 201.50 | 202.45 | 643869 
18:45 | 202.45 | 202.77 | 201.16 | 201.55 | 498428 
19:00 | 201.53 | 201.84 | 201.30 | 201.54 | 396965 
RESULTADO: EXITO
============================================================


============================================================
ANALISIS: TSLA | P2TrendPutStrategy | ENTRADA: 372.85 | TP: 371.35 | SL: 377.35
Hora  |  Open  |  High  |  Low   |  Close |  Vol
15:00 | 383.08 | 384.15 | 382.56 | 383.21 | 2598810 
15:15 | 383.19 | 383.55 | 379.79 | 380.65 | 2839790 
15:30 | 380.64 | 382.71 | 380.52 | 381.26 | 2658274 
15:45 | 381.30 | 381.70 | 380.24 | 381.35 | 2033087 
16:00 | 381.33 | 384.08 | 381.32 | 383.81 | 2142337 
16:15 | 383.81 | 384.22 | 382.15 | 383.02 | 1645821 
16:30 | 383.06 | 383.09 | 381.35 | 381.36 | 1332325 
16:45 | 381.35 | 382.39 | 380.82 | 382.20 | 1511941 
17:00 | 382.18 | 383.65 | 381.78 | 382.58 | 1484086 
17:15 | 382.58 | 382.71 | 381.61 | 381.89 | 1072226 
17:30 | 381.91 | 382.63 | 381.12 | 382.02 | 1345863 
17:45 | 382.01 | 382.50 | 380.85 | 382.26 | 1234574 
18:00 | 382.30 | 382.45 | 380.20 | 380.57 | 1225590 
18:15 | 380.54 | 381.90 | 380.24 | 381.64 | 1111581 
18:30 | 381.66 | 382.07 | 380.62 | 380.93 | 951238 
18:45 | 380.94 | 382.24 | 380.65 | 381.46 | 930666 
19:00 | 381.46 | 382.90 | 380.90 | 382.60 | 1170709 
19:15 | 382.60 | 382.80 | 381.40 | 381.42 | 944893 
19:30 | 381.42 | 381.80 | 380.26 | 380.33 | 1376477 
19:45 | 380.32 | 381.35 | 378.73 | 381.20 | 2610312 
20:00 | 381.20 | 384.95 | 381.06 | 384.16 | 2985175 
20:15 | 384.16 | 384.34 | 382.18 | 382.66 | 1584520 
20:30 | 382.68 | 382.86 | 381.20 | 382.08 | 1454875 
20:45 | 382.05 | 382.68 | 380.05 | 380.24 | 2981873 
14:30 | 379.85 | 379.87 | 373.33 | 374.89 | 4393004 
14:45 | 374.87 | 376.20 | 370.74 | 371.17 | 3946636 
15:00 | 371.19 | 372.17 | 369.90 | 370.69 | 3319906 [ENTRADA]
15:15 | 370.73 | 372.88 | 370.48 | 372.35 | 2251132 
15:30 | 372.33 | 373.56 | 372.00 | 373.09 | 2254895 
15:45 | 373.04 | 373.78 | 371.89 | 372.85 | 1886444 
16:00 | 372.87 | 375.06 | 372.59 | 374.90 | 1915802 
16:15 | 374.89 | 377.00 | 374.13 | 374.51 | 1757701 
16:30 | 374.48 | 375.40 | 374.25 | 374.88 | 1270598 
16:45 | 374.86 | 376.07 | 374.63 | 375.78 | 1200158 
17:00 | 375.77 | 376.64 | 375.48 | 375.87 | 1606083 
17:15 | 375.91 | 376.96 | 375.70 | 376.48 | 1475480 
17:30 | 376.50 | 376.53 | 374.44 | 374.48 | 1655709 
17:45 | 374.47 | 375.09 | 373.62 | 374.64 | 1440660 
18:00 | 374.61 | 375.12 | 373.33 | 374.14 | 1162286 
18:15 | 374.15 | 374.41 | 372.69 | 372.86 | 1030298 
18:30 | 372.88 | 373.11 | 371.15 | 371.50 | 1550594 
18:45 | 371.55 | 372.07 | 371.44 | 371.81 | 1112666 

============================================================
ANALISIS: NVDA | P2TrendPutStrategy | ENTRADA: 174.94 | TP: 173.44 | SL: 179.44
Hora  |  Open  |  High  |  Low   |  Close |  Vol
18:00 | 178.16 | 178.20 | 177.56 | 177.69 | 2858355 
18:15 | 177.69 | 178.75 | 177.63 | 178.55 | 3530616 
18:30 | 178.55 | 178.75 | 178.06 | 178.16 | 2107605 
18:45 | 178.15 | 178.55 | 177.97 | 178.23 | 2048566 
19:00 | 178.22 | 178.93 | 178.08 | 178.87 | 2255630 
19:15 | 178.86 | 179.24 | 178.71 | 178.97 | 3363950 
19:30 | 178.98 | 178.99 | 178.23 | 178.28 | 2468251 
19:45 | 178.28 | 178.73 | 178.09 | 178.65 | 2583613 
20:00 | 178.65 | 179.94 | 178.59 | 179.71 | 6447083 
20:15 | 179.71 | 179.98 | 178.87 | 179.14 | 4672796 
20:30 | 179.13 | 179.15 | 178.22 | 178.39 | 4703809 
20:45 | 178.39 | 178.88 | 177.91 | 178.50 | 8386373 
14:30 | 178.00 | 178.26 | 176.75 | 177.71 | 20466134 
14:45 | 177.72 | 177.83 | 175.84 | 175.84 | 7007411 
15:00 | 175.85 | 176.33 | 175.43 | 175.57 | 7037468 
15:15 | 175.56 | 176.27 | 175.46 | 175.74 | 5611105 
15:30 | 175.75 | 176.10 | 175.52 | 175.68 | 5332307 
15:45 | 175.67 | 175.89 | 175.00 | 175.86 | 6851471 
16:00 | 175.85 | 176.25 | 175.55 | 176.09 | 4439742 
16:15 | 176.09 | 176.20 | 175.47 | 175.70 | 3793415 
16:30 | 175.70 | 175.94 | 175.56 | 175.84 | 2756832 
16:45 | 175.84 | 176.04 | 175.69 | 175.86 | 2339028 
17:00 | 175.86 | 176.42 | 175.78 | 176.37 | 3109848 
17:15 | 176.37 | 176.45 | 175.87 | 175.99 | 2825742 
17:30 | 175.99 | 175.99 | 175.54 | 175.72 | 2344445 
17:45 | 175.71 | 175.91 | 175.40 | 175.60 | 2303221 
18:00 | 175.61 | 175.93 | 175.35 | 175.40 | 2231755 [ENTRADA]
18:15 | 175.39 | 175.50 | 175.03 | 175.07 | 2548097 
18:30 | 175.06 | 175.09 | 174.53 | 174.59 | 4599962 
18:45 | 174.60 | 175.00 | 174.51 | 174.94 | 2923166 
19:00 | 174.93 | 175.01 | 174.55 | 174.63 | 2727691 
19:15 | 174.63 | 174.77 | 173.95 | 174.26 | 3802878 
19:00 | 371.87 | 371.95 | 370.20 | 370.75 | 1658439 
19:15 | 370.76 | 371.12 | 369.07 | 369.69 | 1668830 
19:30 | 369.67 | 370.19 | 368.07 | 368.23 | 1717767 
19:45 | 368.21 | 368.52 | 367.73 | 368.28 | 1564416 
20:00 | 368.28 | 368.71 | 366.79 | 367.00 | 1718969 
20:15 | 366.97 | 367.43 | 365.80 | 366.19 | 1966293 
20:30 | 366.19 | 366.46 | 364.46 | 365.78 | 2654507 
20:45 | 365.75 | 368.07 | 364.73 | 367.97 | 4222353 
14:30 | 373.17 | 381.52 | 372.73 | 379.54 | 6324063 
14:45 | 379.51 | 382.39 | 379.23 | 381.88 | 3838388 
15:00 | 381.91 | 383.04 | 380.67 | 382.42 | 3267078 
RESULTADO: EXITO
============================================================

19:30 | 174.27 | 174.34 | 173.60 | 173.64 | 4021840 
19:45 | 173.64 | 173.78 | 173.27 | 173.46 | 4094327 
20:00 | 173.46 | 173.76 | 173.00 | 173.21 | 4602260 
20:15 | 173.21 | 173.35 | 172.37 | 172.43 | 5081844 
20:30 | 172.43 | 172.79 | 171.72 | 172.75 | 7648506 
20:45 | 172.75 | 173.04 | 172.12 | 172.99 | 10773600 
14:30 | 177.39 | 177.68 | 175.87 | 176.56 | 11060253 
14:45 | 176.57 | 177.93 | 176.45 | 177.83 | 7589773 
15:00 | 177.83 | 177.96 | 176.68 | 177.33 | 7628086 
15:15 | 177.33 | 178.23 | 177.25 | 177.87 | 6209667 
15:30 | 177.87 | 178.09 | 177.39 | 177.46 | 5257012 
15:45 | 177.46 | 177.77 | 177.23 | 177.67 | 4434445 
16:00 | 177.67 | 178.37 | 177.53 | 178.00 | 4838608 
16:15 | 178.00 | 178.05 | 177.40 | 177.58 | 4381168 
16:30 | 177.59 | 177.78 | 176.53 | 176.68 | 5178036 
16:45 | 176.68 | 176.71 | 175.04 | 175.13 | 5969793 
17:00 | 175.12 | 175.76 | 175.07 | 175.63 | 4722404 
17:15 | 175.63 | 175.66 | 174.76 | 174.81 | 4418865 
17:30 | 174.82 | 175.65 | 174.80 | 175.58 | 3513886 

============================================================
ANALISIS: AAPL | P2TrendPutStrategy | ENTRADA: 248.66 | TP: 247.16 | SL: 251.66
Hora  |  Open  |  High  |  Low   |  Close |  Vol
19:00 | 253.79 | 255.12 | 253.66 | 253.67 | 1012007 
19:15 | 253.66 | 253.94 | 253.38 | 253.83 | 571138 
19:30 | 253.84 | 254.52 | 253.82 | 254.12 | 568149 
19:45 | 254.10 | 254.40 | 254.08 | 254.37 | 440996 
20:00 | 254.37 | 254.48 | 253.73 | 253.79 | 518310 
20:15 | 253.80 | 254.05 | 253.14 | 253.67 | 671032 
20:30 | 253.68 | 253.73 | 252.34 | 252.58 | 930362 
20:45 | 252.56 | 253.22 | 252.02 | 252.88 | 2296644 
14:30 | 253.90 | 255.10 | 252.78 | 254.00 | 1831281 
14:45 | 254.06 | 255.37 | 254.02 | 254.90 | 2152330 
15:00 | 254.86 | 255.50 | 254.02 | 254.77 | 1624374 
15:15 | 254.72 | 255.29 | 253.94 | 254.46 | 1303235 
15:30 | 254.46 | 254.69 | 252.34 | 252.54 | 1034568 
15:45 | 252.53 | 253.46 | 251.80 | 253.28 | 1308954 
16:00 | 253.27 | 253.43 | 252.11 | 252.19 | 630644 
16:15 | 252.19 | 252.80 | 251.97 | 252.62 | 606902 
16:30 | 252.63 | 253.25 | 252.14 | 252.57 | 702231 
16:45 | 252.62 | 252.93 | 252.31 | 252.73 | 474554 
17:00 | 252.73 | 252.90 | 252.24 | 252.72 | 524850 
17:15 | 252.75 | 252.75 | 251.69 | 251.78 | 557304 
17:30 | 251.77 | 252.28 | 251.69 | 252.22 | 507997 
17:45 | 252.22 | 252.76 | 252.13 | 252.42 | 483604 
18:00 | 252.42 | 252.65 | 251.60 | 251.83 | 572281 
18:15 | 251.83 | 251.86 | 250.36 | 250.41 | 740565 
18:30 | 250.41 | 250.58 | 249.56 | 249.64 | 853328 
18:45 | 249.63 | 250.10 | 249.35 | 249.81 | 750538 
19:00 | 249.81 | 249.94 | 248.63 | 249.09 | 774092 [ENTRADA]
19:15 | 249.10 | 249.54 | 248.97 | 249.39 | 501231 
19:30 | 249.41 | 249.52 | 248.61 | 248.90 | 683493 
19:45 | 248.89 | 249.19 | 248.64 | 248.66 | 668230 
20:00 | 248.66 | 249.12 | 248.33 | 249.02 | 762286 
20:15 | 249.00 | 249.20 | 248.25 | 248.41 | 672037 
20:30 | 248.41 | 248.75 | 248.15 | 248.31 | 778735 
20:45 | 248.32 | 249.37 | 248.07 | 248.61 | 2901486 

============================================================
ANALISIS: AMD | P2TrendPutStrategy | ENTRADA: 198.37 | TP: 196.87 | SL: 201.37
Hora  |  Open  |  High  |  Low   |  Close |  Vol
14:30 | 218.03 | 221.00 | 216.10 | 217.09 | 3152917 
14:45 | 217.14 | 217.50 | 214.66 | 215.23 | 1930979 
15:00 | 215.23 | 216.18 | 213.63 | 213.85 | 1780714 
15:15 | 213.78 | 214.45 | 212.32 | 212.43 | 1484852 
15:30 | 212.44 | 213.01 | 209.80 | 209.98 | 2036806 
15:45 | 209.95 | 210.02 | 207.30 | 207.86 | 2182996 
16:00 | 207.83 | 208.29 | 207.42 | 207.97 | 1444067 
16:15 | 207.96 | 208.10 | 206.43 | 207.01 | 1634139 
17:45 | 175.59 | 175.89 | 175.45 | 175.53 | 2836323 
18:00 | 175.53 | 175.69 | 175.16 | 175.31 | 3013294 
RESULTADO: EN CURSO
============================================================

16:30 | 206.99 | 207.81 | 206.40 | 207.64 | 1154206 
16:45 | 207.60 | 209.30 | 207.43 | 208.68 | 1260973 
17:00 | 208.67 | 209.20 | 208.08 | 208.64 | 770599 
17:15 | 208.61 | 208.62 | 206.04 | 206.06 | 1018218 
17:30 | 206.10 | 207.25 | 205.98 | 206.78 | 821832 
17:45 | 206.76 | 206.87 | 205.43 | 206.48 | 897463 
18:00 | 206.45 | 206.53 | 205.75 | 206.02 | 573843 
18:15 | 206.00 | 206.32 | 205.25 | 205.45 | 629810 
18:30 | 205.48 | 206.68 | 205.47 | 205.76 | 681194 
18:45 | 205.75 | 205.88 | 204.70 | 205.04 | 796187 
19:00 | 205.02 | 206.03 | 205.02 | 205.76 | 676392 
19:15 | 205.75 | 205.80 | 205.00 | 205.18 | 490963 
19:30 | 205.19 | 205.59 | 204.83 | 205.05 | 602612 
19:45 | 205.05 | 205.92 | 204.70 | 205.72 | 696932 
20:00 | 205.74 | 205.76 | 203.92 | 204.45 | 919626 
20:15 | 204.45 | 205.04 | 204.12 | 204.53 | 696533 
20:30 | 204.55 | 204.59 | 203.78 | 204.06 | 936817 
20:45 | 204.04 | 204.31 | 203.43 | 203.83 | 2211839 
14:30 | 201.77 | 202.95 | 200.21 | 201.75 | 1494688 [ENTRADA]
14:45 | 201.74 | 203.11 | 198.13 | 198.37 | 1579638 
15:00 | 198.34 | 200.61 | 198.00 | 200.22 | 1219382 
RESULTADO: EXITO
============================================================

15:15 | 200.16 | 200.65 | 198.80 | 198.92 | 1059497 
15:30 | 198.92 | 199.43 | 197.69 | 197.94 | 826698 
15:45 | 197.95 | 199.42 | 197.76 | 199.05 | 644970 
16:00 | 199.07 | 199.65 | 198.68 | 199.13 | 510356 
16:15 | 199.12 | 200.40 | 198.72 | 200.34 | 507203 
16:30 | 200.37 | 201.99 | 200.27 | 200.96 | 855993 
16:45 | 200.96 | 201.91 | 200.92 | 201.56 | 436250 
17:00 | 201.61 | 201.72 | 200.95 | 201.28 | 405795 
17:15 | 201.20 | 201.40 | 200.69 | 200.96 | 463636 
17:30 | 201.02 | 201.24 | 200.41 | 200.96 | 418905 
17:45 | 200.99 | 202.02 | 200.88 | 201.72 | 461943 
18:00 | 201.74 | 203.27 | 201.65 | 202.91 | 667493 
18:15 | 202.88 | 203.02 | 201.28 | 201.50 | 617314 
18:30 | 201.50 | 202.86 | 201.50 | 202.45 | 643869 
18:45 | 202.45 | 202.77 | 201.16 | 201.55 | 498428 
19:00 | 201.53 | 201.84 | 201.30 | 201.54 | 396965 
19:15 | 201.50 | 202.03 | 201.03 | 201.39 | 473701 
19:30 | 201.44 | 201.59 | 200.68 | 201.30 | 398626 
19:45 | 201.32 | 201.77 | 201.03 | 201.68 | 378248 
20:00 | 201.70 | 201.90 | 201.04 | 201.19 | 364739 
20:15 | 201.21 | 201.76 | 201.17 | 201.39 | 396331 
20:30 | 201.40 | 201.71 | 200.89 | 201.25 | 483247 
20:45 | 201.28 | 202.29 | 200.80 | 201.97 | 1227857 
RESULTADO: FALLO
============================================================


============================================================
ANALISIS: AAPL | P2TrendPutStrategy | ENTRADA: 248.61 | TP: 247.11 | SL: 251.61
Hora  |  Open  |  High  |  Low   |  Close |  Vol
20:00 | 254.37 | 254.48 | 253.73 | 253.79 | 518310 
20:15 | 253.80 | 254.05 | 253.14 | 253.67 | 671032 
20:30 | 253.68 | 253.73 | 252.34 | 252.58 | 930362 
20:45 | 252.56 | 253.22 | 252.02 | 252.88 | 2296644 
14:30 | 253.90 | 255.10 | 252.78 | 254.00 | 1831281 
14:45 | 254.06 | 255.37 | 254.02 | 254.90 | 2152330 
15:00 | 254.86 | 255.50 | 254.02 | 254.77 | 1624374 
15:15 | 254.72 | 255.29 | 253.94 | 254.46 | 1303235 
15:30 | 254.46 | 254.69 | 252.34 | 252.54 | 1034568 
15:45 | 252.53 | 253.46 | 251.80 | 253.28 | 1308954 
16:00 | 253.27 | 253.43 | 252.11 | 252.19 | 630644 
16:15 | 252.19 | 252.80 | 251.97 | 252.62 | 606902 
16:30 | 252.63 | 253.25 | 252.14 | 252.57 | 702231 
16:45 | 252.62 | 252.93 | 252.31 | 252.73 | 474554 
17:00 | 252.73 | 252.90 | 252.24 | 252.72 | 524850 
17:15 | 252.75 | 252.75 | 251.69 | 251.78 | 557304 
17:30 | 251.77 | 252.28 | 251.69 | 252.22 | 507997 
17:45 | 252.22 | 252.76 | 252.13 | 252.42 | 483604 
18:00 | 252.42 | 252.65 | 251.60 | 251.83 | 572281 
18:15 | 251.83 | 251.86 | 250.36 | 250.41 | 740565 
18:30 | 250.41 | 250.58 | 249.56 | 249.64 | 853328 
18:45 | 249.63 | 250.10 | 249.35 | 249.81 | 750538 
19:00 | 249.81 | 249.94 | 248.63 | 249.09 | 774092 
19:15 | 249.10 | 249.54 | 248.97 | 249.39 | 501231 
19:30 | 249.41 | 249.52 | 248.61 | 248.90 | 683493 
19:45 | 248.89 | 249.19 | 248.64 | 248.66 | 668230 
20:00 | 248.66 | 249.12 | 248.33 | 249.02 | 762286 [ENTRADA]
20:15 | 249.00 | 249.20 | 248.25 | 248.41 | 672037 
20:30 | 248.41 | 248.75 | 248.15 | 248.31 | 778735 
20:45 | 248.32 | 249.37 | 248.07 | 248.61 | 2901486 
RESULTADO: EN CURSO
============================================================


============================================================
ANALISIS: MSFT | P2TrendPutStrategy | ENTRADA: 382.55 | TP: 381.05 | SL: 385.55
Hora  |  Open  |  High  |  Low   |  Close |  Vol
17:00 | 384.25 | 385.35 | 384.13 | 385.13 | 602765 
17:15 | 385.13 | 385.30 | 384.57 | 384.60 | 525876 
17:30 | 384.58 | 384.68 | 383.24 | 383.55 | 597737 
17:45 | 383.50 | 384.13 | 383.13 | 383.48 | 545023 
18:00 | 383.54 | 383.77 | 382.85 | 383.47 | 425263 
18:15 | 383.47 | 383.86 | 383.16 | 383.37 | 365139 
18:30 | 383.30 | 383.57 | 382.33 | 383.02 | 449688 
18:45 | 383.08 | 383.44 | 382.95 | 383.12 | 368345 
19:00 | 383.14 | 383.55 | 382.74 | 382.79 | 554892 
19:15 | 382.78 | 383.02 | 382.03 | 382.44 | 561013 
19:30 | 382.46 | 382.51 | 381.66 | 381.85 | 623145 
19:45 | 381.84 | 381.99 | 381.40 | 381.87 | 520624 
20:00 | 381.87 | 382.10 | 381.46 | 381.59 | 576843 
20:15 | 381.57 | 382.25 | 381.32 | 382.10 | 649676 
20:30 | 382.11 | 382.37 | 380.12 | 380.83 | 969545 
20:45 | 380.82 | 381.94 | 380.45 | 381.87 | 2243023 
14:30 | 383.94 | 387.21 | 383.52 | 384.39 | 1932699 
14:45 | 384.34 | 386.43 | 384.00 | 385.99 | 985501 
15:00 | 385.98 | 386.61 | 384.70 | 386.60 | 833002 
15:15 | 386.62 | 387.21 | 385.03 | 385.49 | 795603 
15:30 | 385.49 | 385.92 | 385.08 | 385.36 | 458170 
15:45 | 385.36 | 385.98 | 384.95 | 385.63 | 468659 
16:00 | 385.63 | 387.13 | 385.29 | 386.90 | 592109 
16:15 | 386.88 | 387.16 | 385.60 | 386.73 | 524272 
16:30 | 386.75 | 386.93 | 384.55 | 384.90 | 610465 
16:45 | 384.90 | 384.92 | 382.54 | 383.51 | 622536 
17:00 | 383.43 | 385.05 | 383.34 | 384.80 | 529989 [ENTRADA]
17:15 | 384.75 | 384.84 | 382.35 | 382.54 | 641005 
17:30 | 382.50 | 383.38 | 382.41 | 383.09 | 424566 
17:45 | 383.08 | 383.65 | 382.29 | 382.55 | 396351 
18:00 | 382.58 | 383.23 | 382.16 | 382.16 | 408846 
18:15 | 382.19 | 382.61 | 381.68 | 382.32 | 432014 
18:30 | 382.34 | 384.03 | 382.22 | 382.92 | 474019 
18:45 | 382.92 | 383.35 | 382.58 | 383.17 | 354615 
19:00 | 383.14 | 383.49 | 382.28 | 383.13 | 511354 
19:15 | 383.14 | 383.25 | 382.30 | 382.47 | 491947 
19:30 | 382.47 | 383.64 | 382.36 | 382.76 | 797035 
19:45 | 382.78 | 383.54 | 382.58 | 383.33 | 413324 
20:00 | 383.33 | 383.44 | 382.60 | 382.86 | 577272 
20:15 | 382.86 | 383.49 | 382.76 | 382.95 | 485882 
20:30 | 382.95 | 383.77 | 382.89 | 383.76 | 486991 
20:45 | 383.75 | 384.08 | 382.83 | 382.98 | 1508136 
14:30 | 382.54 | 382.54 | 375.62 | 376.10 | 2218719 
14:45 | 376.15 | 377.62 | 375.22 | 375.50 | 1272871 
15:00 | 375.49 | 376.22 | 372.72 | 373.04 | 2011446 
15:15 | 373.03 | 373.54 | 372.40 | 372.81 | 1902973 
15:30 | 372.81 | 374.99 | 372.28 | 374.74 | 1660210 
15:45 | 374.72 | 376.17 | 372.53 | 373.13 | 1434042 
16:00 | 373.12 | 374.42 | 373.08 | 373.79 | 1141286 
16:15 | 373.84 | 374.06 | 373.01 | 373.54 | 1144297 
16:30 | 373.54 | 374.26 | 373.33 | 373.69 | 656151 
16:45 | 373.63 | 374.21 | 372.64 | 372.67 | 679730 
17:00 | 372.64 | 372.88 | 372.15 | 372.74 | 835645 
RESULTADO: EXITO
============================================================


============================================================
ANALISIS: NVDA | P2TrendPutStrategy | ENTRADA: 172.99 | TP: 171.49 | SL: 177.49
Hora  |  Open  |  High  |  Low   |  Close |  Vol
20:00 | 178.65 | 179.94 | 178.59 | 179.71 | 6447083 
20:15 | 179.71 | 179.98 | 178.87 | 179.14 | 4672796 
20:30 | 179.13 | 179.15 | 178.22 | 178.39 | 4703809 
20:45 | 178.39 | 178.88 | 177.91 | 178.50 | 8386373 
14:30 | 178.00 | 178.26 | 176.75 | 177.71 | 20466134 
14:45 | 177.72 | 177.83 | 175.84 | 175.84 | 7007411 
15:00 | 175.85 | 176.33 | 175.43 | 175.57 | 7037468 
15:15 | 175.56 | 176.27 | 175.46 | 175.74 | 5611105 
15:30 | 175.75 | 176.10 | 175.52 | 175.68 | 5332307 
15:45 | 175.67 | 175.89 | 175.00 | 175.86 | 6851471 
16:00 | 175.85 | 176.25 | 175.55 | 176.09 | 4439742 
16:15 | 176.09 | 176.20 | 175.47 | 175.70 | 3793415 
16:30 | 175.70 | 175.94 | 175.56 | 175.84 | 2756832 
16:45 | 175.84 | 176.04 | 175.69 | 175.86 | 2339028 
17:00 | 175.86 | 176.42 | 175.78 | 176.37 | 3109848 
17:15 | 176.37 | 176.45 | 175.87 | 175.99 | 2825742 
17:30 | 175.99 | 175.99 | 175.54 | 175.72 | 2344445 
17:45 | 175.71 | 175.91 | 175.40 | 175.60 | 2303221 
18:00 | 175.61 | 175.93 | 175.35 | 175.40 | 2231755 
18:15 | 175.39 | 175.50 | 175.03 | 175.07 | 2548097 
18:30 | 175.06 | 175.09 | 174.53 | 174.59 | 4599962 
18:45 | 174.60 | 175.00 | 174.51 | 174.94 | 2923166 
19:00 | 174.93 | 175.01 | 174.55 | 174.63 | 2727691 
19:15 | 174.63 | 174.77 | 173.95 | 174.26 | 3802878 
19:30 | 174.27 | 174.34 | 173.60 | 173.64 | 4021840 
19:45 | 173.64 | 173.78 | 173.27 | 173.46 | 4094327 
20:00 | 173.46 | 173.76 | 173.00 | 173.21 | 4602260 [ENTRADA]
20:15 | 173.21 | 173.35 | 172.37 | 172.43 | 5081844 

============================================================
ANALISIS: AMD | P2TrendPutStrategy | ENTRADA: 199.05 | TP: 197.55 | SL: 202.05
Hora  |  Open  |  High  |  Low   |  Close |  Vol
20:30 | 172.43 | 172.79 | 171.72 | 172.75 | 7648506 
20:45 | 172.75 | 173.04 | 172.12 | 172.99 | 10773600 
14:30 | 177.39 | 177.68 | 175.87 | 176.56 | 11060253 
14:45 | 176.57 | 177.93 | 176.45 | 177.83 | 7589773 
15:00 | 177.83 | 177.96 | 176.68 | 177.33 | 7628086 
15:15 | 177.33 | 178.23 | 177.25 | 177.87 | 6209667 
15:30 | 177.87 | 178.09 | 177.39 | 177.46 | 5257012 
15:45 | 177.46 | 177.77 | 177.23 | 177.67 | 4434445 
16:00 | 177.67 | 178.37 | 177.53 | 178.00 | 4838608 
16:15 | 178.00 | 178.05 | 177.40 | 177.58 | 4381168 
16:30 | 177.59 | 177.78 | 176.53 | 176.68 | 5178036 
16:45 | 176.68 | 176.71 | 175.04 | 175.13 | 5969793 
17:00 | 175.12 | 175.76 | 175.07 | 175.63 | 4722404 
17:15 | 175.63 | 175.66 | 174.76 | 174.81 | 4418865 
17:30 | 174.82 | 175.65 | 174.80 | 175.58 | 3513886 
17:45 | 175.59 | 175.89 | 175.45 | 175.53 | 2836323 
18:00 | 175.53 | 175.69 | 175.16 | 175.31 | 3013294 
18:15 | 175.32 | 175.46 | 174.97 | 175.28 | 2374253 
18:30 | 175.28 | 176.05 | 175.27 | 175.82 | 3519274 
18:45 | 175.84 | 176.22 | 175.65 | 176.19 | 2535290 
19:00 | 176.19 | 176.41 | 175.84 | 176.20 | 2599292 
19:15 | 176.20 | 176.32 | 175.99 | 176.11 | 2153301 
19:30 | 176.10 | 176.96 | 176.09 | 176.53 | 3452157 
19:45 | 176.53 | 176.76 | 176.44 | 176.59 | 2620714 
20:00 | 176.58 | 176.65 | 176.26 | 176.45 | 3030711 
RESULTADO: FALLO
============================================================

15:00 | 215.23 | 216.18 | 213.63 | 213.85 | 1780714 
15:15 | 213.78 | 214.45 | 212.32 | 212.43 | 1484852 
15:30 | 212.44 | 213.01 | 209.80 | 209.98 | 2036806 
15:45 | 209.95 | 210.02 | 207.30 | 207.86 | 2182996 
16:00 | 207.83 | 208.29 | 207.42 | 207.97 | 1444067 
16:15 | 207.96 | 208.10 | 206.43 | 207.01 | 1634139 
16:30 | 206.99 | 207.81 | 206.40 | 207.64 | 1154206 
16:45 | 207.60 | 209.30 | 207.43 | 208.68 | 1260973 
17:00 | 208.67 | 209.20 | 208.08 | 208.64 | 770599 
17:15 | 208.61 | 208.62 | 206.04 | 206.06 | 1018218 
17:30 | 206.10 | 207.25 | 205.98 | 206.78 | 821832 
17:45 | 206.76 | 206.87 | 205.43 | 206.48 | 897463 
18:00 | 206.45 | 206.53 | 205.75 | 206.02 | 573843 
18:15 | 206.00 | 206.32 | 205.25 | 205.45 | 629810 
18:30 | 205.48 | 206.68 | 205.47 | 205.76 | 681194 
18:45 | 205.75 | 205.88 | 204.70 | 205.04 | 796187 
19:00 | 205.02 | 206.03 | 205.02 | 205.76 | 676392 
19:15 | 205.75 | 205.80 | 205.00 | 205.18 | 490963 
19:30 | 205.19 | 205.59 | 204.83 | 205.05 | 602612 
19:45 | 205.05 | 205.92 | 204.70 | 205.72 | 696932 
20:00 | 205.74 | 205.76 | 203.92 | 204.45 | 919626 
20:15 | 204.45 | 205.04 | 204.12 | 204.53 | 696533 
20:30 | 204.55 | 204.59 | 203.78 | 204.06 | 936817 
20:45 | 204.04 | 204.31 | 203.43 | 203.83 | 2211839 
14:30 | 201.77 | 202.95 | 200.21 | 201.75 | 1494688 
14:45 | 201.74 | 203.11 | 198.13 | 198.37 | 1579638 
15:00 | 198.34 | 200.61 | 198.00 | 200.22 | 1219382 [ENTRADA]
15:15 | 200.16 | 200.65 | 198.80 | 198.92 | 1059497 
15:30 | 198.92 | 199.43 | 197.69 | 197.94 | 826698 
15:45 | 197.95 | 199.42 | 197.76 | 199.05 | 644970 
16:00 | 199.07 | 199.65 | 198.68 | 199.13 | 510356 
16:15 | 199.12 | 200.40 | 198.72 | 200.34 | 507203 
16:30 | 200.37 | 201.99 | 200.27 | 200.96 | 855993 
16:45 | 200.96 | 201.91 | 200.92 | 201.56 | 436250 
17:00 | 201.61 | 201.72 | 200.95 | 201.28 | 405795 
17:15 | 201.20 | 201.40 | 200.69 | 200.96 | 463636 
17:30 | 201.02 | 201.24 | 200.41 | 200.96 | 418905 
17:45 | 200.99 | 202.02 | 200.88 | 201.72 | 461943 
18:00 | 201.74 | 203.27 | 201.65 | 202.91 | 667493 
18:15 | 202.88 | 203.02 | 201.28 | 201.50 | 617314 
18:30 | 201.50 | 202.86 | 201.50 | 202.45 | 643869 
18:45 | 202.45 | 202.77 | 201.16 | 201.55 | 498428 
19:00 | 201.53 | 201.84 | 201.30 | 201.54 | 396965 
19:15 | 201.50 | 202.03 | 201.03 | 201.39 | 473701 
19:30 | 201.44 | 201.59 | 200.68 | 201.30 | 398626 
19:45 | 201.32 | 201.77 | 201.03 | 201.68 | 378248 
20:00 | 201.70 | 201.90 | 201.04 | 201.19 | 364739 
20:15 | 201.21 | 201.76 | 201.17 | 201.39 | 396331 
20:30 | 201.40 | 201.71 | 200.89 | 201.25 | 483247 
20:45 | 201.28 | 202.29 | 200.80 | 201.97 | 1227857 
RESULTADO: FALLO
============================================================


============================================================
ANALISIS: MSFT | P2TrendPutStrategy | ENTRADA: 383.17 | TP: 381.67 | SL: 386.17
Hora  |  Open  |  High  |  Low   |  Close |  Vol
18:00 | 383.54 | 383.77 | 382.85 | 383.47 | 425263 
18:15 | 383.47 | 383.86 | 383.16 | 383.37 | 365139 
18:30 | 383.30 | 383.57 | 382.33 | 383.02 | 449688 
18:45 | 383.08 | 383.44 | 382.95 | 383.12 | 368345 
19:00 | 383.14 | 383.55 | 382.74 | 382.79 | 554892 
19:15 | 382.78 | 383.02 | 382.03 | 382.44 | 561013 
19:30 | 382.46 | 382.51 | 381.66 | 381.85 | 623145 
19:45 | 381.84 | 381.99 | 381.40 | 381.87 | 520624 
20:00 | 381.87 | 382.10 | 381.46 | 381.59 | 576843 
20:15 | 381.57 | 382.25 | 381.32 | 382.10 | 649676 
20:30 | 382.11 | 382.37 | 380.12 | 380.83 | 969545 
20:45 | 380.82 | 381.94 | 380.45 | 381.87 | 2243023 
14:30 | 383.94 | 387.21 | 383.52 | 384.39 | 1932699 
14:45 | 384.34 | 386.43 | 384.00 | 385.99 | 985501 
15:00 | 385.98 | 386.61 | 384.70 | 386.60 | 833002 
15:15 | 386.62 | 387.21 | 385.03 | 385.49 | 795603 
15:30 | 385.49 | 385.92 | 385.08 | 385.36 | 458170 
15:45 | 385.36 | 385.98 | 384.95 | 385.63 | 468659 
16:00 | 385.63 | 387.13 | 385.29 | 386.90 | 592109 
16:15 | 386.88 | 387.16 | 385.60 | 386.73 | 524272 
16:30 | 386.75 | 386.93 | 384.55 | 384.90 | 610465 
16:45 | 384.90 | 384.92 | 382.54 | 383.51 | 622536 
17:00 | 383.43 | 385.05 | 383.34 | 384.80 | 529989 
17:15 | 384.75 | 384.84 | 382.35 | 382.54 | 641005 
17:30 | 382.50 | 383.38 | 382.41 | 383.09 | 424566 
17:45 | 383.08 | 383.65 | 382.29 | 382.55 | 396351 
18:00 | 382.58 | 383.23 | 382.16 | 382.16 | 408846 [ENTRADA]
18:15 | 382.19 | 382.61 | 381.68 | 382.32 | 432014 
18:30 | 382.34 | 384.03 | 382.22 | 382.92 | 474019 
18:45 | 382.92 | 383.35 | 382.58 | 383.17 | 354615 
19:00 | 383.14 | 383.49 | 382.28 | 383.13 | 511354 
19:15 | 383.14 | 383.25 | 382.30 | 382.47 | 491947 
19:30 | 382.47 | 383.64 | 382.36 | 382.76 | 797035 
19:45 | 382.78 | 383.54 | 382.58 | 383.33 | 413324 
20:00 | 383.33 | 383.44 | 382.60 | 382.86 | 577272 
20:15 | 382.86 | 383.49 | 382.76 | 382.95 | 485882 
20:30 | 382.95 | 383.77 | 382.89 | 383.76 | 486991 
20:45 | 383.75 | 384.08 | 382.83 | 382.98 | 1508136 
14:30 | 382.54 | 382.54 | 375.62 | 376.10 | 2218719 
14:45 | 376.15 | 377.62 | 375.22 | 375.50 | 1272871 
15:00 | 375.49 | 376.22 | 372.72 | 373.04 | 2011446 
15:15 | 373.03 | 373.54 | 372.40 | 372.81 | 1902973 
15:30 | 372.81 | 374.99 | 372.28 | 374.74 | 1660210 
15:45 | 374.72 | 376.17 | 372.53 | 373.13 | 1434042 
16:00 | 373.12 | 374.42 | 373.08 | 373.79 | 1141286 
16:15 | 373.84 | 374.06 | 373.01 | 373.54 | 1144297 
16:30 | 373.54 | 374.26 | 373.33 | 373.69 | 656151 
16:45 | 373.63 | 374.21 | 372.64 | 372.67 | 679730 
17:00 | 372.64 | 372.88 | 372.15 | 372.74 | 835645 
17:15 | 372.74 | 374.10 | 372.72 | 373.95 | 681729 
17:30 | 373.92 | 374.23 | 372.70 | 373.42 | 529355 
17:45 | 373.46 | 373.96 | 373.16 | 373.59 | 511672 
18:00 | 373.62 | 373.79 | 372.03 | 372.72 | 734608 
RESULTADO: EXITO
============================================================


============================================================
ANALISIS: MSFT | P2TrendPutStrategy | ENTRADA: 375.50 | TP: 374.00 | SL: 378.50
Hora  |  Open  |  High  |  Low   |  Close |  Vol
14:30 | 383.94 | 387.21 | 383.52 | 384.39 | 1932699 
14:45 | 384.34 | 386.43 | 384.00 | 385.99 | 985501 
15:00 | 385.98 | 386.61 | 384.70 | 386.60 | 833002 
15:15 | 386.62 | 387.21 | 385.03 | 385.49 | 795603 
15:30 | 385.49 | 385.92 | 385.08 | 385.36 | 458170 
15:45 | 385.36 | 385.98 | 384.95 | 385.63 | 468659 
16:00 | 385.63 | 387.13 | 385.29 | 386.90 | 592109 
16:15 | 386.88 | 387.16 | 385.60 | 386.73 | 524272 
16:30 | 386.75 | 386.93 | 384.55 | 384.90 | 610465 
16:45 | 384.90 | 384.92 | 382.54 | 383.51 | 622536 
17:00 | 383.43 | 385.05 | 383.34 | 384.80 | 529989 
17:15 | 384.75 | 384.84 | 382.35 | 382.54 | 641005 
17:30 | 382.50 | 383.38 | 382.41 | 383.09 | 424566 
17:45 | 383.08 | 383.65 | 382.29 | 382.55 | 396351 
18:00 | 382.58 | 383.23 | 382.16 | 382.16 | 408846 
18:15 | 382.19 | 382.61 | 381.68 | 382.32 | 432014 
18:30 | 382.34 | 384.03 | 382.22 | 382.92 | 474019 
18:45 | 382.92 | 383.35 | 382.58 | 383.17 | 354615 
19:00 | 383.14 | 383.49 | 382.28 | 383.13 | 511354 
19:15 | 383.14 | 383.25 | 382.30 | 382.47 | 491947 
19:30 | 382.47 | 383.64 | 382.36 | 382.76 | 797035 
19:45 | 382.78 | 383.54 | 382.58 | 383.33 | 413324 
20:00 | 383.33 | 383.44 | 382.60 | 382.86 | 577272 
20:15 | 382.86 | 383.49 | 382.76 | 382.95 | 485882 
20:30 | 382.95 | 383.77 | 382.89 | 383.76 | 486991 
20:45 | 383.75 | 384.08 | 382.83 | 382.98 | 1508136 
14:30 | 382.54 | 382.54 | 375.62 | 376.10 | 2218719 [ENTRADA]
14:45 | 376.15 | 377.62 | 375.22 | 375.50 | 1272871 
15:00 | 375.49 | 376.22 | 372.72 | 373.04 | 2011446 
15:15 | 373.03 | 373.54 | 372.40 | 372.81 | 1902973 
15:30 | 372.81 | 374.99 | 372.28 | 374.74 | 1660210 
15:45 | 374.72 | 376.17 | 372.53 | 373.13 | 1434042 
16:00 | 373.12 | 374.42 | 373.08 | 373.79 | 1141286 
16:15 | 373.84 | 374.06 | 373.01 | 373.54 | 1144297 
16:30 | 373.54 | 374.26 | 373.33 | 373.69 | 656151 
16:45 | 373.63 | 374.21 | 372.64 | 372.67 | 679730 
17:00 | 372.64 | 372.88 | 372.15 | 372.74 | 835645 
17:15 | 372.74 | 374.10 | 372.72 | 373.95 | 681729 
17:30 | 373.92 | 374.23 | 372.70 | 373.42 | 529355 
17:45 | 373.46 | 373.96 | 373.16 | 373.59 | 511672 
18:00 | 373.62 | 373.79 | 372.03 | 372.72 | 734608 
18:15 | 372.72 | 372.88 | 371.85 | 372.83 | 763285 
18:30 | 372.83 | 373.29 | 372.41 | 372.63 | 531251 
18:45 | 372.63 | 373.61 | 372.45 | 373.18 | 600121 
19:00 | 373.19 | 374.06 | 373.14 | 373.89 | 532557 
19:15 | 373.92 | 374.25 | 373.34 | 373.91 | 592955 
19:30 | 373.91 | 375.44 | 373.74 | 374.27 | 788198 
19:45 | 374.29 | 374.32 | 373.19 | 373.44 | 478907 
20:00 | 373.44 | 374.41 | 373.44 | 374.37 | 627886 
20:15 | 374.38 | 374.59 | 373.76 | 373.97 | 601718 
20:30 | 373.98 | 374.26 | 373.19 | 373.63 | 648853 
20:45 | 373.61 | 373.61 | 372.00 | 372.75 | 1986402 
14:30 | 376.93 | 377.06 | 373.51 | 373.70 | 2206285 
RESULTADO: EXITO
============================================================


============================================================
ANALISIS: MSFT | P2TrendPutStrategy | ENTRADA: 373.13 | TP: 371.63 | SL: 376.13
Hora  |  Open  |  High  |  Low   |  Close |  Vol
15:00 | 385.98 | 386.61 | 384.70 | 386.60 | 833002 
15:15 | 386.62 | 387.21 | 385.03 | 385.49 | 795603 
15:30 | 385.49 | 385.92 | 385.08 | 385.36 | 458170 
15:45 | 385.36 | 385.98 | 384.95 | 385.63 | 468659 
16:00 | 385.63 | 387.13 | 385.29 | 386.90 | 592109 
16:15 | 386.88 | 387.16 | 385.60 | 386.73 | 524272 
16:30 | 386.75 | 386.93 | 384.55 | 384.90 | 610465 
16:45 | 384.90 | 384.92 | 382.54 | 383.51 | 622536 
17:00 | 383.43 | 385.05 | 383.34 | 384.80 | 529989 
17:15 | 384.75 | 384.84 | 382.35 | 382.54 | 641005 
17:30 | 382.50 | 383.38 | 382.41 | 383.09 | 424566 
17:45 | 383.08 | 383.65 | 382.29 | 382.55 | 396351 
18:00 | 382.58 | 383.23 | 382.16 | 382.16 | 408846 
18:15 | 382.19 | 382.61 | 381.68 | 382.32 | 432014 
18:30 | 382.34 | 384.03 | 382.22 | 382.92 | 474019 
18:45 | 382.92 | 383.35 | 382.58 | 383.17 | 354615 
19:00 | 383.14 | 383.49 | 382.28 | 383.13 | 511354 
19:15 | 383.14 | 383.25 | 382.30 | 382.47 | 491947 
19:30 | 382.47 | 383.64 | 382.36 | 382.76 | 797035 
19:45 | 382.78 | 383.54 | 382.58 | 383.33 | 413324 
20:00 | 383.33 | 383.44 | 382.60 | 382.86 | 577272 
20:15 | 382.86 | 383.49 | 382.76 | 382.95 | 485882 
20:30 | 382.95 | 383.77 | 382.89 | 383.76 | 486991 
20:45 | 383.75 | 384.08 | 382.83 | 382.98 | 1508136 
14:30 | 382.54 | 382.54 | 375.62 | 376.10 | 2218719 
14:45 | 376.15 | 377.62 | 375.22 | 375.50 | 1272871 
15:00 | 375.49 | 376.22 | 372.72 | 373.04 | 2011446 [ENTRADA]
15:15 | 373.03 | 373.54 | 372.40 | 372.81 | 1902973 
15:30 | 372.81 | 374.99 | 372.28 | 374.74 | 1660210 
15:45 | 374.72 | 376.17 | 372.53 | 373.13 | 1434042 
16:00 | 373.12 | 374.42 | 373.08 | 373.79 | 1141286 
16:15 | 373.84 | 374.06 | 373.01 | 373.54 | 1144297 
16:30 | 373.54 | 374.26 | 373.33 | 373.69 | 656151 
16:45 | 373.63 | 374.21 | 372.64 | 372.67 | 679730 
17:00 | 372.64 | 372.88 | 372.15 | 372.74 | 835645 
17:15 | 372.74 | 374.10 | 372.72 | 373.95 | 681729 
17:30 | 373.92 | 374.23 | 372.70 | 373.42 | 529355 
17:45 | 373.46 | 373.96 | 373.16 | 373.59 | 511672 
18:00 | 373.62 | 373.79 | 372.03 | 372.72 | 734608 
18:15 | 372.72 | 372.88 | 371.85 | 372.83 | 763285 
18:30 | 372.83 | 373.29 | 372.41 | 372.63 | 531251 
18:45 | 372.63 | 373.61 | 372.45 | 373.18 | 600121 
19:00 | 373.19 | 374.06 | 373.14 | 373.89 | 532557 
19:15 | 373.92 | 374.25 | 373.34 | 373.91 | 592955 
19:30 | 373.91 | 375.44 | 373.74 | 374.27 | 788198 
19:45 | 374.29 | 374.32 | 373.19 | 373.44 | 478907 
20:00 | 373.44 | 374.41 | 373.44 | 374.37 | 627886 
20:15 | 374.38 | 374.59 | 373.76 | 373.97 | 601718 
20:30 | 373.98 | 374.26 | 373.19 | 373.63 | 648853 
20:45 | 373.61 | 373.61 | 372.00 | 372.75 | 1986402 
14:30 | 376.93 | 377.06 | 373.51 | 373.70 | 2206285 
14:45 | 373.71 | 374.54 | 373.16 | 373.40 | 1289026 
15:00 | 373.41 | 374.25 | 372.62 | 374.16 | 1247270 
RESULTADO: FALLO
============================================================


============================================================
ANALISIS: MSFT | P2TrendPutStrategy | ENTRADA: 372.67 | TP: 371.17 | SL: 375.67
Hora  |  Open  |  High  |  Low   |  Close |  Vol
16:00 | 385.63 | 387.13 | 385.29 | 386.90 | 592109 
16:15 | 386.88 | 387.16 | 385.60 | 386.73 | 524272 
16:30 | 386.75 | 386.93 | 384.55 | 384.90 | 610465 
16:45 | 384.90 | 384.92 | 382.54 | 383.51 | 622536 
17:00 | 383.43 | 385.05 | 383.34 | 384.80 | 529989 
17:15 | 384.75 | 384.84 | 382.35 | 382.54 | 641005 
17:30 | 382.50 | 383.38 | 382.41 | 383.09 | 424566 
17:45 | 383.08 | 383.65 | 382.29 | 382.55 | 396351 
18:00 | 382.58 | 383.23 | 382.16 | 382.16 | 408846 
18:15 | 382.19 | 382.61 | 381.68 | 382.32 | 432014 
18:30 | 382.34 | 384.03 | 382.22 | 382.92 | 474019 
18:45 | 382.92 | 383.35 | 382.58 | 383.17 | 354615 
19:00 | 383.14 | 383.49 | 382.28 | 383.13 | 511354 
19:15 | 383.14 | 383.25 | 382.30 | 382.47 | 491947 
19:30 | 382.47 | 383.64 | 382.36 | 382.76 | 797035 
19:45 | 382.78 | 383.54 | 382.58 | 383.33 | 413324 
20:00 | 383.33 | 383.44 | 382.60 | 382.86 | 577272 
20:15 | 382.86 | 383.49 | 382.76 | 382.95 | 485882 
20:30 | 382.95 | 383.77 | 382.89 | 383.76 | 486991 
20:45 | 383.75 | 384.08 | 382.83 | 382.98 | 1508136 
14:30 | 382.54 | 382.54 | 375.62 | 376.10 | 2218719 
14:45 | 376.15 | 377.62 | 375.22 | 375.50 | 1272871 
15:00 | 375.49 | 376.22 | 372.72 | 373.04 | 2011446 
15:15 | 373.03 | 373.54 | 372.40 | 372.81 | 1902973 
15:30 | 372.81 | 374.99 | 372.28 | 374.74 | 1660210 
15:45 | 374.72 | 376.17 | 372.53 | 373.13 | 1434042 
16:00 | 373.12 | 374.42 | 373.08 | 373.79 | 1141286 [ENTRADA]
16:15 | 373.84 | 374.06 | 373.01 | 373.54 | 1144297 
16:30 | 373.54 | 374.26 | 373.33 | 373.69 | 656151 
16:45 | 373.63 | 374.21 | 372.64 | 372.67 | 679730 
17:00 | 372.64 | 372.88 | 372.15 | 372.74 | 835645 
17:15 | 372.74 | 374.10 | 372.72 | 373.95 | 681729 
17:30 | 373.92 | 374.23 | 372.70 | 373.42 | 529355 
17:45 | 373.46 | 373.96 | 373.16 | 373.59 | 511672 
18:00 | 373.62 | 373.79 | 372.03 | 372.72 | 734608 
18:15 | 372.72 | 372.88 | 371.85 | 372.83 | 763285 
18:30 | 372.83 | 373.29 | 372.41 | 372.63 | 531251 
18:45 | 372.63 | 373.61 | 372.45 | 373.18 | 600121 
19:00 | 373.19 | 374.06 | 373.14 | 373.89 | 532557 
19:15 | 373.92 | 374.25 | 373.34 | 373.91 | 592955 
19:30 | 373.91 | 375.44 | 373.74 | 374.27 | 788198 
19:45 | 374.29 | 374.32 | 373.19 | 373.44 | 478907 
20:00 | 373.44 | 374.41 | 373.44 | 374.37 | 627886 
20:15 | 374.38 | 374.59 | 373.76 | 373.97 | 601718 
20:30 | 373.98 | 374.26 | 373.19 | 373.63 | 648853 
20:45 | 373.61 | 373.61 | 372.00 | 372.75 | 1986402 
14:30 | 376.93 | 377.06 | 373.51 | 373.70 | 2206285 
14:45 | 373.71 | 374.54 | 373.16 | 373.40 | 1289026 
15:00 | 373.41 | 374.25 | 372.62 | 374.16 | 1247270 
15:15 | 374.15 | 374.38 | 373.17 | 373.74 | 698322 
15:30 | 373.75 | 374.20 | 373.24 | 373.26 | 631364 
15:45 | 373.33 | 373.80 | 372.70 | 373.25 | 867809 
16:00 | 373.24 | 373.45 | 370.46 | 370.49 | 1047481 
RESULTADO: FALLO
============================================================


============================================================
ANALISIS: MSFT | P2TrendPutStrategy | ENTRADA: 373.59 | TP: 372.09 | SL: 376.59
Hora  |  Open  |  High  |  Low   |  Close |  Vol
17:00 | 383.43 | 385.05 | 383.34 | 384.80 | 529989 
17:15 | 384.75 | 384.84 | 382.35 | 382.54 | 641005 
17:30 | 382.50 | 383.38 | 382.41 | 383.09 | 424566 
17:45 | 383.08 | 383.65 | 382.29 | 382.55 | 396351 
18:00 | 382.58 | 383.23 | 382.16 | 382.16 | 408846 
18:15 | 382.19 | 382.61 | 381.68 | 382.32 | 432014 
18:30 | 382.34 | 384.03 | 382.22 | 382.92 | 474019 
18:45 | 382.92 | 383.35 | 382.58 | 383.17 | 354615 
19:00 | 383.14 | 383.49 | 382.28 | 383.13 | 511354 
19:15 | 383.14 | 383.25 | 382.30 | 382.47 | 491947 
19:30 | 382.47 | 383.64 | 382.36 | 382.76 | 797035 
19:45 | 382.78 | 383.54 | 382.58 | 383.33 | 413324 
20:00 | 383.33 | 383.44 | 382.60 | 382.86 | 577272 
20:15 | 382.86 | 383.49 | 382.76 | 382.95 | 485882 
20:30 | 382.95 | 383.77 | 382.89 | 383.76 | 486991 
20:45 | 383.75 | 384.08 | 382.83 | 382.98 | 1508136 
14:30 | 382.54 | 382.54 | 375.62 | 376.10 | 2218719 
14:45 | 376.15 | 377.62 | 375.22 | 375.50 | 1272871 
15:00 | 375.49 | 376.22 | 372.72 | 373.04 | 2011446 
15:15 | 373.03 | 373.54 | 372.40 | 372.81 | 1902973 
15:30 | 372.81 | 374.99 | 372.28 | 374.74 | 1660210 
15:45 | 374.72 | 376.17 | 372.53 | 373.13 | 1434042 
16:00 | 373.12 | 374.42 | 373.08 | 373.79 | 1141286 
16:15 | 373.84 | 374.06 | 373.01 | 373.54 | 1144297 
16:30 | 373.54 | 374.26 | 373.33 | 373.69 | 656151 
16:45 | 373.63 | 374.21 | 372.64 | 372.67 | 679730 
17:00 | 372.64 | 372.88 | 372.15 | 372.74 | 835645 [ENTRADA]
17:15 | 372.74 | 374.10 | 372.72 | 373.95 | 681729 
17:30 | 373.92 | 374.23 | 372.70 | 373.42 | 529355 
17:45 | 373.46 | 373.96 | 373.16 | 373.59 | 511672 
18:00 | 373.62 | 373.79 | 372.03 | 372.72 | 734608 
18:15 | 372.72 | 372.88 | 371.85 | 372.83 | 763285 
18:30 | 372.83 | 373.29 | 372.41 | 372.63 | 531251 
18:45 | 372.63 | 373.61 | 372.45 | 373.18 | 600121 
19:00 | 373.19 | 374.06 | 373.14 | 373.89 | 532557 
19:15 | 373.92 | 374.25 | 373.34 | 373.91 | 592955 
19:30 | 373.91 | 375.44 | 373.74 | 374.27 | 788198 
19:45 | 374.29 | 374.32 | 373.19 | 373.44 | 478907 
20:00 | 373.44 | 374.41 | 373.44 | 374.37 | 627886 
20:15 | 374.38 | 374.59 | 373.76 | 373.97 | 601718 
20:30 | 373.98 | 374.26 | 373.19 | 373.63 | 648853 
20:45 | 373.61 | 373.61 | 372.00 | 372.75 | 1986402 
14:30 | 376.93 | 377.06 | 373.51 | 373.70 | 2206285 
14:45 | 373.71 | 374.54 | 373.16 | 373.40 | 1289026 
15:00 | 373.41 | 374.25 | 372.62 | 374.16 | 1247270 
15:15 | 374.15 | 374.38 | 373.17 | 373.74 | 698322 
15:30 | 373.75 | 374.20 | 373.24 | 373.26 | 631364 
15:45 | 373.33 | 373.80 | 372.70 | 373.25 | 867809 
16:00 | 373.24 | 373.45 | 370.46 | 370.49 | 1047481 
16:15 | 370.47 | 371.42 | 369.74 | 371.42 | 1110315 
16:30 | 371.42 | 371.58 | 370.05 | 370.31 | 757352 
16:45 | 370.31 | 370.74 | 369.98 | 370.42 | 696362 
17:00 | 370.39 | 370.57 | 369.97 | 370.30 | 497726 
RESULTADO: EXITO
============================================================


============================================================
ANALISIS: MSFT | P2TrendPutStrategy | ENTRADA: 373.18 | TP: 371.68 | SL: 376.18
Hora  |  Open  |  High  |  Low   |  Close |  Vol
18:00 | 382.58 | 383.23 | 382.16 | 382.16 | 408846 
18:15 | 382.19 | 382.61 | 381.68 | 382.32 | 432014 
18:30 | 382.34 | 384.03 | 382.22 | 382.92 | 474019 
18:45 | 382.92 | 383.35 | 382.58 | 383.17 | 354615 
19:00 | 383.14 | 383.49 | 382.28 | 383.13 | 511354 
19:15 | 383.14 | 383.25 | 382.30 | 382.47 | 491947 
19:30 | 382.47 | 383.64 | 382.36 | 382.76 | 797035 
19:45 | 382.78 | 383.54 | 382.58 | 383.33 | 413324 
20:00 | 383.33 | 383.44 | 382.60 | 382.86 | 577272 
20:15 | 382.86 | 383.49 | 382.76 | 382.95 | 485882 
20:30 | 382.95 | 383.77 | 382.89 | 383.76 | 486991 
20:45 | 383.75 | 384.08 | 382.83 | 382.98 | 1508136 
14:30 | 382.54 | 382.54 | 375.62 | 376.10 | 2218719 
14:45 | 376.15 | 377.62 | 375.22 | 375.50 | 1272871 
15:00 | 375.49 | 376.22 | 372.72 | 373.04 | 2011446 
15:15 | 373.03 | 373.54 | 372.40 | 372.81 | 1902973 
15:30 | 372.81 | 374.99 | 372.28 | 374.74 | 1660210 
15:45 | 374.72 | 376.17 | 372.53 | 373.13 | 1434042 
16:00 | 373.12 | 374.42 | 373.08 | 373.79 | 1141286 
16:15 | 373.84 | 374.06 | 373.01 | 373.54 | 1144297 
16:30 | 373.54 | 374.26 | 373.33 | 373.69 | 656151 
16:45 | 373.63 | 374.21 | 372.64 | 372.67 | 679730 
17:00 | 372.64 | 372.88 | 372.15 | 372.74 | 835645 
17:15 | 372.74 | 374.10 | 372.72 | 373.95 | 681729 
17:30 | 373.92 | 374.23 | 372.70 | 373.42 | 529355 
17:45 | 373.46 | 373.96 | 373.16 | 373.59 | 511672 
18:00 | 373.62 | 373.79 | 372.03 | 372.72 | 734608 [ENTRADA]
18:15 | 372.72 | 372.88 | 371.85 | 372.83 | 763285 
18:30 | 372.83 | 373.29 | 372.41 | 372.63 | 531251 
18:45 | 372.63 | 373.61 | 372.45 | 373.18 | 600121 
19:00 | 373.19 | 374.06 | 373.14 | 373.89 | 532557 
19:15 | 373.92 | 374.25 | 373.34 | 373.91 | 592955 
19:30 | 373.91 | 375.44 | 373.74 | 374.27 | 788198 
19:45 | 374.29 | 374.32 | 373.19 | 373.44 | 478907 
20:00 | 373.44 | 374.41 | 373.44 | 374.37 | 627886 
20:15 | 374.38 | 374.59 | 373.76 | 373.97 | 601718 
20:30 | 373.98 | 374.26 | 373.19 | 373.63 | 648853 
20:45 | 373.61 | 373.61 | 372.00 | 372.75 | 1986402 
14:30 | 376.93 | 377.06 | 373.51 | 373.70 | 2206285 
14:45 | 373.71 | 374.54 | 373.16 | 373.40 | 1289026 
15:00 | 373.41 | 374.25 | 372.62 | 374.16 | 1247270 
15:15 | 374.15 | 374.38 | 373.17 | 373.74 | 698322 
15:30 | 373.75 | 374.20 | 373.24 | 373.26 | 631364 
15:45 | 373.33 | 373.80 | 372.70 | 373.25 | 867809 
16:00 | 373.24 | 373.45 | 370.46 | 370.49 | 1047481 
16:15 | 370.47 | 371.42 | 369.74 | 371.42 | 1110315 
16:30 | 371.42 | 371.58 | 370.05 | 370.31 | 757352 
16:45 | 370.31 | 370.74 | 369.98 | 370.42 | 696362 
17:00 | 370.39 | 370.57 | 369.97 | 370.30 | 497726 
17:15 | 370.29 | 371.14 | 370.25 | 370.88 | 740463 
17:30 | 370.88 | 371.56 | 370.67 | 371.36 | 428583 
17:45 | 371.36 | 371.39 | 370.72 | 371.00 | 359910 
18:00 | 371.00 | 371.20 | 370.42 | 370.84 | 476760 
RESULTADO: FALLO
============================================================


============================================================
ANALISIS: TSLA | P2TrendPutStrategy | ENTRADA: 386.19 | TP: 384.69 | SL: 390.69
Hora  |  Open  |  High  |  Low   |  Close |  Vol
19:00 | 381.45 | 382.20 | 381.13 | 381.62 | 1025840 
19:15 | 381.62 | 383.80 | 381.11 | 383.40 | 1407539 
19:30 | 383.42 | 386.45 | 382.84 | 384.99 | 2133083 
19:45 | 385.01 | 385.23 | 384.13 | 384.50 | 1349028 
20:00 | 384.46 | 385.20 | 384.25 | 384.98 | 1416079 
20:15 | 384.98 | 385.54 | 383.95 | 384.05 | 1377690 
20:30 | 384.03 | 384.37 | 383.37 | 384.11 | 1192269 
20:45 | 384.09 | 384.86 | 382.30 | 383.11 | 2353854 
14:30 | 390.01 | 396.23 | 389.28 | 393.27 | 5431139 
14:45 | 393.27 | 393.78 | 391.65 | 392.02 | 2650989 
15:00 | 392.05 | 393.55 | 390.50 | 393.18 | 2594463 
15:15 | 393.16 | 394.83 | 392.73 | 393.83 | 2102931 
15:30 | 393.95 | 394.81 | 393.16 | 394.20 | 1440897 
15:45 | 394.20 | 394.45 | 393.02 | 393.20 | 1343581 
16:00 | 393.18 | 393.60 | 391.50 | 391.68 | 1781415 
16:15 | 391.69 | 392.67 | 389.26 | 392.60 | 2399765 
16:30 | 392.62 | 393.05 | 390.29 | 390.77 | 1536287 
16:45 | 390.78 | 390.92 | 388.27 | 388.87 | 2055448 
17:00 | 388.86 | 389.47 | 387.84 | 388.22 | 1656405 
17:15 | 388.19 | 389.79 | 387.60 | 389.14 | 1431754 
17:30 | 389.11 | 390.16 | 388.81 | 389.52 | 1192034 
17:45 | 389.58 | 389.76 | 388.64 | 389.37 | 1039120 
18:00 | 389.37 | 389.65 | 387.84 | 388.84 | 1188359 
18:15 | 388.82 | 388.88 | 387.98 | 388.30 | 1049963 
18:30 | 388.31 | 389.75 | 387.68 | 389.27 | 1169827 
18:45 | 389.27 | 389.31 | 387.33 | 388.28 | 1436060 
19:00 | 388.21 | 388.35 | 387.45 | 388.11 | 890962 [ENTRADA]
19:15 | 388.14 | 388.92 | 387.56 | 387.66 | 1014850 
19:30 | 387.65 | 387.87 | 386.51 | 386.69 | 1373058 
19:45 | 386.69 | 387.10 | 385.47 | 386.19 | 1292629 
20:00 | 386.23 | 386.23 | 385.07 | 385.64 | 1466330 
20:15 | 385.65 | 386.97 | 385.46 | 385.49 | 1349350 
20:30 | 385.47 | 386.29 | 385.01 | 385.77 | 1229082 
20:45 | 385.73 | 386.51 | 385.42 | 385.94 | 1664635 
14:30 | 381.60 | 383.38 | 379.48 | 382.89 | 3703936 
14:45 | 382.85 | 384.44 | 382.39 | 384.02 | 2575443 
15:00 | 384.04 | 384.30 | 381.39 | 382.74 | 2405799 
15:15 | 382.72 | 383.35 | 381.21 | 381.22 | 1537395 
15:30 | 381.21 | 382.61 | 379.93 | 380.11 | 1954874 
15:45 | 380.09 | 380.81 | 377.98 | 379.60 | 2267552 
16:00 | 379.61 | 380.65 | 379.45 | 379.94 | 1330637 
16:15 | 379.91 | 380.47 | 378.90 | 380.00 | 1223981 
16:30 | 380.01 | 380.53 | 379.47 | 379.99 | 933672 
16:45 | 380.00 | 381.09 | 379.47 | 379.75 | 1056691 
17:00 | 379.73 | 379.86 | 378.90 | 379.21 | 926576 
17:15 | 379.23 | 379.23 | 376.96 | 377.22 | 1661911 
17:30 | 377.25 | 377.89 | 376.64 | 377.19 | 1259612 
17:45 | 377.19 | 377.84 | 376.43 | 377.66 | 1118901 
18:00 | 377.69 | 378.10 | 376.88 | 376.92 | 980523 
18:15 | 376.90 | 377.37 | 376.32 | 377.02 | 940853 
18:30 | 377.01 | 377.71 | 376.05 | 376.06 | 1108120 
18:45 | 376.08 | 376.31 | 374.61 | 374.88 | 1598429 
19:00 | 374.86 | 375.76 | 374.82 | 375.48 | 1228367 
RESULTADO: EXITO
============================================================


============================================================
ANALISIS: MSFT | P2TrendPutStrategy | ENTRADA: 373.44 | TP: 371.94 | SL: 376.44
Hora  |  Open  |  High  |  Low   |  Close |  Vol
19:00 | 383.14 | 383.49 | 382.28 | 383.13 | 511354 
19:15 | 383.14 | 383.25 | 382.30 | 382.47 | 491947 
19:30 | 382.47 | 383.64 | 382.36 | 382.76 | 797035 
19:45 | 382.78 | 383.54 | 382.58 | 383.33 | 413324 
20:00 | 383.33 | 383.44 | 382.60 | 382.86 | 577272 
20:15 | 382.86 | 383.49 | 382.76 | 382.95 | 485882 
20:30 | 382.95 | 383.77 | 382.89 | 383.76 | 486991 
20:45 | 383.75 | 384.08 | 382.83 | 382.98 | 1508136 
14:30 | 382.54 | 382.54 | 375.62 | 376.10 | 2218719 
14:45 | 376.15 | 377.62 | 375.22 | 375.50 | 1272871 
15:00 | 375.49 | 376.22 | 372.72 | 373.04 | 2011446 
15:15 | 373.03 | 373.54 | 372.40 | 372.81 | 1902973 
15:30 | 372.81 | 374.99 | 372.28 | 374.74 | 1660210 
15:45 | 374.72 | 376.17 | 372.53 | 373.13 | 1434042 
16:00 | 373.12 | 374.42 | 373.08 | 373.79 | 1141286 
16:15 | 373.84 | 374.06 | 373.01 | 373.54 | 1144297 
16:30 | 373.54 | 374.26 | 373.33 | 373.69 | 656151 
16:45 | 373.63 | 374.21 | 372.64 | 372.67 | 679730 
17:00 | 372.64 | 372.88 | 372.15 | 372.74 | 835645 
17:15 | 372.74 | 374.10 | 372.72 | 373.95 | 681729 
17:30 | 373.92 | 374.23 | 372.70 | 373.42 | 529355 
17:45 | 373.46 | 373.96 | 373.16 | 373.59 | 511672 
18:00 | 373.62 | 373.79 | 372.03 | 372.72 | 734608 
18:15 | 372.72 | 372.88 | 371.85 | 372.83 | 763285 
18:30 | 372.83 | 373.29 | 372.41 | 372.63 | 531251 
18:45 | 372.63 | 373.61 | 372.45 | 373.18 | 600121 
19:00 | 373.19 | 374.06 | 373.14 | 373.89 | 532557 [ENTRADA]
19:15 | 373.92 | 374.25 | 373.34 | 373.91 | 592955 
19:30 | 373.91 | 375.44 | 373.74 | 374.27 | 788198 
19:45 | 374.29 | 374.32 | 373.19 | 373.44 | 478907 
20:00 | 373.44 | 374.41 | 373.44 | 374.37 | 627886 
20:15 | 374.38 | 374.59 | 373.76 | 373.97 | 601718 
20:30 | 373.98 | 374.26 | 373.19 | 373.63 | 648853 
20:45 | 373.61 | 373.61 | 372.00 | 372.75 | 1986402 
14:30 | 376.93 | 377.06 | 373.51 | 373.70 | 2206285 
14:45 | 373.71 | 374.54 | 373.16 | 373.40 | 1289026 
15:00 | 373.41 | 374.25 | 372.62 | 374.16 | 1247270 
15:15 | 374.15 | 374.38 | 373.17 | 373.74 | 698322 
15:30 | 373.75 | 374.20 | 373.24 | 373.26 | 631364 
15:45 | 373.33 | 373.80 | 372.70 | 373.25 | 867809 
16:00 | 373.24 | 373.45 | 370.46 | 370.49 | 1047481 
16:15 | 370.47 | 371.42 | 369.74 | 371.42 | 1110315 
16:30 | 371.42 | 371.58 | 370.05 | 370.31 | 757352 
16:45 | 370.31 | 370.74 | 369.98 | 370.42 | 696362 
17:00 | 370.39 | 370.57 | 369.97 | 370.30 | 497726 
17:15 | 370.29 | 371.14 | 370.25 | 370.88 | 740463 
17:30 | 370.88 | 371.56 | 370.67 | 371.36 | 428583 
17:45 | 371.36 | 371.39 | 370.72 | 371.00 | 359910 
18:00 | 371.00 | 371.20 | 370.42 | 370.84 | 476760 
18:15 | 370.84 | 371.66 | 370.57 | 371.39 | 507736 
18:30 | 371.40 | 371.55 | 370.86 | 371.07 | 635272 
18:45 | 371.10 | 371.46 | 370.51 | 371.00 | 404274 
19:00 | 370.99 | 371.10 | 370.42 | 370.74 | 387394 
RESULTADO: FALLO
============================================================


============================================================
ANALISIS: TSLA | P2TrendPutStrategy | ENTRADA: 385.94 | TP: 384.44 | SL: 390.44
Hora  |  Open  |  High  |  Low   |  Close |  Vol
20:00 | 384.46 | 385.20 | 384.25 | 384.98 | 1416079 
20:15 | 384.98 | 385.54 | 383.95 | 384.05 | 1377690 
20:30 | 384.03 | 384.37 | 383.37 | 384.11 | 1192269 
20:45 | 384.09 | 384.86 | 382.30 | 383.11 | 2353854 
14:30 | 390.01 | 396.23 | 389.28 | 393.27 | 5431139 
14:45 | 393.27 | 393.78 | 391.65 | 392.02 | 2650989 
15:00 | 392.05 | 393.55 | 390.50 | 393.18 | 2594463 
15:15 | 393.16 | 394.83 | 392.73 | 393.83 | 2102931 
15:30 | 393.95 | 394.81 | 393.16 | 394.20 | 1440897 
15:45 | 394.20 | 394.45 | 393.02 | 393.20 | 1343581 
16:00 | 393.18 | 393.60 | 391.50 | 391.68 | 1781415 
16:15 | 391.69 | 392.67 | 389.26 | 392.60 | 2399765 
16:30 | 392.62 | 393.05 | 390.29 | 390.77 | 1536287 
16:45 | 390.78 | 390.92 | 388.27 | 388.87 | 2055448 
17:00 | 388.86 | 389.47 | 387.84 | 388.22 | 1656405 
17:15 | 388.19 | 389.79 | 387.60 | 389.14 | 1431754 
17:30 | 389.11 | 390.16 | 388.81 | 389.52 | 1192034 
17:45 | 389.58 | 389.76 | 388.64 | 389.37 | 1039120 
18:00 | 389.37 | 389.65 | 387.84 | 388.84 | 1188359 
18:15 | 388.82 | 388.88 | 387.98 | 388.30 | 1049963 
18:30 | 388.31 | 389.75 | 387.68 | 389.27 | 1169827 
18:45 | 389.27 | 389.31 | 387.33 | 388.28 | 1436060 
19:00 | 388.21 | 388.35 | 387.45 | 388.11 | 890962 
19:15 | 388.14 | 388.92 | 387.56 | 387.66 | 1014850 
19:30 | 387.65 | 387.87 | 386.51 | 386.69 | 1373058 
19:45 | 386.69 | 387.10 | 385.47 | 386.19 | 1292629 
20:00 | 386.23 | 386.23 | 385.07 | 385.64 | 1466330 [ENTRADA]
20:15 | 385.65 | 386.97 | 385.46 | 385.49 | 1349350 
20:30 | 385.47 | 386.29 | 385.01 | 385.77 | 1229082 
20:45 | 385.73 | 386.51 | 385.42 | 385.94 | 1664635 
14:30 | 381.60 | 383.38 | 379.48 | 382.89 | 3703936 
14:45 | 382.85 | 384.44 | 382.39 | 384.02 | 2575443 
15:00 | 384.04 | 384.30 | 381.39 | 382.74 | 2405799 
15:15 | 382.72 | 383.35 | 381.21 | 381.22 | 1537395 
15:30 | 381.21 | 382.61 | 379.93 | 380.11 | 1954874 
15:45 | 380.09 | 380.81 | 377.98 | 379.60 | 2267552 
16:00 | 379.61 | 380.65 | 379.45 | 379.94 | 1330637 
16:15 | 379.91 | 380.47 | 378.90 | 380.00 | 1223981 
16:30 | 380.01 | 380.53 | 379.47 | 379.99 | 933672 
16:45 | 380.00 | 381.09 | 379.47 | 379.75 | 1056691 
17:00 | 379.73 | 379.86 | 378.90 | 379.21 | 926576 
17:15 | 379.23 | 379.23 | 376.96 | 377.22 | 1661911 
17:30 | 377.25 | 377.89 | 376.64 | 377.19 | 1259612 
17:45 | 377.19 | 377.84 | 376.43 | 377.66 | 1118901 
18:00 | 377.69 | 378.10 | 376.88 | 376.92 | 980523 
18:15 | 376.90 | 377.37 | 376.32 | 377.02 | 940853 
18:30 | 377.01 | 377.71 | 376.05 | 376.06 | 1108120 
18:45 | 376.08 | 376.31 | 374.61 | 374.88 | 1598429 
19:00 | 374.86 | 375.76 | 374.82 | 375.48 | 1228367 
19:15 | 375.46 | 375.83 | 374.41 | 374.75 | 1182096 
19:30 | 374.77 | 375.84 | 374.75 | 375.14 | 1182566 
19:45 | 375.12 | 375.58 | 374.28 | 374.55 | 1184510 
20:00 | 374.55 | 374.78 | 372.51 | 372.84 | 1866896 
RESULTADO: EXITO
============================================================


============================================================
ANALISIS: NVDA | P2TrendPutStrategy | ENTRADA: 175.68 | TP: 174.18 | SL: 180.18
Hora  |  Open  |  High  |  Low   |  Close |  Vol
14:30 | 177.10 | 179.84 | 176.87 | 179.21 | 11531270 
14:45 | 179.20 | 179.23 | 178.07 | 178.16 | 7058641 
15:00 | 178.17 | 179.55 | 177.89 | 179.33 | 7201153 
15:15 | 179.32 | 180.31 | 179.15 | 180.06 | 7359887 
15:30 | 180.05 | 180.63 | 179.83 | 180.55 | 6206398 
15:45 | 180.55 | 181.22 | 180.40 | 180.50 | 7649915 
16:00 | 180.51 | 180.54 | 179.73 | 179.85 | 5178586 
16:15 | 179.86 | 180.27 | 179.20 | 180.00 | 6319876 
16:30 | 180.00 | 180.06 | 179.25 | 179.55 | 4259029 
16:45 | 179.55 | 179.69 | 179.14 | 179.38 | 3322353 
17:00 | 179.38 | 179.44 | 178.73 | 179.15 | 3463883 
17:15 | 179.14 | 179.44 | 178.85 | 179.12 | 3483740 
17:30 | 179.11 | 179.34 | 178.94 | 179.20 | 2473915 
17:45 | 179.20 | 179.30 | 178.87 | 178.93 | 2333121 
18:00 | 178.93 | 179.16 | 178.51 | 178.94 | 2944232 
18:15 | 178.93 | 179.13 | 178.54 | 178.93 | 2050335 
18:30 | 178.94 | 179.57 | 178.66 | 179.36 | 2673260 
18:45 | 179.36 | 179.37 | 178.80 | 178.99 | 2588686 
19:00 | 178.98 | 179.17 | 178.80 | 179.06 | 1954805 
19:15 | 179.06 | 179.32 | 178.99 | 179.02 | 1754352 
19:30 | 179.02 | 179.20 | 178.75 | 178.81 | 2659420 
19:45 | 178.80 | 178.87 | 178.07 | 178.31 | 3125564 
20:00 | 178.31 | 178.48 | 177.83 | 178.46 | 3577623 
20:15 | 178.46 | 178.84 | 178.44 | 178.60 | 3173649 
20:30 | 178.59 | 178.81 | 178.25 | 178.56 | 3012556 
20:45 | 178.56 | 179.12 | 178.48 | 178.67 | 5194178 
14:30 | 176.15 | 176.51 | 175.17 | 175.96 | 8745160 [ENTRADA]
14:45 | 175.99 | 176.04 | 175.20 | 175.68 | 6420133 
15:00 | 175.69 | 175.87 | 175.00 | 175.25 | 6127457 
15:15 | 175.25 | 175.44 | 174.80 | 174.82 | 4519149 
15:30 | 174.81 | 175.16 | 173.86 | 173.96 | 6724443 
15:45 | 173.95 | 174.12 | 173.01 | 173.61 | 8048584 
16:00 | 173.62 | 174.14 | 173.60 | 173.97 | 5354828 
16:15 | 173.97 | 174.28 | 173.85 | 174.07 | 4148088 
16:30 | 174.07 | 174.49 | 173.70 | 174.44 | 4275664 
16:45 | 174.44 | 174.83 | 174.39 | 174.66 | 3674350 
17:00 | 174.66 | 174.74 | 174.22 | 174.43 | 2586539 
17:15 | 174.42 | 174.43 | 173.77 | 173.78 | 3151867 
17:30 | 173.78 | 173.97 | 173.59 | 173.89 | 2966257 
17:45 | 173.88 | 173.92 | 173.47 | 173.83 | 2918796 
18:00 | 173.82 | 174.00 | 173.57 | 173.81 | 2181351 
18:15 | 173.81 | 173.97 | 173.33 | 173.54 | 2471906 
18:30 | 173.54 | 173.72 | 172.98 | 172.98 | 3171320 
18:45 | 172.98 | 173.05 | 171.84 | 171.93 | 6330794 
19:00 | 171.92 | 172.50 | 171.91 | 172.40 | 4965875 
19:15 | 172.40 | 172.47 | 172.01 | 172.09 | 3405538 
19:30 | 172.09 | 172.38 | 172.03 | 172.15 | 3062398 
19:45 | 172.15 | 172.51 | 171.97 | 172.29 | 3195654 
20:00 | 172.30 | 172.36 | 171.55 | 171.96 | 4604726 
20:15 | 171.97 | 172.39 | 171.96 | 172.13 | 3784150 
20:30 | 172.12 | 172.15 | 171.72 | 171.83 | 3821343 
20:45 | 171.82 | 171.93 | 171.14 | 171.22 | 10014618 
14:30 | 170.00 | 170.97 | 169.08 | 170.13 | 11727000 
RESULTADO: EXITO
============================================================


============================================================
ANALISIS: NVDA | P2TrendPutStrategy | ENTRADA: 173.61 | TP: 172.11 | SL: 178.11
Hora  |  Open  |  High  |  Low   |  Close |  Vol
15:00 | 178.17 | 179.55 | 177.89 | 179.33 | 7201153 
15:15 | 179.32 | 180.31 | 179.15 | 180.06 | 7359887 
15:30 | 180.05 | 180.63 | 179.83 | 180.55 | 6206398 
15:45 | 180.55 | 181.22 | 180.40 | 180.50 | 7649915 
16:00 | 180.51 | 180.54 | 179.73 | 179.85 | 5178586 
16:15 | 179.86 | 180.27 | 179.20 | 180.00 | 6319876 
16:30 | 180.00 | 180.06 | 179.25 | 179.55 | 4259029 
16:45 | 179.55 | 179.69 | 179.14 | 179.38 | 3322353 
17:00 | 179.38 | 179.44 | 178.73 | 179.15 | 3463883 
17:15 | 179.14 | 179.44 | 178.85 | 179.12 | 3483740 
17:30 | 179.11 | 179.34 | 178.94 | 179.20 | 2473915 
17:45 | 179.20 | 179.30 | 178.87 | 178.93 | 2333121 
18:00 | 178.93 | 179.16 | 178.51 | 178.94 | 2944232 
18:15 | 178.93 | 179.13 | 178.54 | 178.93 | 2050335 
18:30 | 178.94 | 179.57 | 178.66 | 179.36 | 2673260 
18:45 | 179.36 | 179.37 | 178.80 | 178.99 | 2588686 
19:00 | 178.98 | 179.17 | 178.80 | 179.06 | 1954805 
19:15 | 179.06 | 179.32 | 178.99 | 179.02 | 1754352 
19:30 | 179.02 | 179.20 | 178.75 | 178.81 | 2659420 
19:45 | 178.80 | 178.87 | 178.07 | 178.31 | 3125564 
20:00 | 178.31 | 178.48 | 177.83 | 178.46 | 3577623 
20:15 | 178.46 | 178.84 | 178.44 | 178.60 | 3173649 
20:30 | 178.59 | 178.81 | 178.25 | 178.56 | 3012556 
20:45 | 178.56 | 179.12 | 178.48 | 178.67 | 5194178 
14:30 | 176.15 | 176.51 | 175.17 | 175.96 | 8745160 
14:45 | 175.99 | 176.04 | 175.20 | 175.68 | 6420133 
15:00 | 175.69 | 175.87 | 175.00 | 175.25 | 6127457 [ENTRADA]
15:15 | 175.25 | 175.44 | 174.80 | 174.82 | 4519149 
15:30 | 174.81 | 175.16 | 173.86 | 173.96 | 6724443 
15:45 | 173.95 | 174.12 | 173.01 | 173.61 | 8048584 
16:00 | 173.62 | 174.14 | 173.60 | 173.97 | 5354828 
16:15 | 173.97 | 174.28 | 173.85 | 174.07 | 4148088 
16:30 | 174.07 | 174.49 | 173.70 | 174.44 | 4275664 
16:45 | 174.44 | 174.83 | 174.39 | 174.66 | 3674350 
17:00 | 174.66 | 174.74 | 174.22 | 174.43 | 2586539 
17:15 | 174.42 | 174.43 | 173.77 | 173.78 | 3151867 
17:30 | 173.78 | 173.97 | 173.59 | 173.89 | 2966257 
17:45 | 173.88 | 173.92 | 173.47 | 173.83 | 2918796 
18:00 | 173.82 | 174.00 | 173.57 | 173.81 | 2181351 
18:15 | 173.81 | 173.97 | 173.33 | 173.54 | 2471906 
18:30 | 173.54 | 173.72 | 172.98 | 172.98 | 3171320 
18:45 | 172.98 | 173.05 | 171.84 | 171.93 | 6330794 
19:00 | 171.92 | 172.50 | 171.91 | 172.40 | 4965875 
19:15 | 172.40 | 172.47 | 172.01 | 172.09 | 3405538 
19:30 | 172.09 | 172.38 | 172.03 | 172.15 | 3062398 
19:45 | 172.15 | 172.51 | 171.97 | 172.29 | 3195654 
20:00 | 172.30 | 172.36 | 171.55 | 171.96 | 4604726 
20:15 | 171.97 | 172.39 | 171.96 | 172.13 | 3784150 
20:30 | 172.12 | 172.15 | 171.72 | 171.83 | 3821343 
20:45 | 171.82 | 171.93 | 171.14 | 171.22 | 10014618 
14:30 | 170.00 | 170.97 | 169.08 | 170.13 | 11727000 
14:45 | 170.12 | 170.76 | 168.16 | 168.41 | 9323067 
15:00 | 168.41 | 169.39 | 168.15 | 168.85 | 8246256 
RESULTADO: EXITO
============================================================


============================================================
ANALISIS: TSLA | P2TrendPutStrategy | ENTRADA: 379.60 | TP: 378.10 | SL: 384.10
Hora  |  Open  |  High  |  Low   |  Close |  Vol
15:00 | 392.05 | 393.55 | 390.50 | 393.18 | 2594463 
15:15 | 393.16 | 394.83 | 392.73 | 393.83 | 2102931 
15:30 | 393.95 | 394.81 | 393.16 | 394.20 | 1440897 
15:45 | 394.20 | 394.45 | 393.02 | 393.20 | 1343581 
16:00 | 393.18 | 393.60 | 391.50 | 391.68 | 1781415 
16:15 | 391.69 | 392.67 | 389.26 | 392.60 | 2399765 
16:30 | 392.62 | 393.05 | 390.29 | 390.77 | 1536287 
16:45 | 390.78 | 390.92 | 388.27 | 388.87 | 2055448 
17:00 | 388.86 | 389.47 | 387.84 | 388.22 | 1656405 
17:15 | 388.19 | 389.79 | 387.60 | 389.14 | 1431754 
17:30 | 389.11 | 390.16 | 388.81 | 389.52 | 1192034 
17:45 | 389.58 | 389.76 | 388.64 | 389.37 | 1039120 
18:00 | 389.37 | 389.65 | 387.84 | 388.84 | 1188359 
18:15 | 388.82 | 388.88 | 387.98 | 388.30 | 1049963 
18:30 | 388.31 | 389.75 | 387.68 | 389.27 | 1169827 
18:45 | 389.27 | 389.31 | 387.33 | 388.28 | 1436060 
19:00 | 388.21 | 388.35 | 387.45 | 388.11 | 890962 
19:15 | 388.14 | 388.92 | 387.56 | 387.66 | 1014850 
19:30 | 387.65 | 387.87 | 386.51 | 386.69 | 1373058 
19:45 | 386.69 | 387.10 | 385.47 | 386.19 | 1292629 
20:00 | 386.23 | 386.23 | 385.07 | 385.64 | 1466330 
20:15 | 385.65 | 386.97 | 385.46 | 385.49 | 1349350 
20:30 | 385.47 | 386.29 | 385.01 | 385.77 | 1229082 
20:45 | 385.73 | 386.51 | 385.42 | 385.94 | 1664635 
14:30 | 381.60 | 383.38 | 379.48 | 382.89 | 3703936 
14:45 | 382.85 | 384.44 | 382.39 | 384.02 | 2575443 
15:00 | 384.04 | 384.30 | 381.39 | 382.74 | 2405799 [ENTRADA]
15:15 | 382.72 | 383.35 | 381.21 | 381.22 | 1537395 
15:30 | 381.21 | 382.61 | 379.93 | 380.11 | 1954874 
15:45 | 380.09 | 380.81 | 377.98 | 379.60 | 2267552 
16:00 | 379.61 | 380.65 | 379.45 | 379.94 | 1330637 
16:15 | 379.91 | 380.47 | 378.90 | 380.00 | 1223981 
16:30 | 380.01 | 380.53 | 379.47 | 379.99 | 933672 
16:45 | 380.00 | 381.09 | 379.47 | 379.75 | 1056691 
17:00 | 379.73 | 379.86 | 378.90 | 379.21 | 926576 
17:15 | 379.23 | 379.23 | 376.96 | 377.22 | 1661911 
17:30 | 377.25 | 377.89 | 376.64 | 377.19 | 1259612 

============================================================
17:45 | 377.19 | 377.84 | 376.43 | 377.66 | 1118901 
18:00 | 377.69 | 378.10 | 376.88 | 376.92 | 980523 
18:15 | 376.90 | 377.37 | 376.32 | 377.02 | 940853 
18:30 | 377.01 | 377.71 | 376.05 | 376.06 | 1108120 
18:45 | 376.08 | 376.31 | 374.61 | 374.88 | 1598429 
19:00 | 374.86 | 375.76 | 374.82 | 375.48 | 1228367 
19:15 | 375.46 | 375.83 | 374.41 | 374.75 | 1182096 
19:30 | 374.77 | 375.84 | 374.75 | 375.14 | 1182566 
19:45 | 375.12 | 375.58 | 374.28 | 374.55 | 1184510 
20:00 | 374.55 | 374.78 | 372.51 | 372.84 | 1866896 
20:15 | 372.85 | 373.71 | 372.59 | 373.15 | 1591141 
20:30 | 373.15 | 373.30 | 372.47 | 372.80 | 1481900 
20:45 | 372.79 | 374.00 | 371.87 | 372.24 | 2892337 
14:30 | 369.80 | 369.86 | 363.52 | 364.64 | 4353003 
14:45 | 364.57 | 366.75 | 361.37 | 362.56 | 3563354 
15:00 | 362.56 | 364.11 | 361.93 | 363.58 | 2463099 
ANALISIS: MSFT | P2TrendPutStrategy | ENTRADA: 370.42 | TP: 368.92 | SL: 373.42
Hora  |  Open  |  High  |  Low   |  Close |  Vol
16:00 | 373.12 | 374.42 | 373.08 | 373.79 | 1141286 
16:15 | 373.84 | 374.06 | 373.01 | 373.54 | 1144297 
16:30 | 373.54 | 374.26 | 373.33 | 373.69 | 656151 
16:45 | 373.63 | 374.21 | 372.64 | 372.67 | 679730 
17:00 | 372.64 | 372.88 | 372.15 | 372.74 | 835645 
17:15 | 372.74 | 374.10 | 372.72 | 373.95 | 681729 
17:30 | 373.92 | 374.23 | 372.70 | 373.42 | 529355 
17:45 | 373.46 | 373.96 | 373.16 | 373.59 | 511672 
18:00 | 373.62 | 373.79 | 372.03 | 372.72 | 734608 
18:15 | 372.72 | 372.88 | 371.85 | 372.83 | 763285 
18:30 | 372.83 | 373.29 | 372.41 | 372.63 | 531251 
18:45 | 372.63 | 373.61 | 372.45 | 373.18 | 600121 
19:00 | 373.19 | 374.06 | 373.14 | 373.89 | 532557 
19:15 | 373.92 | 374.25 | 373.34 | 373.91 | 592955 
19:30 | 373.91 | 375.44 | 373.74 | 374.27 | 788198 
19:45 | 374.29 | 374.32 | 373.19 | 373.44 | 478907 
20:00 | 373.44 | 374.41 | 373.44 | 374.37 | 627886 
20:15 | 374.38 | 374.59 | 373.76 | 373.97 | 601718 
20:30 | 373.98 | 374.26 | 373.19 | 373.63 | 648853 
20:45 | 373.61 | 373.61 | 372.00 | 372.75 | 1986402 
14:30 | 376.93 | 377.06 | 373.51 | 373.70 | 2206285 
14:45 | 373.71 | 374.54 | 373.16 | 373.40 | 1289026 
15:00 | 373.41 | 374.25 | 372.62 | 374.16 | 1247270 
15:15 | 374.15 | 374.38 | 373.17 | 373.74 | 698322 
15:30 | 373.75 | 374.20 | 373.24 | 373.26 | 631364 
15:45 | 373.33 | 373.80 | 372.70 | 373.25 | 867809 
16:00 | 373.24 | 373.45 | 370.46 | 370.49 | 1047481 [ENTRADA]
16:15 | 370.47 | 371.42 | 369.74 | 371.42 | 1110315 
16:30 | 371.42 | 371.58 | 370.05 | 370.31 | 757352 
16:45 | 370.31 | 370.74 | 369.98 | 370.42 | 696362 
17:00 | 370.39 | 370.57 | 369.97 | 370.30 | 497726 
17:15 | 370.29 | 371.14 | 370.25 | 370.88 | 740463 
17:30 | 370.88 | 371.56 | 370.67 | 371.36 | 428583 
17:45 | 371.36 | 371.39 | 370.72 | 371.00 | 359910 
18:00 | 371.00 | 371.20 | 370.42 | 370.84 | 476760 
18:15 | 370.84 | 371.66 | 370.57 | 371.39 | 507736 
18:30 | 371.40 | 371.55 | 370.86 | 371.07 | 635272 
18:45 | 371.10 | 371.46 | 370.51 | 371.00 | 404274 
19:00 | 370.99 | 371.10 | 370.42 | 370.74 | 387394 
19:15 | 370.74 | 370.81 | 369.99 | 370.03 | 485084 
19:30 | 370.04 | 370.55 | 369.99 | 370.42 | 426534 
19:45 | 370.39 | 370.51 | 369.63 | 370.30 | 620560 
20:00 | 370.30 | 370.30 | 369.64 | 370.04 | 629638 
20:15 | 370.02 | 370.73 | 369.96 | 370.39 | 531532 
20:30 | 370.38 | 370.65 | 370.05 | 370.51 | 478924 
20:45 | 370.50 | 371.36 | 370.41 | 371.03 | 1484576 
14:30 | 370.89 | 372.65 | 369.28 | 372.18 | 2410704 
14:45 | 372.16 | 373.83 | 371.45 | 373.74 | 1694408 
15:00 | 373.77 | 374.72 | 372.30 | 372.56 | 1349761 
15:15 | 372.56 | 372.66 | 371.72 | 371.94 | 899134 
15:30 | 371.95 | 372.40 | 370.70 | 371.04 | 876130 
RESULTADO: EXITO
============================================================


============================================================
ANALISIS: NVDA | P2TrendPutStrategy | ENTRADA: 174.66 | TP: 173.16 | SL: 179.16
Hora  |  Open  |  High  |  Low   |  Close |  Vol
15:45 | 371.05 | 371.77 | 370.50 | 371.36 | 844660 
16:00 | 371.42 | 371.57 | 369.99 | 370.14 | 917102 
16:00 | 180.51 | 180.54 | 179.73 | 179.85 | 5178586 
16:15 | 179.86 | 180.27 | 179.20 | 180.00 | 6319876 
16:30 | 180.00 | 180.06 | 179.25 | 179.55 | 4259029 
16:45 | 179.55 | 179.69 | 179.14 | 179.38 | 3322353 
17:00 | 179.38 | 179.44 | 178.73 | 179.15 | 3463883 
17:15 | 179.14 | 179.44 | 178.85 | 179.12 | 3483740 
17:30 | 179.11 | 179.34 | 178.94 | 179.20 | 2473915 
17:45 | 179.20 | 179.30 | 178.87 | 178.93 | 2333121 
18:00 | 178.93 | 179.16 | 178.51 | 178.94 | 2944232 
18:15 | 178.93 | 179.13 | 178.54 | 178.93 | 2050335 
18:30 | 178.94 | 179.57 | 178.66 | 179.36 | 2673260 
18:45 | 179.36 | 179.37 | 178.80 | 178.99 | 2588686 
19:00 | 178.98 | 179.17 | 178.80 | 179.06 | 1954805 
19:15 | 179.06 | 179.32 | 178.99 | 179.02 | 1754352 
19:30 | 179.02 | 179.20 | 178.75 | 178.81 | 2659420 
19:45 | 178.80 | 178.87 | 178.07 | 178.31 | 3125564 
20:00 | 178.31 | 178.48 | 177.83 | 178.46 | 3577623 
20:15 | 178.46 | 178.84 | 178.44 | 178.60 | 3173649 
20:30 | 178.59 | 178.81 | 178.25 | 178.56 | 3012556 
20:45 | 178.56 | 179.12 | 178.48 | 178.67 | 5194178 
14:30 | 176.15 | 176.51 | 175.17 | 175.96 | 8745160 
14:45 | 175.99 | 176.04 | 175.20 | 175.68 | 6420133 
15:00 | 175.69 | 175.87 | 175.00 | 175.25 | 6127457 
15:15 | 175.25 | 175.44 | 174.80 | 174.82 | 4519149 
15:30 | 174.81 | 175.16 | 173.86 | 173.96 | 6724443 
15:45 | 173.95 | 174.12 | 173.01 | 173.61 | 8048584 
16:00 | 173.62 | 174.14 | 173.60 | 173.97 | 5354828 [ENTRADA]
16:15 | 173.97 | 174.28 | 173.85 | 174.07 | 4148088 
16:30 | 174.07 | 174.49 | 173.70 | 174.44 | 4275664 
16:45 | 174.44 | 174.83 | 174.39 | 174.66 | 3674350 
17:00 | 174.66 | 174.74 | 174.22 | 174.43 | 2586539 
17:15 | 174.42 | 174.43 | 173.77 | 173.78 | 3151867 
17:30 | 173.78 | 173.97 | 173.59 | 173.89 | 2966257 
17:45 | 173.88 | 173.92 | 173.47 | 173.83 | 2918796 
18:00 | 173.82 | 174.00 | 173.57 | 173.81 | 2181351 
18:15 | 173.81 | 173.97 | 173.33 | 173.54 | 2471906 
18:30 | 173.54 | 173.72 | 172.98 | 172.98 | 3171320 
18:45 | 172.98 | 173.05 | 171.84 | 171.93 | 6330794 
19:00 | 171.92 | 172.50 | 171.91 | 172.40 | 4965875 
19:15 | 172.40 | 172.47 | 172.01 | 172.09 | 3405538 
19:30 | 172.09 | 172.38 | 172.03 | 172.15 | 3062398 
19:45 | 172.15 | 172.51 | 171.97 | 172.29 | 3195654 
20:00 | 172.30 | 172.36 | 171.55 | 171.96 | 4604726 
20:15 | 171.97 | 172.39 | 171.96 | 172.13 | 3784150 
20:30 | 172.12 | 172.15 | 171.72 | 171.83 | 3821343 
20:45 | 171.82 | 171.93 | 171.14 | 171.22 | 10014618 
14:30 | 170.00 | 170.97 | 169.08 | 170.13 | 11727000 
14:45 | 170.12 | 170.76 | 168.16 | 168.41 | 9323067 
15:00 | 168.41 | 169.39 | 168.15 | 168.85 | 8246256 
15:15 | 168.86 | 169.13 | 167.80 | 167.85 | 6752556 
15:30 | 167.83 | 168.28 | 167.55 | 168.00 | 6145086 
15:45 | 167.99 | 168.92 | 167.95 | 168.67 | 6200580 
16:00 | 168.68 | 169.13 | 168.56 | 168.62 | 4721804 
RESULTADO: FALLO
============================================================

RESULTADO: EXITO
============================================================


============================================================
ANALISIS: TSLA | P2TrendPutStrategy | ENTRADA: 379.75 | TP: 378.25 | SL: 384.25
Hora  |  Open  |  High  |  Low   |  Close |  Vol
16:00 | 393.18 | 393.60 | 391.50 | 391.68 | 1781415 
16:15 | 391.69 | 392.67 | 389.26 | 392.60 | 2399765 
16:30 | 392.62 | 393.05 | 390.29 | 390.77 | 1536287 
16:45 | 390.78 | 390.92 | 388.27 | 388.87 | 2055448 
17:00 | 388.86 | 389.47 | 387.84 | 388.22 | 1656405 
17:15 | 388.19 | 389.79 | 387.60 | 389.14 | 1431754 
17:30 | 389.11 | 390.16 | 388.81 | 389.52 | 1192034 
17:45 | 389.58 | 389.76 | 388.64 | 389.37 | 1039120 
18:00 | 389.37 | 389.65 | 387.84 | 388.84 | 1188359 
18:15 | 388.82 | 388.88 | 387.98 | 388.30 | 1049963 
18:30 | 388.31 | 389.75 | 387.68 | 389.27 | 1169827 
18:45 | 389.27 | 389.31 | 387.33 | 388.28 | 1436060 
19:00 | 388.21 | 388.35 | 387.45 | 388.11 | 890962 
19:15 | 388.14 | 388.92 | 387.56 | 387.66 | 1014850 
19:30 | 387.65 | 387.87 | 386.51 | 386.69 | 1373058 
19:45 | 386.69 | 387.10 | 385.47 | 386.19 | 1292629 
20:00 | 386.23 | 386.23 | 385.07 | 385.64 | 1466330 
20:15 | 385.65 | 386.97 | 385.46 | 385.49 | 1349350 
20:30 | 385.47 | 386.29 | 385.01 | 385.77 | 1229082 
20:45 | 385.73 | 386.51 | 385.42 | 385.94 | 1664635 
14:30 | 381.60 | 383.38 | 379.48 | 382.89 | 3703936 
14:45 | 382.85 | 384.44 | 382.39 | 384.02 | 2575443 
15:00 | 384.04 | 384.30 | 381.39 | 382.74 | 2405799 
15:15 | 382.72 | 383.35 | 381.21 | 381.22 | 1537395 
15:30 | 381.21 | 382.61 | 379.93 | 380.11 | 1954874 
15:45 | 380.09 | 380.81 | 377.98 | 379.60 | 2267552 
16:00 | 379.61 | 380.65 | 379.45 | 379.94 | 1330637 [ENTRADA]
16:15 | 379.91 | 380.47 | 378.90 | 380.00 | 1223981 
16:30 | 380.01 | 380.53 | 379.47 | 379.99 | 933672 
16:45 | 380.00 | 381.09 | 379.47 | 379.75 | 1056691 
17:00 | 379.73 | 379.86 | 378.90 | 379.21 | 926576 
17:15 | 379.23 | 379.23 | 376.96 | 377.22 | 1661911 
17:30 | 377.25 | 377.89 | 376.64 | 377.19 | 1259612 
17:45 | 377.19 | 377.84 | 376.43 | 377.66 | 1118901 
18:00 | 377.69 | 378.10 | 376.88 | 376.92 | 980523 
18:15 | 376.90 | 377.37 | 376.32 | 377.02 | 940853 
18:30 | 377.01 | 377.71 | 376.05 | 376.06 | 1108120 
18:45 | 376.08 | 376.31 | 374.61 | 374.88 | 1598429 
19:00 | 374.86 | 375.76 | 374.82 | 375.48 | 1228367 
19:15 | 375.46 | 375.83 | 374.41 | 374.75 | 1182096 
19:30 | 374.77 | 375.84 | 374.75 | 375.14 | 1182566 
19:45 | 375.12 | 375.58 | 374.28 | 374.55 | 1184510 
20:00 | 374.55 | 374.78 | 372.51 | 372.84 | 1866896 
20:15 | 372.85 | 373.71 | 372.59 | 373.15 | 1591141 
20:30 | 373.15 | 373.30 | 372.47 | 372.80 | 1481900 
20:45 | 372.79 | 374.00 | 371.87 | 372.24 | 2892337 
14:30 | 369.80 | 369.86 | 363.52 | 364.64 | 4353003 
14:45 | 364.57 | 366.75 | 361.37 | 362.56 | 3563354 
15:00 | 362.56 | 364.11 | 361.93 | 363.58 | 2463099 
15:15 | 363.58 | 364.44 | 362.51 | 363.12 | 2037463 
15:30 | 363.08 | 364.73 | 363.01 | 364.15 | 1761181 
15:45 | 364.12 | 366.00 | 363.52 | 365.35 | 1939458 
16:00 | 365.33 | 367.07 | 365.33 | 366.06 | 1721170 
RESULTADO: EXITO
============================================================


============================================================
ANALISIS: MSFT | P2TrendPutStrategy | ENTRADA: 371.00 | TP: 369.50 | SL: 374.00
Hora  |  Open  |  High  |  Low   |  Close |  Vol
17:00 | 372.64 | 372.88 | 372.15 | 372.74 | 835645 
17:15 | 372.74 | 374.10 | 372.72 | 373.95 | 681729 
17:30 | 373.92 | 374.23 | 372.70 | 373.42 | 529355 
17:45 | 373.46 | 373.96 | 373.16 | 373.59 | 511672 
18:00 | 373.62 | 373.79 | 372.03 | 372.72 | 734608 
18:15 | 372.72 | 372.88 | 371.85 | 372.83 | 763285 
18:30 | 372.83 | 373.29 | 372.41 | 372.63 | 531251 
18:45 | 372.63 | 373.61 | 372.45 | 373.18 | 600121 
19:00 | 373.19 | 374.06 | 373.14 | 373.89 | 532557 
19:15 | 373.92 | 374.25 | 373.34 | 373.91 | 592955 
19:30 | 373.91 | 375.44 | 373.74 | 374.27 | 788198 
19:45 | 374.29 | 374.32 | 373.19 | 373.44 | 478907 
20:00 | 373.44 | 374.41 | 373.44 | 374.37 | 627886 
20:15 | 374.38 | 374.59 | 373.76 | 373.97 | 601718 
20:30 | 373.98 | 374.26 | 373.19 | 373.63 | 648853 
20:45 | 373.61 | 373.61 | 372.00 | 372.75 | 1986402 
14:30 | 376.93 | 377.06 | 373.51 | 373.70 | 2206285 
14:45 | 373.71 | 374.54 | 373.16 | 373.40 | 1289026 
15:00 | 373.41 | 374.25 | 372.62 | 374.16 | 1247270 
15:15 | 374.15 | 374.38 | 373.17 | 373.74 | 698322 
15:30 | 373.75 | 374.20 | 373.24 | 373.26 | 631364 
15:45 | 373.33 | 373.80 | 372.70 | 373.25 | 867809 
16:00 | 373.24 | 373.45 | 370.46 | 370.49 | 1047481 
16:15 | 370.47 | 371.42 | 369.74 | 371.42 | 1110315 
16:30 | 371.42 | 371.58 | 370.05 | 370.31 | 757352 
16:45 | 370.31 | 370.74 | 369.98 | 370.42 | 696362 
17:00 | 370.39 | 370.57 | 369.97 | 370.30 | 497726 [ENTRADA]
17:15 | 370.29 | 371.14 | 370.25 | 370.88 | 740463 
17:30 | 370.88 | 371.56 | 370.67 | 371.36 | 428583 
17:45 | 371.36 | 371.39 | 370.72 | 371.00 | 359910 
18:00 | 371.00 | 371.20 | 370.42 | 370.84 | 476760 
18:15 | 370.84 | 371.66 | 370.57 | 371.39 | 507736 
18:30 | 371.40 | 371.55 | 370.86 | 371.07 | 635272 
18:45 | 371.10 | 371.46 | 370.51 | 371.00 | 404274 
19:00 | 370.99 | 371.10 | 370.42 | 370.74 | 387394 
19:15 | 370.74 | 370.81 | 369.99 | 370.03 | 485084 
19:30 | 370.04 | 370.55 | 369.99 | 370.42 | 426534 
19:45 | 370.39 | 370.51 | 369.63 | 370.30 | 620560 
20:00 | 370.30 | 370.30 | 369.64 | 370.04 | 629638 
20:15 | 370.02 | 370.73 | 369.96 | 370.39 | 531532 
20:30 | 370.38 | 370.65 | 370.05 | 370.51 | 478924 
20:45 | 370.50 | 371.36 | 370.41 | 371.03 | 1484576 
14:30 | 370.89 | 372.65 | 369.28 | 372.18 | 2410704 
14:45 | 372.16 | 373.83 | 371.45 | 373.74 | 1694408 
15:00 | 373.77 | 374.72 | 372.30 | 372.56 | 1349761 
15:15 | 372.56 | 372.66 | 371.72 | 371.94 | 899134 
15:30 | 371.95 | 372.40 | 370.70 | 371.04 | 876130 

============================================================
ANALISIS: NVDA | P2TrendPutStrategy | ENTRADA: 173.83 | TP: 172.33 | SL: 178.33
Hora  |  Open  |  High  |  Low   |  Close |  Vol
17:00 | 179.38 | 179.44 | 178.73 | 179.15 | 3463883 
17:15 | 179.14 | 179.44 | 178.85 | 179.12 | 3483740 
17:30 | 179.11 | 179.34 | 178.94 | 179.20 | 2473915 
17:45 | 179.20 | 179.30 | 178.87 | 178.93 | 2333121 
18:00 | 178.93 | 179.16 | 178.51 | 178.94 | 2944232 
18:15 | 178.93 | 179.13 | 178.54 | 178.93 | 2050335 
18:30 | 178.94 | 179.57 | 178.66 | 179.36 | 2673260 
18:45 | 179.36 | 179.37 | 178.80 | 178.99 | 2588686 
19:00 | 178.98 | 179.17 | 178.80 | 179.06 | 1954805 
19:15 | 179.06 | 179.32 | 178.99 | 179.02 | 1754352 
19:30 | 179.02 | 179.20 | 178.75 | 178.81 | 2659420 
19:45 | 178.80 | 178.87 | 178.07 | 178.31 | 3125564 
20:00 | 178.31 | 178.48 | 177.83 | 178.46 | 3577623 
20:15 | 178.46 | 178.84 | 178.44 | 178.60 | 3173649 
20:30 | 178.59 | 178.81 | 178.25 | 178.56 | 3012556 
20:45 | 178.56 | 179.12 | 178.48 | 178.67 | 5194178 
14:30 | 176.15 | 176.51 | 175.17 | 175.96 | 8745160 
14:45 | 175.99 | 176.04 | 175.20 | 175.68 | 6420133 
15:00 | 175.69 | 175.87 | 175.00 | 175.25 | 6127457 
15:15 | 175.25 | 175.44 | 174.80 | 174.82 | 4519149 
15:30 | 174.81 | 175.16 | 173.86 | 173.96 | 6724443 
15:45 | 173.95 | 174.12 | 173.01 | 173.61 | 8048584 
16:00 | 173.62 | 174.14 | 173.60 | 173.97 | 5354828 
16:15 | 173.97 | 174.28 | 173.85 | 174.07 | 4148088 
16:30 | 174.07 | 174.49 | 173.70 | 174.44 | 4275664 
16:45 | 174.44 | 174.83 | 174.39 | 174.66 | 3674350 
17:00 | 174.66 | 174.74 | 174.22 | 174.43 | 2586539 [ENTRADA]
17:15 | 174.42 | 174.43 | 173.77 | 173.78 | 3151867 
17:30 | 173.78 | 173.97 | 173.59 | 173.89 | 2966257 
17:45 | 173.88 | 173.92 | 173.47 | 173.83 | 2918796 
18:00 | 173.82 | 174.00 | 173.57 | 173.81 | 2181351 
18:15 | 173.81 | 173.97 | 173.33 | 173.54 | 2471906 
18:30 | 173.54 | 173.72 | 172.98 | 172.98 | 3171320 
18:45 | 172.98 | 173.05 | 171.84 | 171.93 | 6330794 
19:00 | 171.92 | 172.50 | 171.91 | 172.40 | 4965875 
19:15 | 172.40 | 172.47 | 172.01 | 172.09 | 3405538 
19:30 | 172.09 | 172.38 | 172.03 | 172.15 | 3062398 
19:45 | 172.15 | 172.51 | 171.97 | 172.29 | 3195654 
20:00 | 172.30 | 172.36 | 171.55 | 171.96 | 4604726 
20:15 | 171.97 | 172.39 | 171.96 | 172.13 | 3784150 
20:30 | 172.12 | 172.15 | 171.72 | 171.83 | 3821343 
20:45 | 171.82 | 171.93 | 171.14 | 171.22 | 10014618 
14:30 | 170.00 | 170.97 | 169.08 | 170.13 | 11727000 
14:45 | 170.12 | 170.76 | 168.16 | 168.41 | 9323067 
15:00 | 168.41 | 169.39 | 168.15 | 168.85 | 8246256 
15:15 | 168.86 | 169.13 | 167.80 | 167.85 | 6752556 
15:45 | 371.05 | 371.77 | 370.50 | 371.36 | 844660 
16:00 | 371.42 | 371.57 | 369.99 | 370.14 | 917102 
16:15 | 370.15 | 370.52 | 369.55 | 369.98 | 961845 
16:30 | 369.98 | 370.08 | 368.04 | 368.27 | 1547914 
16:45 | 368.31 | 369.20 | 367.74 | 367.99 | 925538 
17:00 | 367.98 | 368.36 | 367.72 | 367.86 | 511634 

============================================================
ANALISIS: TSLA | P2TrendPutStrategy | ENTRADA: 377.66 | TP: 376.16 | SL: 382.16
Hora  |  Open  |  High  |  Low   |  Close |  Vol
15:30 | 167.83 | 168.28 | 167.55 | 168.00 | 6145086 
15:45 | 167.99 | 168.92 | 167.95 | 168.67 | 6200580 
16:00 | 168.68 | 169.13 | 168.56 | 168.62 | 4721804 
16:15 | 168.62 | 169.57 | 168.25 | 169.55 | 5609911 
16:30 | 169.56 | 169.94 | 169.18 | 169.35 | 4695610 
16:45 | 169.36 | 169.73 | 169.33 | 169.55 | 3227297 
17:00 | 169.56 | 169.64 | 169.13 | 169.34 | 2966772 
RESULTADO: EXITO
============================================================

RESULTADO: EXITO
============================================================

17:00 | 388.86 | 389.47 | 387.84 | 388.22 | 1656405 
17:15 | 388.19 | 389.79 | 387.60 | 389.14 | 1431754 
17:30 | 389.11 | 390.16 | 388.81 | 389.52 | 1192034 
17:45 | 389.58 | 389.76 | 388.64 | 389.37 | 1039120 
18:00 | 389.37 | 389.65 | 387.84 | 388.84 | 1188359 
18:15 | 388.82 | 388.88 | 387.98 | 388.30 | 1049963 
18:30 | 388.31 | 389.75 | 387.68 | 389.27 | 1169827 
18:45 | 389.27 | 389.31 | 387.33 | 388.28 | 1436060 
19:00 | 388.21 | 388.35 | 387.45 | 388.11 | 890962 
19:15 | 388.14 | 388.92 | 387.56 | 387.66 | 1014850 
19:30 | 387.65 | 387.87 | 386.51 | 386.69 | 1373058 
19:45 | 386.69 | 387.10 | 385.47 | 386.19 | 1292629 
20:00 | 386.23 | 386.23 | 385.07 | 385.64 | 1466330 
20:15 | 385.65 | 386.97 | 385.46 | 385.49 | 1349350 
20:30 | 385.47 | 386.29 | 385.01 | 385.77 | 1229082 
20:45 | 385.73 | 386.51 | 385.42 | 385.94 | 1664635 
14:30 | 381.60 | 383.38 | 379.48 | 382.89 | 3703936 
14:45 | 382.85 | 384.44 | 382.39 | 384.02 | 2575443 
15:00 | 384.04 | 384.30 | 381.39 | 382.74 | 2405799 
15:15 | 382.72 | 383.35 | 381.21 | 381.22 | 1537395 
15:30 | 381.21 | 382.61 | 379.93 | 380.11 | 1954874 
15:45 | 380.09 | 380.81 | 377.98 | 379.60 | 2267552 
16:00 | 379.61 | 380.65 | 379.45 | 379.94 | 1330637 
16:15 | 379.91 | 380.47 | 378.90 | 380.00 | 1223981 
16:30 | 380.01 | 380.53 | 379.47 | 379.99 | 933672 
16:45 | 380.00 | 381.09 | 379.47 | 379.75 | 1056691 
17:00 | 379.73 | 379.86 | 378.90 | 379.21 | 926576 [ENTRADA]
17:15 | 379.23 | 379.23 | 376.96 | 377.22 | 1661911 
17:30 | 377.25 | 377.89 | 376.64 | 377.19 | 1259612 
17:45 | 377.19 | 377.84 | 376.43 | 377.66 | 1118901 
18:00 | 377.69 | 378.10 | 376.88 | 376.92 | 980523 
18:15 | 376.90 | 377.37 | 376.32 | 377.02 | 940853 
18:30 | 377.01 | 377.71 | 376.05 | 376.06 | 1108120 
18:45 | 376.08 | 376.31 | 374.61 | 374.88 | 1598429 
19:00 | 374.86 | 375.76 | 374.82 | 375.48 | 1228367 
19:15 | 375.46 | 375.83 | 374.41 | 374.75 | 1182096 
19:30 | 374.77 | 375.84 | 374.75 | 375.14 | 1182566 
19:45 | 375.12 | 375.58 | 374.28 | 374.55 | 1184510 
20:00 | 374.55 | 374.78 | 372.51 | 372.84 | 1866896 
20:15 | 372.85 | 373.71 | 372.59 | 373.15 | 1591141 
20:30 | 373.15 | 373.30 | 372.47 | 372.80 | 1481900 
20:45 | 372.79 | 374.00 | 371.87 | 372.24 | 2892337 
14:30 | 369.80 | 369.86 | 363.52 | 364.64 | 4353003 
14:45 | 364.57 | 366.75 | 361.37 | 362.56 | 3563354 
15:00 | 362.56 | 364.11 | 361.93 | 363.58 | 2463099 
15:15 | 363.58 | 364.44 | 362.51 | 363.12 | 2037463 
15:30 | 363.08 | 364.73 | 363.01 | 364.15 | 1761181 
15:45 | 364.12 | 366.00 | 363.52 | 365.35 | 1939458 
16:00 | 365.33 | 367.07 | 365.33 | 366.06 | 1721170 
16:15 | 366.05 | 367.28 | 364.60 | 367.23 | 1814536 
16:30 | 367.26 | 368.31 | 366.78 | 367.51 | 1622368 
16:45 | 367.52 | 367.93 | 366.51 | 366.84 | 1031925 
17:00 | 366.87 | 366.97 | 365.05 | 365.45 | 1234522 
RESULTADO: EXITO
============================================================


============================================================
ANALISIS: NVDA | P2TrendPutStrategy | ENTRADA: 171.93 | TP: 170.43 | SL: 176.43
Hora  |  Open  |  High  |  Low   |  Close |  Vol
18:00 | 178.93 | 179.16 | 178.51 | 178.94 | 2944232 
18:15 | 178.93 | 179.13 | 178.54 | 178.93 | 2050335 
18:30 | 178.94 | 179.57 | 178.66 | 179.36 | 2673260 
18:45 | 179.36 | 179.37 | 178.80 | 178.99 | 2588686 
19:00 | 178.98 | 179.17 | 178.80 | 179.06 | 1954805 
19:15 | 179.06 | 179.32 | 178.99 | 179.02 | 1754352 
19:30 | 179.02 | 179.20 | 178.75 | 178.81 | 2659420 
19:45 | 178.80 | 178.87 | 178.07 | 178.31 | 3125564 
20:00 | 178.31 | 178.48 | 177.83 | 178.46 | 3577623 
20:15 | 178.46 | 178.84 | 178.44 | 178.60 | 3173649 
20:30 | 178.59 | 178.81 | 178.25 | 178.56 | 3012556 
20:45 | 178.56 | 179.12 | 178.48 | 178.67 | 5194178 
14:30 | 176.15 | 176.51 | 175.17 | 175.96 | 8745160 
14:45 | 175.99 | 176.04 | 175.20 | 175.68 | 6420133 
15:00 | 175.69 | 175.87 | 175.00 | 175.25 | 6127457 
15:15 | 175.25 | 175.44 | 174.80 | 174.82 | 4519149 
15:30 | 174.81 | 175.16 | 173.86 | 173.96 | 6724443 
15:45 | 173.95 | 174.12 | 173.01 | 173.61 | 8048584 
16:00 | 173.62 | 174.14 | 173.60 | 173.97 | 5354828 
16:15 | 173.97 | 174.28 | 173.85 | 174.07 | 4148088 
16:30 | 174.07 | 174.49 | 173.70 | 174.44 | 4275664 
16:45 | 174.44 | 174.83 | 174.39 | 174.66 | 3674350 
17:00 | 174.66 | 174.74 | 174.22 | 174.43 | 2586539 
17:15 | 174.42 | 174.43 | 173.77 | 173.78 | 3151867 
17:30 | 173.78 | 173.97 | 173.59 | 173.89 | 2966257 
17:45 | 173.88 | 173.92 | 173.47 | 173.83 | 2918796 
18:00 | 173.82 | 174.00 | 173.57 | 173.81 | 2181351 [ENTRADA]
18:15 | 173.81 | 173.97 | 173.33 | 173.54 | 2471906 
18:30 | 173.54 | 173.72 | 172.98 | 172.98 | 3171320 
18:45 | 172.98 | 173.05 | 171.84 | 171.93 | 6330794 
19:00 | 171.92 | 172.50 | 171.91 | 172.40 | 4965875 
19:15 | 172.40 | 172.47 | 172.01 | 172.09 | 3405538 

============================================================
ANALISIS: MSFT | P2TrendPutStrategy | ENTRADA: 371.00 | TP: 369.50 | SL: 374.00
Hora  |  Open  |  High  |  Low   |  Close |  Vol
19:30 | 172.09 | 172.38 | 172.03 | 172.15 | 3062398 
19:45 | 172.15 | 172.51 | 171.97 | 172.29 | 3195654 
20:00 | 172.30 | 172.36 | 171.55 | 171.96 | 4604726 
20:15 | 171.97 | 172.39 | 171.96 | 172.13 | 3784150 
20:30 | 172.12 | 172.15 | 171.72 | 171.83 | 3821343 
20:45 | 171.82 | 171.93 | 171.14 | 171.22 | 10014618 
14:30 | 170.00 | 170.97 | 169.08 | 170.13 | 11727000 
14:45 | 170.12 | 170.76 | 168.16 | 168.41 | 9323067 
15:00 | 168.41 | 169.39 | 168.15 | 168.85 | 8246256 
15:15 | 168.86 | 169.13 | 167.80 | 167.85 | 6752556 
15:30 | 167.83 | 168.28 | 167.55 | 168.00 | 6145086 
15:45 | 167.99 | 168.92 | 167.95 | 168.67 | 6200580 
16:00 | 168.68 | 169.13 | 168.56 | 168.62 | 4721804 
16:15 | 168.62 | 169.57 | 168.25 | 169.55 | 5609911 
16:30 | 169.56 | 169.94 | 169.18 | 169.35 | 4695610 
16:45 | 169.36 | 169.73 | 169.33 | 169.55 | 3227297 
17:00 | 169.56 | 169.64 | 169.13 | 169.34 | 2966772 
17:15 | 169.34 | 169.34 | 168.71 | 168.82 | 3159995 
17:30 | 168.81 | 168.95 | 168.37 | 168.88 | 3458910 
17:45 | 168.88 | 169.20 | 168.80 | 168.87 | 2664202 
18:00 | 168.87 | 169.27 | 168.58 | 168.69 | 3019255 
18:00 | 373.62 | 373.79 | 372.03 | 372.72 | 734608 
18:15 | 372.72 | 372.88 | 371.85 | 372.83 | 763285 
18:30 | 372.83 | 373.29 | 372.41 | 372.63 | 531251 
18:45 | 372.63 | 373.61 | 372.45 | 373.18 | 600121 
19:00 | 373.19 | 374.06 | 373.14 | 373.89 | 532557 
19:15 | 373.92 | 374.25 | 373.34 | 373.91 | 592955 
19:30 | 373.91 | 375.44 | 373.74 | 374.27 | 788198 
19:45 | 374.29 | 374.32 | 373.19 | 373.44 | 478907 
20:00 | 373.44 | 374.41 | 373.44 | 374.37 | 627886 
20:15 | 374.38 | 374.59 | 373.76 | 373.97 | 601718 
20:30 | 373.98 | 374.26 | 373.19 | 373.63 | 648853 
20:45 | 373.61 | 373.61 | 372.00 | 372.75 | 1986402 
14:30 | 376.93 | 377.06 | 373.51 | 373.70 | 2206285 
14:45 | 373.71 | 374.54 | 373.16 | 373.40 | 1289026 
15:00 | 373.41 | 374.25 | 372.62 | 374.16 | 1247270 
15:15 | 374.15 | 374.38 | 373.17 | 373.74 | 698322 
15:30 | 373.75 | 374.20 | 373.24 | 373.26 | 631364 
15:45 | 373.33 | 373.80 | 372.70 | 373.25 | 867809 
16:00 | 373.24 | 373.45 | 370.46 | 370.49 | 1047481 
16:15 | 370.47 | 371.42 | 369.74 | 371.42 | 1110315 
16:30 | 371.42 | 371.58 | 370.05 | 370.31 | 757352 
16:45 | 370.31 | 370.74 | 369.98 | 370.42 | 696362 
17:00 | 370.39 | 370.57 | 369.97 | 370.30 | 497726 

============================================================
ANALISIS: TSLA | P2TrendPutStrategy | ENTRADA: 374.88 | TP: 373.38 | SL: 379.38
Hora  |  Open  |  High  |  Low   |  Close |  Vol
RESULTADO: EXITO
============================================================

17:15 | 370.29 | 371.14 | 370.25 | 370.88 | 740463 
17:30 | 370.88 | 371.56 | 370.67 | 371.36 | 428583 
17:45 | 371.36 | 371.39 | 370.72 | 371.00 | 359910 
18:00 | 371.00 | 371.20 | 370.42 | 370.84 | 476760 [ENTRADA]
18:15 | 370.84 | 371.66 | 370.57 | 371.39 | 507736 
18:30 | 371.40 | 371.55 | 370.86 | 371.07 | 635272 
18:45 | 371.10 | 371.46 | 370.51 | 371.00 | 404274 
19:00 | 370.99 | 371.10 | 370.42 | 370.74 | 387394 
19:15 | 370.74 | 370.81 | 369.99 | 370.03 | 485084 
19:30 | 370.04 | 370.55 | 369.99 | 370.42 | 426534 
19:45 | 370.39 | 370.51 | 369.63 | 370.30 | 620560 
20:00 | 370.30 | 370.30 | 369.64 | 370.04 | 629638 
20:15 | 370.02 | 370.73 | 369.96 | 370.39 | 531532 
20:30 | 370.38 | 370.65 | 370.05 | 370.51 | 478924 
20:45 | 370.50 | 371.36 | 370.41 | 371.03 | 1484576 
14:30 | 370.89 | 372.65 | 369.28 | 372.18 | 2410704 
14:45 | 372.16 | 373.83 | 371.45 | 373.74 | 1694408 
15:00 | 373.77 | 374.72 | 372.30 | 372.56 | 1349761 
15:15 | 372.56 | 372.66 | 371.72 | 371.94 | 899134 
15:30 | 371.95 | 372.40 | 370.70 | 371.04 | 876130 
15:45 | 371.05 | 371.77 | 370.50 | 371.36 | 844660 
16:00 | 371.42 | 371.57 | 369.99 | 370.14 | 917102 
16:15 | 370.15 | 370.52 | 369.55 | 369.98 | 961845 
16:30 | 369.98 | 370.08 | 368.04 | 368.27 | 1547914 
16:45 | 368.31 | 369.20 | 367.74 | 367.99 | 925538 
17:00 | 367.98 | 368.36 | 367.72 | 367.86 | 511634 
17:15 | 367.82 | 368.01 | 367.05 | 367.42 | 856331 
17:30 | 367.42 | 368.05 | 367.03 | 368.03 | 620586 
17:45 | 368.04 | 368.56 | 367.92 | 368.14 | 542600 
18:00 | 368.15 | 368.37 | 367.79 | 367.89 | 477739 
18:00 | 389.37 | 389.65 | 387.84 | 388.84 | 1188359 
18:15 | 388.82 | 388.88 | 387.98 | 388.30 | 1049963 
18:30 | 388.31 | 389.75 | 387.68 | 389.27 | 1169827 
18:45 | 389.27 | 389.31 | 387.33 | 388.28 | 1436060 
19:00 | 388.21 | 388.35 | 387.45 | 388.11 | 890962 
19:15 | 388.14 | 388.92 | 387.56 | 387.66 | 1014850 
19:30 | 387.65 | 387.87 | 386.51 | 386.69 | 1373058 
19:45 | 386.69 | 387.10 | 385.47 | 386.19 | 1292629 
20:00 | 386.23 | 386.23 | 385.07 | 385.64 | 1466330 
20:15 | 385.65 | 386.97 | 385.46 | 385.49 | 1349350 
20:30 | 385.47 | 386.29 | 385.01 | 385.77 | 1229082 
20:45 | 385.73 | 386.51 | 385.42 | 385.94 | 1664635 
14:30 | 381.60 | 383.38 | 379.48 | 382.89 | 3703936 
14:45 | 382.85 | 384.44 | 382.39 | 384.02 | 2575443 
15:00 | 384.04 | 384.30 | 381.39 | 382.74 | 2405799 
15:15 | 382.72 | 383.35 | 381.21 | 381.22 | 1537395 
RESULTADO: EXITO
============================================================

15:30 | 381.21 | 382.61 | 379.93 | 380.11 | 1954874 
15:45 | 380.09 | 380.81 | 377.98 | 379.60 | 2267552 
16:00 | 379.61 | 380.65 | 379.45 | 379.94 | 1330637 
16:15 | 379.91 | 380.47 | 378.90 | 380.00 | 1223981 
16:30 | 380.01 | 380.53 | 379.47 | 379.99 | 933672 
16:45 | 380.00 | 381.09 | 379.47 | 379.75 | 1056691 
17:00 | 379.73 | 379.86 | 378.90 | 379.21 | 926576 
17:15 | 379.23 | 379.23 | 376.96 | 377.22 | 1661911 
17:30 | 377.25 | 377.89 | 376.64 | 377.19 | 1259612 
17:45 | 377.19 | 377.84 | 376.43 | 377.66 | 1118901 
18:00 | 377.69 | 378.10 | 376.88 | 376.92 | 980523 [ENTRADA]
18:15 | 376.90 | 377.37 | 376.32 | 377.02 | 940853 
18:30 | 377.01 | 377.71 | 376.05 | 376.06 | 1108120 
18:45 | 376.08 | 376.31 | 374.61 | 374.88 | 1598429 
19:00 | 374.86 | 375.76 | 374.82 | 375.48 | 1228367 
19:15 | 375.46 | 375.83 | 374.41 | 374.75 | 1182096 
19:30 | 374.77 | 375.84 | 374.75 | 375.14 | 1182566 
19:45 | 375.12 | 375.58 | 374.28 | 374.55 | 1184510 
20:00 | 374.55 | 374.78 | 372.51 | 372.84 | 1866896 
20:15 | 372.85 | 373.71 | 372.59 | 373.15 | 1591141 
20:30 | 373.15 | 373.30 | 372.47 | 372.80 | 1481900 
20:45 | 372.79 | 374.00 | 371.87 | 372.24 | 2892337 
14:30 | 369.80 | 369.86 | 363.52 | 364.64 | 4353003 
14:45 | 364.57 | 366.75 | 361.37 | 362.56 | 3563354 
15:00 | 362.56 | 364.11 | 361.93 | 363.58 | 2463099 
15:15 | 363.58 | 364.44 | 362.51 | 363.12 | 2037463 
15:30 | 363.08 | 364.73 | 363.01 | 364.15 | 1761181 
15:45 | 364.12 | 366.00 | 363.52 | 365.35 | 1939458 
16:00 | 365.33 | 367.07 | 365.33 | 366.06 | 1721170 
16:15 | 366.05 | 367.28 | 364.60 | 367.23 | 1814536 
16:30 | 367.26 | 368.31 | 366.78 | 367.51 | 1622368 
16:45 | 367.52 | 367.93 | 366.51 | 366.84 | 1031925 
17:00 | 366.87 | 366.97 | 365.05 | 365.45 | 1234522 
17:15 | 365.45 | 365.63 | 364.20 | 364.45 | 949994 
17:30 | 364.43 | 364.69 | 363.15 | 364.06 | 1321788 
17:45 | 364.04 | 364.57 | 363.50 | 363.81 | 1130513 
18:00 | 363.83 | 364.72 | 363.05 | 363.72 | 1372068 
RESULTADO: EXITO
============================================================


============================================================
ANALISIS: NVDA | P2TrendPutStrategy | ENTRADA: 172.29 | TP: 170.79 | SL: 176.79
Hora  |  Open  |  High  |  Low   |  Close |  Vol
19:00 | 178.98 | 179.17 | 178.80 | 179.06 | 1954805 
19:15 | 179.06 | 179.32 | 178.99 | 179.02 | 1754352 
19:30 | 179.02 | 179.20 | 178.75 | 178.81 | 2659420 
19:45 | 178.80 | 178.87 | 178.07 | 178.31 | 3125564 
20:00 | 178.31 | 178.48 | 177.83 | 178.46 | 3577623 
20:15 | 178.46 | 178.84 | 178.44 | 178.60 | 3173649 
20:30 | 178.59 | 178.81 | 178.25 | 178.56 | 3012556 
20:45 | 178.56 | 179.12 | 178.48 | 178.67 | 5194178 
14:30 | 176.15 | 176.51 | 175.17 | 175.96 | 8745160 
14:45 | 175.99 | 176.04 | 175.20 | 175.68 | 6420133 
15:00 | 175.69 | 175.87 | 175.00 | 175.25 | 6127457 
15:15 | 175.25 | 175.44 | 174.80 | 174.82 | 4519149 
15:30 | 174.81 | 175.16 | 173.86 | 173.96 | 6724443 
15:45 | 173.95 | 174.12 | 173.01 | 173.61 | 8048584 
16:00 | 173.62 | 174.14 | 173.60 | 173.97 | 5354828 
16:15 | 173.97 | 174.28 | 173.85 | 174.07 | 4148088 
16:30 | 174.07 | 174.49 | 173.70 | 174.44 | 4275664 
16:45 | 174.44 | 174.83 | 174.39 | 174.66 | 3674350 
17:00 | 174.66 | 174.74 | 174.22 | 174.43 | 2586539 
17:15 | 174.42 | 174.43 | 173.77 | 173.78 | 3151867 
17:30 | 173.78 | 173.97 | 173.59 | 173.89 | 2966257 
17:45 | 173.88 | 173.92 | 173.47 | 173.83 | 2918796 
18:00 | 173.82 | 174.00 | 173.57 | 173.81 | 2181351 
18:15 | 173.81 | 173.97 | 173.33 | 173.54 | 2471906 
18:30 | 173.54 | 173.72 | 172.98 | 172.98 | 3171320 
18:45 | 172.98 | 173.05 | 171.84 | 171.93 | 6330794 
19:00 | 171.92 | 172.50 | 171.91 | 172.40 | 4965875 [ENTRADA]
19:15 | 172.40 | 172.47 | 172.01 | 172.09 | 3405538 
19:30 | 172.09 | 172.38 | 172.03 | 172.15 | 3062398 
19:45 | 172.15 | 172.51 | 171.97 | 172.29 | 3195654 
20:00 | 172.30 | 172.36 | 171.55 | 171.96 | 4604726 
20:15 | 171.97 | 172.39 | 171.96 | 172.13 | 3784150 
20:30 | 172.12 | 172.15 | 171.72 | 171.83 | 3821343 
20:45 | 171.82 | 171.93 | 171.14 | 171.22 | 10014618 
14:30 | 170.00 | 170.97 | 169.08 | 170.13 | 11727000 
14:45 | 170.12 | 170.76 | 168.16 | 168.41 | 9323067 
15:00 | 168.41 | 169.39 | 168.15 | 168.85 | 8246256 
15:15 | 168.86 | 169.13 | 167.80 | 167.85 | 6752556 
15:30 | 167.83 | 168.28 | 167.55 | 168.00 | 6145086 
15:45 | 167.99 | 168.92 | 167.95 | 168.67 | 6200580 
16:00 | 168.68 | 169.13 | 168.56 | 168.62 | 4721804 
16:15 | 168.62 | 169.57 | 168.25 | 169.55 | 5609911 
16:30 | 169.56 | 169.94 | 169.18 | 169.35 | 4695610 
16:45 | 169.36 | 169.73 | 169.33 | 169.55 | 3227297 
17:00 | 169.56 | 169.64 | 169.13 | 169.34 | 2966772 
17:15 | 169.34 | 169.34 | 168.71 | 168.82 | 3159995 
17:30 | 168.81 | 168.95 | 168.37 | 168.88 | 3458910 
17:45 | 168.88 | 169.20 | 168.80 | 168.87 | 2664202 
18:00 | 168.87 | 169.27 | 168.58 | 168.69 | 3019255 
18:15 | 168.68 | 168.74 | 167.83 | 167.84 | 3533340 
18:30 | 167.84 | 168.23 | 167.83 | 167.91 | 2700536 
18:45 | 167.91 | 168.07 | 167.60 | 167.88 | 3219580 
19:00 | 167.87 | 168.06 | 167.77 | 168.02 | 3134468 
RESULTADO: EXITO
============================================================


============================================================
ANALISIS: MSFT | P2TrendPutStrategy | ENTRADA: 370.30 | TP: 368.80 | SL: 373.30
Hora  |  Open  |  High  |  Low   |  Close |  Vol
19:00 | 373.19 | 374.06 | 373.14 | 373.89 | 532557 
19:15 | 373.92 | 374.25 | 373.34 | 373.91 | 592955 
19:30 | 373.91 | 375.44 | 373.74 | 374.27 | 788198 
19:45 | 374.29 | 374.32 | 373.19 | 373.44 | 478907 
20:00 | 373.44 | 374.41 | 373.44 | 374.37 | 627886 
20:15 | 374.38 | 374.59 | 373.76 | 373.97 | 601718 
20:30 | 373.98 | 374.26 | 373.19 | 373.63 | 648853 
20:45 | 373.61 | 373.61 | 372.00 | 372.75 | 1986402 
14:30 | 376.93 | 377.06 | 373.51 | 373.70 | 2206285 
14:45 | 373.71 | 374.54 | 373.16 | 373.40 | 1289026 
15:00 | 373.41 | 374.25 | 372.62 | 374.16 | 1247270 
15:15 | 374.15 | 374.38 | 373.17 | 373.74 | 698322 
15:30 | 373.75 | 374.20 | 373.24 | 373.26 | 631364 
15:45 | 373.33 | 373.80 | 372.70 | 373.25 | 867809 
16:00 | 373.24 | 373.45 | 370.46 | 370.49 | 1047481 
16:15 | 370.47 | 371.42 | 369.74 | 371.42 | 1110315 
16:30 | 371.42 | 371.58 | 370.05 | 370.31 | 757352 
16:45 | 370.31 | 370.74 | 369.98 | 370.42 | 696362 
17:00 | 370.39 | 370.57 | 369.97 | 370.30 | 497726 
17:15 | 370.29 | 371.14 | 370.25 | 370.88 | 740463 
17:30 | 370.88 | 371.56 | 370.67 | 371.36 | 428583 
17:45 | 371.36 | 371.39 | 370.72 | 371.00 | 359910 
18:00 | 371.00 | 371.20 | 370.42 | 370.84 | 476760 
18:15 | 370.84 | 371.66 | 370.57 | 371.39 | 507736 
18:30 | 371.40 | 371.55 | 370.86 | 371.07 | 635272 
18:45 | 371.10 | 371.46 | 370.51 | 371.00 | 404274 
19:00 | 370.99 | 371.10 | 370.42 | 370.74 | 387394 [ENTRADA]

============================================================
ANALISIS: TSLA | P2TrendPutStrategy | ENTRADA: 374.55 | TP: 373.05 | SL: 379.05
Hora  |  Open  |  High  |  Low   |  Close |  Vol
19:00 | 388.21 | 388.35 | 387.45 | 388.11 | 890962 
19:15 | 388.14 | 388.92 | 387.56 | 387.66 | 1014850 
19:30 | 387.65 | 387.87 | 386.51 | 386.69 | 1373058 
19:45 | 386.69 | 387.10 | 385.47 | 386.19 | 1292629 
20:00 | 386.23 | 386.23 | 385.07 | 385.64 | 1466330 
20:15 | 385.65 | 386.97 | 385.46 | 385.49 | 1349350 
20:30 | 385.47 | 386.29 | 385.01 | 385.77 | 1229082 
20:45 | 385.73 | 386.51 | 385.42 | 385.94 | 1664635 
14:30 | 381.60 | 383.38 | 379.48 | 382.89 | 3703936 
14:45 | 382.85 | 384.44 | 382.39 | 384.02 | 2575443 
15:00 | 384.04 | 384.30 | 381.39 | 382.74 | 2405799 
15:15 | 382.72 | 383.35 | 381.21 | 381.22 | 1537395 
15:30 | 381.21 | 382.61 | 379.93 | 380.11 | 1954874 
15:45 | 380.09 | 380.81 | 377.98 | 379.60 | 2267552 
16:00 | 379.61 | 380.65 | 379.45 | 379.94 | 1330637 
16:15 | 379.91 | 380.47 | 378.90 | 380.00 | 1223981 
16:30 | 380.01 | 380.53 | 379.47 | 379.99 | 933672 
16:45 | 380.00 | 381.09 | 379.47 | 379.75 | 1056691 
17:00 | 379.73 | 379.86 | 378.90 | 379.21 | 926576 
17:15 | 379.23 | 379.23 | 376.96 | 377.22 | 1661911 
17:30 | 377.25 | 377.89 | 376.64 | 377.19 | 1259612 
17:45 | 377.19 | 377.84 | 376.43 | 377.66 | 1118901 
18:00 | 377.69 | 378.10 | 376.88 | 376.92 | 980523 
18:15 | 376.90 | 377.37 | 376.32 | 377.02 | 940853 
18:30 | 377.01 | 377.71 | 376.05 | 376.06 | 1108120 
18:45 | 376.08 | 376.31 | 374.61 | 374.88 | 1598429 
19:00 | 374.86 | 375.76 | 374.82 | 375.48 | 1228367 [ENTRADA]
19:15 | 375.46 | 375.83 | 374.41 | 374.75 | 1182096 
19:30 | 374.77 | 375.84 | 374.75 | 375.14 | 1182566 
19:45 | 375.12 | 375.58 | 374.28 | 374.55 | 1184510 
20:00 | 374.55 | 374.78 | 372.51 | 372.84 | 1866896 
20:15 | 372.85 | 373.71 | 372.59 | 373.15 | 1591141 
20:30 | 373.15 | 373.30 | 372.47 | 372.80 | 1481900 
20:45 | 372.79 | 374.00 | 371.87 | 372.24 | 2892337 
14:30 | 369.80 | 369.86 | 363.52 | 364.64 | 4353003 
14:45 | 364.57 | 366.75 | 361.37 | 362.56 | 3563354 
15:00 | 362.56 | 364.11 | 361.93 | 363.58 | 2463099 
15:15 | 363.58 | 364.44 | 362.51 | 363.12 | 2037463 
15:30 | 363.08 | 364.73 | 363.01 | 364.15 | 1761181 
15:45 | 364.12 | 366.00 | 363.52 | 365.35 | 1939458 
16:00 | 365.33 | 367.07 | 365.33 | 366.06 | 1721170 
16:15 | 366.05 | 367.28 | 364.60 | 367.23 | 1814536 
16:30 | 367.26 | 368.31 | 366.78 | 367.51 | 1622368 
16:45 | 367.52 | 367.93 | 366.51 | 366.84 | 1031925 
17:00 | 366.87 | 366.97 | 365.05 | 365.45 | 1234522 
17:15 | 365.45 | 365.63 | 364.20 | 364.45 | 949994 
17:30 | 364.43 | 364.69 | 363.15 | 364.06 | 1321788 
17:45 | 364.04 | 364.57 | 363.50 | 363.81 | 1130513 
18:00 | 363.83 | 364.72 | 363.05 | 363.72 | 1372068 
18:15 | 363.75 | 363.75 | 361.77 | 361.79 | 1549162 
18:30 | 361.82 | 362.50 | 360.62 | 360.79 | 1588027 
18:45 | 360.78 | 361.13 | 359.55 | 359.75 | 1828526 
19:00 | 359.74 | 360.58 | 359.53 | 360.38 | 1529173 
19:15 | 370.74 | 370.81 | 369.99 | 370.03 | 485084 
19:30 | 370.04 | 370.55 | 369.99 | 370.42 | 426534 
19:45 | 370.39 | 370.51 | 369.63 | 370.30 | 620560 
20:00 | 370.30 | 370.30 | 369.64 | 370.04 | 629638 
20:15 | 370.02 | 370.73 | 369.96 | 370.39 | 531532 
20:30 | 370.38 | 370.65 | 370.05 | 370.51 | 478924 
20:45 | 370.50 | 371.36 | 370.41 | 371.03 | 1484576 
14:30 | 370.89 | 372.65 | 369.28 | 372.18 | 2410704 
14:45 | 372.16 | 373.83 | 371.45 | 373.74 | 1694408 
15:00 | 373.77 | 374.72 | 372.30 | 372.56 | 1349761 
15:15 | 372.56 | 372.66 | 371.72 | 371.94 | 899134 
15:30 | 371.95 | 372.40 | 370.70 | 371.04 | 876130 
15:45 | 371.05 | 371.77 | 370.50 | 371.36 | 844660 
16:00 | 371.42 | 371.57 | 369.99 | 370.14 | 917102 
16:15 | 370.15 | 370.52 | 369.55 | 369.98 | 961845 
16:30 | 369.98 | 370.08 | 368.04 | 368.27 | 1547914 
16:45 | 368.31 | 369.20 | 367.74 | 367.99 | 925538 
17:00 | 367.98 | 368.36 | 367.72 | 367.86 | 511634 
17:15 | 367.82 | 368.01 | 367.05 | 367.42 | 856331 
17:30 | 367.42 | 368.05 | 367.03 | 368.03 | 620586 
17:45 | 368.04 | 368.56 | 367.92 | 368.14 | 542600 
18:00 | 368.15 | 368.37 | 367.79 | 367.89 | 477739 
18:15 | 367.88 | 368.55 | 367.71 | 368.44 | 680687 
18:30 | 368.42 | 368.65 | 367.04 | 367.24 | 719782 
18:45 | 367.23 | 367.41 | 366.56 | 366.91 | 604399 
19:00 | 366.92 | 367.44 | 366.77 | 367.40 | 493528 
RESULTADO: FALLO
============================================================

RESULTADO: EXITO
============================================================


============================================================
ANALISIS: NVDA | P2TrendPutStrategy | ENTRADA: 168.41 | TP: 166.91 | SL: 172.91
Hora  |  Open  |  High  |  Low   |  Close |  Vol
14:30 | 176.15 | 176.51 | 175.17 | 175.96 | 8745160 
14:45 | 175.99 | 176.04 | 175.20 | 175.68 | 6420133 
15:00 | 175.69 | 175.87 | 175.00 | 175.25 | 6127457 
15:15 | 175.25 | 175.44 | 174.80 | 174.82 | 4519149 
15:30 | 174.81 | 175.16 | 173.86 | 173.96 | 6724443 
15:45 | 173.95 | 174.12 | 173.01 | 173.61 | 8048584 
16:00 | 173.62 | 174.14 | 173.60 | 173.97 | 5354828 
16:15 | 173.97 | 174.28 | 173.85 | 174.07 | 4148088 
16:30 | 174.07 | 174.49 | 173.70 | 174.44 | 4275664 
16:45 | 174.44 | 174.83 | 174.39 | 174.66 | 3674350 
17:00 | 174.66 | 174.74 | 174.22 | 174.43 | 2586539 
17:15 | 174.42 | 174.43 | 173.77 | 173.78 | 3151867 
17:30 | 173.78 | 173.97 | 173.59 | 173.89 | 2966257 
17:45 | 173.88 | 173.92 | 173.47 | 173.83 | 2918796 
18:00 | 173.82 | 174.00 | 173.57 | 173.81 | 2181351 
18:15 | 173.81 | 173.97 | 173.33 | 173.54 | 2471906 
18:30 | 173.54 | 173.72 | 172.98 | 172.98 | 3171320 
18:45 | 172.98 | 173.05 | 171.84 | 171.93 | 6330794 
19:00 | 171.92 | 172.50 | 171.91 | 172.40 | 4965875 
19:15 | 172.40 | 172.47 | 172.01 | 172.09 | 3405538 
19:30 | 172.09 | 172.38 | 172.03 | 172.15 | 3062398 
19:45 | 172.15 | 172.51 | 171.97 | 172.29 | 3195654 
20:00 | 172.30 | 172.36 | 171.55 | 171.96 | 4604726 
20:15 | 171.97 | 172.39 | 171.96 | 172.13 | 3784150 
20:30 | 172.12 | 172.15 | 171.72 | 171.83 | 3821343 
20:45 | 171.82 | 171.93 | 171.14 | 171.22 | 10014618 
14:30 | 170.00 | 170.97 | 169.08 | 170.13 | 11727000 [ENTRADA]
14:45 | 170.12 | 170.76 | 168.16 | 168.41 | 9323067 
15:00 | 168.41 | 169.39 | 168.15 | 168.85 | 8246256 
15:15 | 168.86 | 169.13 | 167.80 | 167.85 | 6752556 
15:30 | 167.83 | 168.28 | 167.55 | 168.00 | 6145086 
15:45 | 167.99 | 168.92 | 167.95 | 168.67 | 6200580 
16:00 | 168.68 | 169.13 | 168.56 | 168.62 | 4721804 
16:15 | 168.62 | 169.57 | 168.25 | 169.55 | 5609911 
16:30 | 169.56 | 169.94 | 169.18 | 169.35 | 4695610 
16:45 | 169.36 | 169.73 | 169.33 | 169.55 | 3227297 
17:00 | 169.56 | 169.64 | 169.13 | 169.34 | 2966772 
17:15 | 169.34 | 169.34 | 168.71 | 168.82 | 3159995 
17:30 | 168.81 | 168.95 | 168.37 | 168.88 | 3458910 
17:45 | 168.88 | 169.20 | 168.80 | 168.87 | 2664202 
18:00 | 168.87 | 169.27 | 168.58 | 168.69 | 3019255 
18:15 | 168.68 | 168.74 | 167.83 | 167.84 | 3533340 
18:30 | 167.84 | 168.23 | 167.83 | 167.91 | 2700536 
18:45 | 167.91 | 168.07 | 167.60 | 167.88 | 3219580 
19:00 | 167.87 | 168.06 | 167.77 | 168.02 | 3134468 
19:15 | 168.02 | 168.24 | 167.91 | 168.00 | 2986309 
19:30 | 168.00 | 168.28 | 167.78 | 167.98 | 2818032 
19:45 | 167.99 | 168.00 | 167.31 | 167.47 | 3893438 
20:00 | 167.46 | 167.66 | 167.22 | 167.45 | 3784644 
20:15 | 167.45 | 167.73 | 167.32 | 167.43 | 3889300 
20:30 | 167.44 | 167.59 | 167.25 | 167.50 | 4576417 
20:45 | 167.50 | 167.93 | 167.01 | 167.42 | 9853392 
RESULTADO: EN CURSO
============================================================


============================================================
ANALISIS: NVDA | P2TrendPutStrategy | ENTRADA: 168.67 | TP: 167.17 | SL: 173.17
Hora  |  Open  |  High  |  Low   |  Close |  Vol
15:00 | 175.69 | 175.87 | 175.00 | 175.25 | 6127457 
15:15 | 175.25 | 175.44 | 174.80 | 174.82 | 4519149 
15:30 | 174.81 | 175.16 | 173.86 | 173.96 | 6724443 
15:45 | 173.95 | 174.12 | 173.01 | 173.61 | 8048584 
16:00 | 173.62 | 174.14 | 173.60 | 173.97 | 5354828 
16:15 | 173.97 | 174.28 | 173.85 | 174.07 | 4148088 
16:30 | 174.07 | 174.49 | 173.70 | 174.44 | 4275664 
16:45 | 174.44 | 174.83 | 174.39 | 174.66 | 3674350 
17:00 | 174.66 | 174.74 | 174.22 | 174.43 | 2586539 
17:15 | 174.42 | 174.43 | 173.77 | 173.78 | 3151867 
17:30 | 173.78 | 173.97 | 173.59 | 173.89 | 2966257 
17:45 | 173.88 | 173.92 | 173.47 | 173.83 | 2918796 
18:00 | 173.82 | 174.00 | 173.57 | 173.81 | 2181351 
18:15 | 173.81 | 173.97 | 173.33 | 173.54 | 2471906 
18:30 | 173.54 | 173.72 | 172.98 | 172.98 | 3171320 
18:45 | 172.98 | 173.05 | 171.84 | 171.93 | 6330794 
19:00 | 171.92 | 172.50 | 171.91 | 172.40 | 4965875 
19:15 | 172.40 | 172.47 | 172.01 | 172.09 | 3405538 
19:30 | 172.09 | 172.38 | 172.03 | 172.15 | 3062398 
19:45 | 172.15 | 172.51 | 171.97 | 172.29 | 3195654 
20:00 | 172.30 | 172.36 | 171.55 | 171.96 | 4604726 
20:15 | 171.97 | 172.39 | 171.96 | 172.13 | 3784150 
20:30 | 172.12 | 172.15 | 171.72 | 171.83 | 3821343 
20:45 | 171.82 | 171.93 | 171.14 | 171.22 | 10014618 
14:30 | 170.00 | 170.97 | 169.08 | 170.13 | 11727000 
14:45 | 170.12 | 170.76 | 168.16 | 168.41 | 9323067 
15:00 | 168.41 | 169.39 | 168.15 | 168.85 | 8246256 [ENTRADA]
15:15 | 168.86 | 169.13 | 167.80 | 167.85 | 6752556 
15:30 | 167.83 | 168.28 | 167.55 | 168.00 | 6145086 
15:45 | 167.99 | 168.92 | 167.95 | 168.67 | 6200580 
16:00 | 168.68 | 169.13 | 168.56 | 168.62 | 4721804 
16:15 | 168.62 | 169.57 | 168.25 | 169.55 | 5609911 
16:30 | 169.56 | 169.94 | 169.18 | 169.35 | 4695610 
16:45 | 169.36 | 169.73 | 169.33 | 169.55 | 3227297 
17:00 | 169.56 | 169.64 | 169.13 | 169.34 | 2966772 
17:15 | 169.34 | 169.34 | 168.71 | 168.82 | 3159995 
17:30 | 168.81 | 168.95 | 168.37 | 168.88 | 3458910 
17:45 | 168.88 | 169.20 | 168.80 | 168.87 | 2664202 
18:00 | 168.87 | 169.27 | 168.58 | 168.69 | 3019255 
18:15 | 168.68 | 168.74 | 167.83 | 167.84 | 3533340 
18:30 | 167.84 | 168.23 | 167.83 | 167.91 | 2700536 
18:45 | 167.91 | 168.07 | 167.60 | 167.88 | 3219580 
19:00 | 167.87 | 168.06 | 167.77 | 168.02 | 3134468 
19:15 | 168.02 | 168.24 | 167.91 | 168.00 | 2986309 
19:30 | 168.00 | 168.28 | 167.78 | 167.98 | 2818032 
19:45 | 167.99 | 168.00 | 167.31 | 167.47 | 3893438 
20:00 | 167.46 | 167.66 | 167.22 | 167.45 | 3784644 
20:15 | 167.45 | 167.73 | 167.32 | 167.43 | 3889300 
20:30 | 167.44 | 167.59 | 167.25 | 167.50 | 4576417 
20:45 | 167.50 | 167.93 | 167.01 | 167.42 | 9853392 
RESULTADO: EXITO
============================================================


============================================================
ANALISIS: TSLA | P2TrendPutStrategy | ENTRADA: 362.56 | TP: 361.06 | SL: 367.06
Hora  |  Open  |  High  |  Low   |  Close |  Vol
14:30 | 381.60 | 383.38 | 379.48 | 382.89 | 3703936 
14:45 | 382.85 | 384.44 | 382.39 | 384.02 | 2575443 
15:00 | 384.04 | 384.30 | 381.39 | 382.74 | 2405799 
15:15 | 382.72 | 383.35 | 381.21 | 381.22 | 1537395 
15:30 | 381.21 | 382.61 | 379.93 | 380.11 | 1954874 
15:45 | 380.09 | 380.81 | 377.98 | 379.60 | 2267552 
16:00 | 379.61 | 380.65 | 379.45 | 379.94 | 1330637 
16:15 | 379.91 | 380.47 | 378.90 | 380.00 | 1223981 
16:30 | 380.01 | 380.53 | 379.47 | 379.99 | 933672 
16:45 | 380.00 | 381.09 | 379.47 | 379.75 | 1056691 
17:00 | 379.73 | 379.86 | 378.90 | 379.21 | 926576 
17:15 | 379.23 | 379.23 | 376.96 | 377.22 | 1661911 
17:30 | 377.25 | 377.89 | 376.64 | 377.19 | 1259612 
17:45 | 377.19 | 377.84 | 376.43 | 377.66 | 1118901 
18:00 | 377.69 | 378.10 | 376.88 | 376.92 | 980523 
18:15 | 376.90 | 377.37 | 376.32 | 377.02 | 940853 
18:30 | 377.01 | 377.71 | 376.05 | 376.06 | 1108120 
18:45 | 376.08 | 376.31 | 374.61 | 374.88 | 1598429 
19:00 | 374.86 | 375.76 | 374.82 | 375.48 | 1228367 
19:15 | 375.46 | 375.83 | 374.41 | 374.75 | 1182096 
19:30 | 374.77 | 375.84 | 374.75 | 375.14 | 1182566 
19:45 | 375.12 | 375.58 | 374.28 | 374.55 | 1184510 
20:00 | 374.55 | 374.78 | 372.51 | 372.84 | 1866896 
20:15 | 372.85 | 373.71 | 372.59 | 373.15 | 1591141 
20:30 | 373.15 | 373.30 | 372.47 | 372.80 | 1481900 
20:45 | 372.79 | 374.00 | 371.87 | 372.24 | 2892337 
14:30 | 369.80 | 369.86 | 363.52 | 364.64 | 4353003 [ENTRADA]
14:45 | 364.57 | 366.75 | 361.37 | 362.56 | 3563354 
15:00 | 362.56 | 364.11 | 361.93 | 363.58 | 2463099 
15:15 | 363.58 | 364.44 | 362.51 | 363.12 | 2037463 
15:30 | 363.08 | 364.73 | 363.01 | 364.15 | 1761181 
15:45 | 364.12 | 366.00 | 363.52 | 365.35 | 1939458 
16:00 | 365.33 | 367.07 | 365.33 | 366.06 | 1721170 
16:15 | 366.05 | 367.28 | 364.60 | 367.23 | 1814536 
16:30 | 367.26 | 368.31 | 366.78 | 367.51 | 1622368 
16:45 | 367.52 | 367.93 | 366.51 | 366.84 | 1031925 
17:00 | 366.87 | 366.97 | 365.05 | 365.45 | 1234522 
17:15 | 365.45 | 365.63 | 364.20 | 364.45 | 949994 
17:30 | 364.43 | 364.69 | 363.15 | 364.06 | 1321788 
17:45 | 364.04 | 364.57 | 363.50 | 363.81 | 1130513 
18:00 | 363.83 | 364.72 | 363.05 | 363.72 | 1372068 
18:15 | 363.75 | 363.75 | 361.77 | 361.79 | 1549162 
18:30 | 361.82 | 362.50 | 360.62 | 360.79 | 1588027 
18:45 | 360.78 | 361.13 | 359.55 | 359.75 | 1828526 
19:00 | 359.74 | 360.58 | 359.53 | 360.38 | 1529173 
19:15 | 360.38 | 361.32 | 360.08 | 360.72 | 1565982 
19:30 | 360.74 | 362.14 | 360.54 | 361.47 | 1357094 
19:45 | 361.50 | 361.70 | 360.33 | 360.68 | 1248943 
20:00 | 360.68 | 360.89 | 359.47 | 360.27 | 1436109 
20:15 | 360.25 | 362.08 | 360.20 | 361.37 | 1949879 
20:30 | 361.38 | 362.09 | 360.97 | 361.57 | 1710937 
20:45 | 361.60 | 362.62 | 360.23 | 361.76 | 3063916 
RESULTADO: FALLO
============================================================


============================================================
ANALISIS: MSFT | P2TrendPutStrategy | ENTRADA: 366.65 | TP: 365.15 | SL: 369.65
Hora  |  Open  |  High  |  Low   |  Close |  Vol
19:00 | 370.99 | 371.10 | 370.42 | 370.74 | 387394 
19:15 | 370.74 | 370.81 | 369.99 | 370.03 | 485084 
19:30 | 370.04 | 370.55 | 369.99 | 370.42 | 426534 
19:45 | 370.39 | 370.51 | 369.63 | 370.30 | 620560 
20:00 | 370.30 | 370.30 | 369.64 | 370.04 | 629638 
20:15 | 370.02 | 370.73 | 369.96 | 370.39 | 531532 
20:30 | 370.38 | 370.65 | 370.05 | 370.51 | 478924 
20:45 | 370.50 | 371.36 | 370.41 | 371.03 | 1484576 
14:30 | 370.89 | 372.65 | 369.28 | 372.18 | 2410704 
14:45 | 372.16 | 373.83 | 371.45 | 373.74 | 1694408 
15:00 | 373.77 | 374.72 | 372.30 | 372.56 | 1349761 
15:15 | 372.56 | 372.66 | 371.72 | 371.94 | 899134 
15:30 | 371.95 | 372.40 | 370.70 | 371.04 | 876130 
15:45 | 371.05 | 371.77 | 370.50 | 371.36 | 844660 
16:00 | 371.42 | 371.57 | 369.99 | 370.14 | 917102 
16:15 | 370.15 | 370.52 | 369.55 | 369.98 | 961845 
16:30 | 369.98 | 370.08 | 368.04 | 368.27 | 1547914 
16:45 | 368.31 | 369.20 | 367.74 | 367.99 | 925538 
17:00 | 367.98 | 368.36 | 367.72 | 367.86 | 511634 
17:15 | 367.82 | 368.01 | 367.05 | 367.42 | 856331 
17:30 | 367.42 | 368.05 | 367.03 | 368.03 | 620586 
17:45 | 368.04 | 368.56 | 367.92 | 368.14 | 542600 
18:00 | 368.15 | 368.37 | 367.79 | 367.89 | 477739 

============================================================
ANALISIS: NVDA | P2TrendPutStrategy | ENTRADA: 168.87 | TP: 167.37 | SL: 173.37
Hora  |  Open  |  High  |  Low   |  Close |  Vol
17:00 | 174.66 | 174.74 | 174.22 | 174.43 | 2586539 
17:15 | 174.42 | 174.43 | 173.77 | 173.78 | 3151867 
17:30 | 173.78 | 173.97 | 173.59 | 173.89 | 2966257 
17:45 | 173.88 | 173.92 | 173.47 | 173.83 | 2918796 
18:00 | 173.82 | 174.00 | 173.57 | 173.81 | 2181351 
18:15 | 173.81 | 173.97 | 173.33 | 173.54 | 2471906 
18:30 | 173.54 | 173.72 | 172.98 | 172.98 | 3171320 
18:45 | 172.98 | 173.05 | 171.84 | 171.93 | 6330794 
19:00 | 171.92 | 172.50 | 171.91 | 172.40 | 4965875 
19:15 | 172.40 | 172.47 | 172.01 | 172.09 | 3405538 
19:30 | 172.09 | 172.38 | 172.03 | 172.15 | 3062398 
19:45 | 172.15 | 172.51 | 171.97 | 172.29 | 3195654 
20:00 | 172.30 | 172.36 | 171.55 | 171.96 | 4604726 
20:15 | 171.97 | 172.39 | 171.96 | 172.13 | 3784150 
20:30 | 172.12 | 172.15 | 171.72 | 171.83 | 3821343 
20:45 | 171.82 | 171.93 | 171.14 | 171.22 | 10014618 
14:30 | 170.00 | 170.97 | 169.08 | 170.13 | 11727000 
14:45 | 170.12 | 170.76 | 168.16 | 168.41 | 9323067 
15:00 | 168.41 | 169.39 | 168.15 | 168.85 | 8246256 
15:15 | 168.86 | 169.13 | 167.80 | 167.85 | 6752556 
15:30 | 167.83 | 168.28 | 167.55 | 168.00 | 6145086 
15:45 | 167.99 | 168.92 | 167.95 | 168.67 | 6200580 
16:00 | 168.68 | 169.13 | 168.56 | 168.62 | 4721804 
16:15 | 168.62 | 169.57 | 168.25 | 169.55 | 5609911 
16:30 | 169.56 | 169.94 | 169.18 | 169.35 | 4695610 
16:45 | 169.36 | 169.73 | 169.33 | 169.55 | 3227297 
17:00 | 169.56 | 169.64 | 169.13 | 169.34 | 2966772 [ENTRADA]
17:15 | 169.34 | 169.34 | 168.71 | 168.82 | 3159995 
17:30 | 168.81 | 168.95 | 168.37 | 168.88 | 3458910 
17:45 | 168.88 | 169.20 | 168.80 | 168.87 | 2664202 
18:00 | 168.87 | 169.27 | 168.58 | 168.69 | 3019255 
18:15 | 168.68 | 168.74 | 167.83 | 167.84 | 3533340 
18:30 | 167.84 | 168.23 | 167.83 | 167.91 | 2700536 
18:45 | 167.91 | 168.07 | 167.60 | 167.88 | 3219580 
19:00 | 167.87 | 168.06 | 167.77 | 168.02 | 3134468 
19:15 | 168.02 | 168.24 | 167.91 | 168.00 | 2986309 
19:30 | 168.00 | 168.28 | 167.78 | 167.98 | 2818032 
19:45 | 167.99 | 168.00 | 167.31 | 167.47 | 3893438 
20:00 | 167.46 | 167.66 | 167.22 | 167.45 | 3784644 
20:15 | 167.45 | 167.73 | 167.32 | 167.43 | 3889300 
20:30 | 167.44 | 167.59 | 167.25 | 167.50 | 4576417 
20:45 | 167.50 | 167.93 | 167.01 | 167.42 | 9853392 
18:15 | 367.88 | 368.55 | 367.71 | 368.44 | 680687 
18:30 | 368.42 | 368.65 | 367.04 | 367.24 | 719782 
18:45 | 367.23 | 367.41 | 366.56 | 366.91 | 604399 
19:00 | 366.92 | 367.44 | 366.77 | 367.40 | 493528 [ENTRADA]
19:15 | 367.40 | 367.44 | 366.38 | 366.39 | 542704 
19:30 | 366.42 | 366.60 | 366.00 | 366.18 | 642632 
19:45 | 366.17 | 366.72 | 366.06 | 366.65 | 1050698 
20:00 | 366.66 | 366.77 | 365.73 | 365.81 | 761590 
20:15 | 365.81 | 365.94 | 365.21 | 365.55 | 911485 
20:30 | 365.56 | 366.12 | 365.19 | 365.93 | 830680 
20:45 | 365.93 | 366.37 | 365.27 | 365.75 | 1777170 
14:30 | 361.90 | 362.45 | 358.85 | 359.07 | 2785048 
14:45 | 359.10 | 359.99 | 357.44 | 357.46 | 1598826 
15:00 | 357.49 | 358.26 | 356.58 | 357.58 | 1628979 
15:15 | 357.57 | 358.57 | 357.53 | 358.36 | 1231023 
15:30 | 358.35 | 359.99 | 358.29 | 359.99 | 1051686 
15:45 | 359.98 | 360.45 | 359.25 | 359.86 | 1052580 
16:00 | 359.90 | 360.45 | 359.69 | 360.36 | 690989 
16:15 | 360.35 | 360.84 | 359.28 | 360.44 | 769109 
16:30 | 360.44 | 360.96 | 359.10 | 359.62 | 752710 
16:45 | 359.60 | 360.54 | 359.55 | 360.22 | 601931 
17:00 | 360.25 | 360.71 | 359.71 | 360.08 | 557781 
17:15 | 360.09 | 360.59 | 359.76 | 359.97 | 688364 
17:30 | 360.00 | 360.14 | 359.20 | 359.65 | 568539 
17:45 | 359.65 | 360.10 | 359.35 | 359.70 | 573371 
18:00 | 359.72 | 360.10 | 359.10 | 359.33 | 600727 
18:15 | 359.33 | 359.35 | 358.70 | 358.94 | 587043 
18:30 | 358.93 | 359.44 | 358.82 | 358.96 | 495501 
18:45 | 358.96 | 359.21 | 358.46 | 358.85 | 489000 
19:00 | 358.85 | 359.04 | 358.20 | 358.69 | 541123 

============================================================
ANALISIS: TSLA | P2TrendPutStrategy | ENTRADA: 365.35 | TP: 363.85 | SL: 369.85
Hora  |  Open  |  High  |  Low   |  Close |  Vol
RESULTADO: EXITO
============================================================

RESULTADO: EXITO
============================================================

15:00 | 384.04 | 384.30 | 381.39 | 382.74 | 2405799 
15:15 | 382.72 | 383.35 | 381.21 | 381.22 | 1537395 
15:30 | 381.21 | 382.61 | 379.93 | 380.11 | 1954874 
15:45 | 380.09 | 380.81 | 377.98 | 379.60 | 2267552 
16:00 | 379.61 | 380.65 | 379.45 | 379.94 | 1330637 
16:15 | 379.91 | 380.47 | 378.90 | 380.00 | 1223981 
16:30 | 380.01 | 380.53 | 379.47 | 379.99 | 933672 
16:45 | 380.00 | 381.09 | 379.47 | 379.75 | 1056691 
17:00 | 379.73 | 379.86 | 378.90 | 379.21 | 926576 
17:15 | 379.23 | 379.23 | 376.96 | 377.22 | 1661911 
17:30 | 377.25 | 377.89 | 376.64 | 377.19 | 1259612 
17:45 | 377.19 | 377.84 | 376.43 | 377.66 | 1118901 
18:00 | 377.69 | 378.10 | 376.88 | 376.92 | 980523 
18:15 | 376.90 | 377.37 | 376.32 | 377.02 | 940853 
18:30 | 377.01 | 377.71 | 376.05 | 376.06 | 1108120 
18:45 | 376.08 | 376.31 | 374.61 | 374.88 | 1598429 
19:00 | 374.86 | 375.76 | 374.82 | 375.48 | 1228367 
19:15 | 375.46 | 375.83 | 374.41 | 374.75 | 1182096 
19:30 | 374.77 | 375.84 | 374.75 | 375.14 | 1182566 
19:45 | 375.12 | 375.58 | 374.28 | 374.55 | 1184510 
20:00 | 374.55 | 374.78 | 372.51 | 372.84 | 1866896 
20:15 | 372.85 | 373.71 | 372.59 | 373.15 | 1591141 
20:30 | 373.15 | 373.30 | 372.47 | 372.80 | 1481900 
20:45 | 372.79 | 374.00 | 371.87 | 372.24 | 2892337 
14:30 | 369.80 | 369.86 | 363.52 | 364.64 | 4353003 
14:45 | 364.57 | 366.75 | 361.37 | 362.56 | 3563354 
15:00 | 362.56 | 364.11 | 361.93 | 363.58 | 2463099 [ENTRADA]
15:15 | 363.58 | 364.44 | 362.51 | 363.12 | 2037463 
15:30 | 363.08 | 364.73 | 363.01 | 364.15 | 1761181 
15:45 | 364.12 | 366.00 | 363.52 | 365.35 | 1939458 
16:00 | 365.33 | 367.07 | 365.33 | 366.06 | 1721170 
16:15 | 366.05 | 367.28 | 364.60 | 367.23 | 1814536 
16:30 | 367.26 | 368.31 | 366.78 | 367.51 | 1622368 
16:45 | 367.52 | 367.93 | 366.51 | 366.84 | 1031925 
17:00 | 366.87 | 366.97 | 365.05 | 365.45 | 1234522 
17:15 | 365.45 | 365.63 | 364.20 | 364.45 | 949994 
17:30 | 364.43 | 364.69 | 363.15 | 364.06 | 1321788 
17:45 | 364.04 | 364.57 | 363.50 | 363.81 | 1130513 
18:00 | 363.83 | 364.72 | 363.05 | 363.72 | 1372068 
18:15 | 363.75 | 363.75 | 361.77 | 361.79 | 1549162 
18:30 | 361.82 | 362.50 | 360.62 | 360.79 | 1588027 
18:45 | 360.78 | 361.13 | 359.55 | 359.75 | 1828526 
19:00 | 359.74 | 360.58 | 359.53 | 360.38 | 1529173 
19:15 | 360.38 | 361.32 | 360.08 | 360.72 | 1565982 
19:30 | 360.74 | 362.14 | 360.54 | 361.47 | 1357094 
19:45 | 361.50 | 361.70 | 360.33 | 360.68 | 1248943 
20:00 | 360.68 | 360.89 | 359.47 | 360.27 | 1436109 
20:15 | 360.25 | 362.08 | 360.20 | 361.37 | 1949879 
20:30 | 361.38 | 362.09 | 360.97 | 361.57 | 1710937 
20:45 | 361.60 | 362.62 | 360.23 | 361.76 | 3063916 
RESULTADO: EXITO
============================================================


============================================================
ANALISIS: TSLA | P2TrendPutStrategy | ENTRADA: 366.84 | TP: 365.34 | SL: 371.34
Hora  |  Open  |  High  |  Low   |  Close |  Vol
16:00 | 379.61 | 380.65 | 379.45 | 379.94 | 1330637 
16:15 | 379.91 | 380.47 | 378.90 | 380.00 | 1223981 
16:30 | 380.01 | 380.53 | 379.47 | 379.99 | 933672 
16:45 | 380.00 | 381.09 | 379.47 | 379.75 | 1056691 
17:00 | 379.73 | 379.86 | 378.90 | 379.21 | 926576 
17:15 | 379.23 | 379.23 | 376.96 | 377.22 | 1661911 
17:30 | 377.25 | 377.89 | 376.64 | 377.19 | 1259612 
17:45 | 377.19 | 377.84 | 376.43 | 377.66 | 1118901 
18:00 | 377.69 | 378.10 | 376.88 | 376.92 | 980523 
18:15 | 376.90 | 377.37 | 376.32 | 377.02 | 940853 
18:30 | 377.01 | 377.71 | 376.05 | 376.06 | 1108120 
18:45 | 376.08 | 376.31 | 374.61 | 374.88 | 1598429 
19:00 | 374.86 | 375.76 | 374.82 | 375.48 | 1228367 
19:15 | 375.46 | 375.83 | 374.41 | 374.75 | 1182096 
19:30 | 374.77 | 375.84 | 374.75 | 375.14 | 1182566 
19:45 | 375.12 | 375.58 | 374.28 | 374.55 | 1184510 
20:00 | 374.55 | 374.78 | 372.51 | 372.84 | 1866896 
20:15 | 372.85 | 373.71 | 372.59 | 373.15 | 1591141 
20:30 | 373.15 | 373.30 | 372.47 | 372.80 | 1481900 
20:45 | 372.79 | 374.00 | 371.87 | 372.24 | 2892337 
14:30 | 369.80 | 369.86 | 363.52 | 364.64 | 4353003 
14:45 | 364.57 | 366.75 | 361.37 | 362.56 | 3563354 
15:00 | 362.56 | 364.11 | 361.93 | 363.58 | 2463099 
15:15 | 363.58 | 364.44 | 362.51 | 363.12 | 2037463 
15:30 | 363.08 | 364.73 | 363.01 | 364.15 | 1761181 
15:45 | 364.12 | 366.00 | 363.52 | 365.35 | 1939458 

============================================================
16:00 | 365.33 | 367.07 | 365.33 | 366.06 | 1721170 [ENTRADA]
16:15 | 366.05 | 367.28 | 364.60 | 367.23 | 1814536 
16:30 | 367.26 | 368.31 | 366.78 | 367.51 | 1622368 
16:45 | 367.52 | 367.93 | 366.51 | 366.84 | 1031925 
17:00 | 366.87 | 366.97 | 365.05 | 365.45 | 1234522 
17:15 | 365.45 | 365.63 | 364.20 | 364.45 | 949994 
ANALISIS: MSFT | P2TrendPutStrategy | ENTRADA: 357.46 | TP: 355.96 | SL: 360.46
Hora  |  Open  |  High  |  Low   |  Close |  Vol
17:30 | 364.43 | 364.69 | 363.15 | 364.06 | 1321788 
17:45 | 364.04 | 364.57 | 363.50 | 363.81 | 1130513 
18:00 | 363.83 | 364.72 | 363.05 | 363.72 | 1372068 
18:15 | 363.75 | 363.75 | 361.77 | 361.79 | 1549162 
18:30 | 361.82 | 362.50 | 360.62 | 360.79 | 1588027 
18:45 | 360.78 | 361.13 | 359.55 | 359.75 | 1828526 
19:00 | 359.74 | 360.58 | 359.53 | 360.38 | 1529173 
19:15 | 360.38 | 361.32 | 360.08 | 360.72 | 1565982 
19:30 | 360.74 | 362.14 | 360.54 | 361.47 | 1357094 
19:45 | 361.50 | 361.70 | 360.33 | 360.68 | 1248943 
20:00 | 360.68 | 360.89 | 359.47 | 360.27 | 1436109 
20:15 | 360.25 | 362.08 | 360.20 | 361.37 | 1949879 
20:30 | 361.38 | 362.09 | 360.97 | 361.57 | 1710937 
20:45 | 361.60 | 362.62 | 360.23 | 361.76 | 3063916 
14:30 | 370.89 | 372.65 | 369.28 | 372.18 | 2410704 
14:45 | 372.16 | 373.83 | 371.45 | 373.74 | 1694408 
15:00 | 373.77 | 374.72 | 372.30 | 372.56 | 1349761 
15:15 | 372.56 | 372.66 | 371.72 | 371.94 | 899134 
15:30 | 371.95 | 372.40 | 370.70 | 371.04 | 876130 
15:45 | 371.05 | 371.77 | 370.50 | 371.36 | 844660 
16:00 | 371.42 | 371.57 | 369.99 | 370.14 | 917102 
16:15 | 370.15 | 370.52 | 369.55 | 369.98 | 961845 
16:30 | 369.98 | 370.08 | 368.04 | 368.27 | 1547914 
16:45 | 368.31 | 369.20 | 367.74 | 367.99 | 925538 
17:00 | 367.98 | 368.36 | 367.72 | 367.86 | 511634 
17:15 | 367.82 | 368.01 | 367.05 | 367.42 | 856331 
17:30 | 367.42 | 368.05 | 367.03 | 368.03 | 620586 
17:45 | 368.04 | 368.56 | 367.92 | 368.14 | 542600 
RESULTADO: EXITO
============================================================

18:00 | 368.15 | 368.37 | 367.79 | 367.89 | 477739 
18:15 | 367.88 | 368.55 | 367.71 | 368.44 | 680687 
18:30 | 368.42 | 368.65 | 367.04 | 367.24 | 719782 
18:45 | 367.23 | 367.41 | 366.56 | 366.91 | 604399 
19:00 | 366.92 | 367.44 | 366.77 | 367.40 | 493528 
19:15 | 367.40 | 367.44 | 366.38 | 366.39 | 542704 
19:30 | 366.42 | 366.60 | 366.00 | 366.18 | 642632 
19:45 | 366.17 | 366.72 | 366.06 | 366.65 | 1050698 
20:00 | 366.66 | 366.77 | 365.73 | 365.81 | 761590 
20:15 | 365.81 | 365.94 | 365.21 | 365.55 | 911485 
20:30 | 365.56 | 366.12 | 365.19 | 365.93 | 830680 
20:45 | 365.93 | 366.37 | 365.27 | 365.75 | 1777170 
14:30 | 361.90 | 362.45 | 358.85 | 359.07 | 2785048 [ENTRADA]
14:45 | 359.10 | 359.99 | 357.44 | 357.46 | 1598826 
15:00 | 357.49 | 358.26 | 356.58 | 357.58 | 1628979 
15:15 | 357.57 | 358.57 | 357.53 | 358.36 | 1231023 
15:30 | 358.35 | 359.99 | 358.29 | 359.99 | 1051686 
15:45 | 359.98 | 360.45 | 359.25 | 359.86 | 1052580 
16:00 | 359.90 | 360.45 | 359.69 | 360.36 | 690989 
16:15 | 360.35 | 360.84 | 359.28 | 360.44 | 769109 
16:30 | 360.44 | 360.96 | 359.10 | 359.62 | 752710 
16:45 | 359.60 | 360.54 | 359.55 | 360.22 | 601931 
17:00 | 360.25 | 360.71 | 359.71 | 360.08 | 557781 
17:15 | 360.09 | 360.59 | 359.76 | 359.97 | 688364 
17:30 | 360.00 | 360.14 | 359.20 | 359.65 | 568539 
17:45 | 359.65 | 360.10 | 359.35 | 359.70 | 573371 
18:00 | 359.72 | 360.10 | 359.10 | 359.33 | 600727 
18:15 | 359.33 | 359.35 | 358.70 | 358.94 | 587043 
18:30 | 358.93 | 359.44 | 358.82 | 358.96 | 495501 
18:45 | 358.96 | 359.21 | 358.46 | 358.85 | 489000 
19:00 | 358.85 | 359.04 | 358.20 | 358.69 | 541123 
19:15 | 358.70 | 358.97 | 358.33 | 358.81 | 547901 
19:30 | 358.81 | 359.33 | 358.65 | 358.73 | 543019 
19:45 | 358.72 | 358.73 | 357.57 | 357.81 | 715834 
20:00 | 357.81 | 358.04 | 356.92 | 357.09 | 785155 
20:15 | 357.07 | 357.90 | 356.99 | 357.50 | 904395 
20:30 | 357.51 | 357.82 | 356.63 | 357.09 | 980138 
20:45 | 357.09 | 357.67 | 356.51 | 356.64 | 2139313 
RESULTADO: FALLO
============================================================


============================================================
ANALISIS: TSLA | P2TrendPutStrategy | ENTRADA: 363.81 | TP: 362.31 | SL: 368.31
Hora  |  Open  |  High  |  Low   |  Close |  Vol
17:00 | 379.73 | 379.86 | 378.90 | 379.21 | 926576 
17:15 | 379.23 | 379.23 | 376.96 | 377.22 | 1661911 
17:30 | 377.25 | 377.89 | 376.64 | 377.19 | 1259612 
17:45 | 377.19 | 377.84 | 376.43 | 377.66 | 1118901 
18:00 | 377.69 | 378.10 | 376.88 | 376.92 | 980523 
18:15 | 376.90 | 377.37 | 376.32 | 377.02 | 940853 
18:30 | 377.01 | 377.71 | 376.05 | 376.06 | 1108120 
18:45 | 376.08 | 376.31 | 374.61 | 374.88 | 1598429 
19:00 | 374.86 | 375.76 | 374.82 | 375.48 | 1228367 
19:15 | 375.46 | 375.83 | 374.41 | 374.75 | 1182096 
19:30 | 374.77 | 375.84 | 374.75 | 375.14 | 1182566 
19:45 | 375.12 | 375.58 | 374.28 | 374.55 | 1184510 
20:00 | 374.55 | 374.78 | 372.51 | 372.84 | 1866896 
20:15 | 372.85 | 373.71 | 372.59 | 373.15 | 1591141 
20:30 | 373.15 | 373.30 | 372.47 | 372.80 | 1481900 
20:45 | 372.79 | 374.00 | 371.87 | 372.24 | 2892337 
14:30 | 369.80 | 369.86 | 363.52 | 364.64 | 4353003 
14:45 | 364.57 | 366.75 | 361.37 | 362.56 | 3563354 
15:00 | 362.56 | 364.11 | 361.93 | 363.58 | 2463099 
15:15 | 363.58 | 364.44 | 362.51 | 363.12 | 2037463 
15:30 | 363.08 | 364.73 | 363.01 | 364.15 | 1761181 
15:45 | 364.12 | 366.00 | 363.52 | 365.35 | 1939458 
16:00 | 365.33 | 367.07 | 365.33 | 366.06 | 1721170 
16:15 | 366.05 | 367.28 | 364.60 | 367.23 | 1814536 
16:30 | 367.26 | 368.31 | 366.78 | 367.51 | 1622368 
16:45 | 367.52 | 367.93 | 366.51 | 366.84 | 1031925 
17:00 | 366.87 | 366.97 | 365.05 | 365.45 | 1234522 [ENTRADA]
17:15 | 365.45 | 365.63 | 364.20 | 364.45 | 949994 
17:30 | 364.43 | 364.69 | 363.15 | 364.06 | 1321788 
17:45 | 364.04 | 364.57 | 363.50 | 363.81 | 1130513 
18:00 | 363.83 | 364.72 | 363.05 | 363.72 | 1372068 
18:15 | 363.75 | 363.75 | 361.77 | 361.79 | 1549162 
18:30 | 361.82 | 362.50 | 360.62 | 360.79 | 1588027 
18:45 | 360.78 | 361.13 | 359.55 | 359.75 | 1828526 
19:00 | 359.74 | 360.58 | 359.53 | 360.38 | 1529173 
19:15 | 360.38 | 361.32 | 360.08 | 360.72 | 1565982 
19:30 | 360.74 | 362.14 | 360.54 | 361.47 | 1357094 
19:45 | 361.50 | 361.70 | 360.33 | 360.68 | 1248943 
20:00 | 360.68 | 360.89 | 359.47 | 360.27 | 1436109 
20:15 | 360.25 | 362.08 | 360.20 | 361.37 | 1949879 
20:30 | 361.38 | 362.09 | 360.97 | 361.57 | 1710937 
20:45 | 361.60 | 362.62 | 360.23 | 361.76 | 3063916 
RESULTADO: EXITO
============================================================


============================================================
ANALISIS: MSFT | P2TrendPutStrategy | ENTRADA: 359.86 | TP: 358.36 | SL: 362.86
Hora  |  Open  |  High  |  Low   |  Close |  Vol
15:00 | 373.77 | 374.72 | 372.30 | 372.56 | 1349761 
15:15 | 372.56 | 372.66 | 371.72 | 371.94 | 899134 
15:30 | 371.95 | 372.40 | 370.70 | 371.04 | 876130 
15:45 | 371.05 | 371.77 | 370.50 | 371.36 | 844660 
16:00 | 371.42 | 371.57 | 369.99 | 370.14 | 917102 
16:15 | 370.15 | 370.52 | 369.55 | 369.98 | 961845 
16:30 | 369.98 | 370.08 | 368.04 | 368.27 | 1547914 
16:45 | 368.31 | 369.20 | 367.74 | 367.99 | 925538 
17:00 | 367.98 | 368.36 | 367.72 | 367.86 | 511634 
17:15 | 367.82 | 368.01 | 367.05 | 367.42 | 856331 
17:30 | 367.42 | 368.05 | 367.03 | 368.03 | 620586 
17:45 | 368.04 | 368.56 | 367.92 | 368.14 | 542600 
18:00 | 368.15 | 368.37 | 367.79 | 367.89 | 477739 
18:15 | 367.88 | 368.55 | 367.71 | 368.44 | 680687 
18:30 | 368.42 | 368.65 | 367.04 | 367.24 | 719782 
18:45 | 367.23 | 367.41 | 366.56 | 366.91 | 604399 
19:00 | 366.92 | 367.44 | 366.77 | 367.40 | 493528 
19:15 | 367.40 | 367.44 | 366.38 | 366.39 | 542704 
19:30 | 366.42 | 366.60 | 366.00 | 366.18 | 642632 
19:45 | 366.17 | 366.72 | 366.06 | 366.65 | 1050698 
20:00 | 366.66 | 366.77 | 365.73 | 365.81 | 761590 
20:15 | 365.81 | 365.94 | 365.21 | 365.55 | 911485 
20:30 | 365.56 | 366.12 | 365.19 | 365.93 | 830680 
20:45 | 365.93 | 366.37 | 365.27 | 365.75 | 1777170 
14:30 | 361.90 | 362.45 | 358.85 | 359.07 | 2785048 
14:45 | 359.10 | 359.99 | 357.44 | 357.46 | 1598826 
15:00 | 357.49 | 358.26 | 356.58 | 357.58 | 1628979 [ENTRADA]
15:15 | 357.57 | 358.57 | 357.53 | 358.36 | 1231023 
15:30 | 358.35 | 359.99 | 358.29 | 359.99 | 1051686 
15:45 | 359.98 | 360.45 | 359.25 | 359.86 | 1052580 
16:00 | 359.90 | 360.45 | 359.69 | 360.36 | 690989 
16:15 | 360.35 | 360.84 | 359.28 | 360.44 | 769109 
16:30 | 360.44 | 360.96 | 359.10 | 359.62 | 752710 
16:45 | 359.60 | 360.54 | 359.55 | 360.22 | 601931 
17:00 | 360.25 | 360.71 | 359.71 | 360.08 | 557781 
17:15 | 360.09 | 360.59 | 359.76 | 359.97 | 688364 
17:30 | 360.00 | 360.14 | 359.20 | 359.65 | 568539 
17:45 | 359.65 | 360.10 | 359.35 | 359.70 | 573371 
18:00 | 359.72 | 360.10 | 359.10 | 359.33 | 600727 
18:15 | 359.33 | 359.35 | 358.70 | 358.94 | 587043 
18:30 | 358.93 | 359.44 | 358.82 | 358.96 | 495501 
18:45 | 358.96 | 359.21 | 358.46 | 358.85 | 489000 
19:00 | 358.85 | 359.04 | 358.20 | 358.69 | 541123 
19:15 | 358.70 | 358.97 | 358.33 | 358.81 | 547901 
19:30 | 358.81 | 359.33 | 358.65 | 358.73 | 543019 
19:45 | 358.72 | 358.73 | 357.57 | 357.81 | 715834 
20:00 | 357.81 | 358.04 | 356.92 | 357.09 | 785155 
20:15 | 357.07 | 357.90 | 356.99 | 357.50 | 904395 
20:30 | 357.51 | 357.82 | 356.63 | 357.09 | 980138 
20:45 | 357.09 | 357.67 | 356.51 | 356.64 | 2139313 
RESULTADO: EXITO
============================================================


============================================================
ANALISIS: TSLA | P2TrendPutStrategy | ENTRADA: 359.75 | TP: 358.25 | SL: 364.25
Hora  |  Open  |  High  |  Low   |  Close |  Vol
18:00 | 377.69 | 378.10 | 376.88 | 376.92 | 980523 
18:15 | 376.90 | 377.37 | 376.32 | 377.02 | 940853 
18:30 | 377.01 | 377.71 | 376.05 | 376.06 | 1108120 
18:45 | 376.08 | 376.31 | 374.61 | 374.88 | 1598429 
19:00 | 374.86 | 375.76 | 374.82 | 375.48 | 1228367 
19:15 | 375.46 | 375.83 | 374.41 | 374.75 | 1182096 
19:30 | 374.77 | 375.84 | 374.75 | 375.14 | 1182566 
19:45 | 375.12 | 375.58 | 374.28 | 374.55 | 1184510 
20:00 | 374.55 | 374.78 | 372.51 | 372.84 | 1866896 
20:15 | 372.85 | 373.71 | 372.59 | 373.15 | 1591141 
20:30 | 373.15 | 373.30 | 372.47 | 372.80 | 1481900 
20:45 | 372.79 | 374.00 | 371.87 | 372.24 | 2892337 
14:30 | 369.80 | 369.86 | 363.52 | 364.64 | 4353003 
14:45 | 364.57 | 366.75 | 361.37 | 362.56 | 3563354 
15:00 | 362.56 | 364.11 | 361.93 | 363.58 | 2463099 
15:15 | 363.58 | 364.44 | 362.51 | 363.12 | 2037463 
15:30 | 363.08 | 364.73 | 363.01 | 364.15 | 1761181 
15:45 | 364.12 | 366.00 | 363.52 | 365.35 | 1939458 
16:00 | 365.33 | 367.07 | 365.33 | 366.06 | 1721170 
16:15 | 366.05 | 367.28 | 364.60 | 367.23 | 1814536 
16:30 | 367.26 | 368.31 | 366.78 | 367.51 | 1622368 
16:45 | 367.52 | 367.93 | 366.51 | 366.84 | 1031925 
17:00 | 366.87 | 366.97 | 365.05 | 365.45 | 1234522 
17:15 | 365.45 | 365.63 | 364.20 | 364.45 | 949994 
17:30 | 364.43 | 364.69 | 363.15 | 364.06 | 1321788 
17:45 | 364.04 | 364.57 | 363.50 | 363.81 | 1130513 
18:00 | 363.83 | 364.72 | 363.05 | 363.72 | 1372068 [ENTRADA]
18:15 | 363.75 | 363.75 | 361.77 | 361.79 | 1549162 
18:30 | 361.82 | 362.50 | 360.62 | 360.79 | 1588027 
18:45 | 360.78 | 361.13 | 359.55 | 359.75 | 1828526 
19:00 | 359.74 | 360.58 | 359.53 | 360.38 | 1529173 
19:15 | 360.38 | 361.32 | 360.08 | 360.72 | 1565982 
19:30 | 360.74 | 362.14 | 360.54 | 361.47 | 1357094 
19:45 | 361.50 | 361.70 | 360.33 | 360.68 | 1248943 
20:00 | 360.68 | 360.89 | 359.47 | 360.27 | 1436109 
20:15 | 360.25 | 362.08 | 360.20 | 361.37 | 1949879 
20:30 | 361.38 | 362.09 | 360.97 | 361.57 | 1710937 
20:45 | 361.60 | 362.62 | 360.23 | 361.76 | 3063916 
RESULTADO: EN CURSO
============================================================


============================================================
ANALISIS: MSFT | P2TrendPutStrategy | ENTRADA: 360.22 | TP: 358.72 | SL: 363.22
Hora  |  Open  |  High  |  Low   |  Close |  Vol
16:00 | 371.42 | 371.57 | 369.99 | 370.14 | 917102 
16:15 | 370.15 | 370.52 | 369.55 | 369.98 | 961845 
16:30 | 369.98 | 370.08 | 368.04 | 368.27 | 1547914 
16:45 | 368.31 | 369.20 | 367.74 | 367.99 | 925538 
17:00 | 367.98 | 368.36 | 367.72 | 367.86 | 511634 
17:15 | 367.82 | 368.01 | 367.05 | 367.42 | 856331 
17:30 | 367.42 | 368.05 | 367.03 | 368.03 | 620586 
17:45 | 368.04 | 368.56 | 367.92 | 368.14 | 542600 
18:00 | 368.15 | 368.37 | 367.79 | 367.89 | 477739 
18:15 | 367.88 | 368.55 | 367.71 | 368.44 | 680687 
18:30 | 368.42 | 368.65 | 367.04 | 367.24 | 719782 
18:45 | 367.23 | 367.41 | 366.56 | 366.91 | 604399 
19:00 | 366.92 | 367.44 | 366.77 | 367.40 | 493528 
19:15 | 367.40 | 367.44 | 366.38 | 366.39 | 542704 
19:30 | 366.42 | 366.60 | 366.00 | 366.18 | 642632 
19:45 | 366.17 | 366.72 | 366.06 | 366.65 | 1050698 
20:00 | 366.66 | 366.77 | 365.73 | 365.81 | 761590 
20:15 | 365.81 | 365.94 | 365.21 | 365.55 | 911485 
20:30 | 365.56 | 366.12 | 365.19 | 365.93 | 830680 
20:45 | 365.93 | 366.37 | 365.27 | 365.75 | 1777170 
14:30 | 361.90 | 362.45 | 358.85 | 359.07 | 2785048 
14:45 | 359.10 | 359.99 | 357.44 | 357.46 | 1598826 
15:00 | 357.49 | 358.26 | 356.58 | 357.58 | 1628979 
15:15 | 357.57 | 358.57 | 357.53 | 358.36 | 1231023 
15:30 | 358.35 | 359.99 | 358.29 | 359.99 | 1051686 
15:45 | 359.98 | 360.45 | 359.25 | 359.86 | 1052580 
16:00 | 359.90 | 360.45 | 359.69 | 360.36 | 690989 [ENTRADA]
16:15 | 360.35 | 360.84 | 359.28 | 360.44 | 769109 
16:30 | 360.44 | 360.96 | 359.10 | 359.62 | 752710 
16:45 | 359.60 | 360.54 | 359.55 | 360.22 | 601931 
17:00 | 360.25 | 360.71 | 359.71 | 360.08 | 557781 
17:15 | 360.09 | 360.59 | 359.76 | 359.97 | 688364 
17:30 | 360.00 | 360.14 | 359.20 | 359.65 | 568539 
17:45 | 359.65 | 360.10 | 359.35 | 359.70 | 573371 
18:00 | 359.72 | 360.10 | 359.10 | 359.33 | 600727 
18:15 | 359.33 | 359.35 | 358.70 | 358.94 | 587043 
18:30 | 358.93 | 359.44 | 358.82 | 358.96 | 495501 
18:45 | 358.96 | 359.21 | 358.46 | 358.85 | 489000 
19:00 | 358.85 | 359.04 | 358.20 | 358.69 | 541123 
19:15 | 358.70 | 358.97 | 358.33 | 358.81 | 547901 
19:30 | 358.81 | 359.33 | 358.65 | 358.73 | 543019 
19:45 | 358.72 | 358.73 | 357.57 | 357.81 | 715834 
20:00 | 357.81 | 358.04 | 356.92 | 357.09 | 785155 
20:15 | 357.07 | 357.90 | 356.99 | 357.50 | 904395 
20:30 | 357.51 | 357.82 | 356.63 | 357.09 | 980138 
20:45 | 357.09 | 357.67 | 356.51 | 356.64 | 2139313 
RESULTADO: EXITO
============================================================

