2026-04-10 13:30:02.020 INFO  [scheduling-1] DataDownload : 📥 Data stale for AAPL [MIN_5]: last candle 2026-04-09T21:55+02:00[Europe/Madrid] vs threshold PT15M
2026-04-10 13:30:02.022 INFO  [scheduling-1] DataDownload : 📥 Data stale for AAPL [MIN_15]: last candle 2026-04-09T21:45+02:00[Europe/Madrid] vs threshold PT30M
2026-04-10 13:30:02.024 INFO  [scheduling-1] DataDownload : 📥 Data stale for AAPL [HOUR_1]: last candle 2026-04-09T21:00+02:00[Europe/Madrid] vs threshold PT2H
2026-04-10 13:30:02.025 INFO  [scheduling-1] DataDownload : 📥 Auto-refreshing data for ticker: AAPL
2026-04-10 13:30:12.733 INFO  [scheduling-1] DataDownload : ✅ Refreshed 4 timeframes for AAPL
2026-04-10 13:30:12.743 INFO  [scheduling-1] DataDownload : 📥 Data stale for AMD [MIN_5]: last candle 2026-04-09T21:55+02:00[Europe/Madrid] vs threshold PT15M
2026-04-10 13:30:12.745 INFO  [scheduling-1] DataDownload : 📥 Data stale for AMD [MIN_15]: last candle 2026-04-09T21:45+02:00[Europe/Madrid] vs threshold PT30M
2026-04-10 13:30:12.748 INFO  [scheduling-1] DataDownload : 📥 Data stale for AMD [HOUR_1]: last candle 2026-04-09T21:00+02:00[Europe/Madrid] vs threshold PT2H
2026-04-10 13:30:12.749 INFO  [scheduling-1] DataDownload : 📥 Auto-refreshing data for ticker: AMD
2026-04-10 13:30:22.792 INFO  [scheduling-1] DataDownload : ✅ Refreshed 4 timeframes for AMD
2026-04-10 13:30:22.795 INFO  [scheduling-1] DataDownload : 📥 Data stale for AMZN [MIN_5]: last candle 2026-04-09T21:55+02:00[Europe/Madrid] vs threshold PT15M
2026-04-10 13:30:22.796 INFO  [scheduling-1] DataDownload : 📥 Data stale for AMZN [MIN_15]: last candle 2026-04-09T21:45+02:00[Europe/Madrid] vs threshold PT30M
2026-04-10 13:30:22.798 INFO  [scheduling-1] DataDownload : 📥 Data stale for AMZN [HOUR_1]: last candle 2026-04-09T21:00+02:00[Europe/Madrid] vs threshold PT2H
2026-04-10 13:30:22.799 INFO  [scheduling-1] DataDownload : 📥 Auto-refreshing data for ticker: AMZN
2026-04-10 13:30:32.739 INFO  [scheduling-1] DataDownload : ✅ Refreshed 4 timeframes for AMZN
2026-04-10 13:30:32.743 INFO  [scheduling-1] DataDownload : 📥 Data stale for GOOGL [MIN_5]: last candle 2026-04-09T21:55+02:00[Europe/Madrid] vs threshold PT15M
2026-04-10 13:30:32.744 INFO  [scheduling-1] DataDownload : 📥 Data stale for GOOGL [MIN_15]: last candle 2026-04-09T21:45+02:00[Europe/Madrid] vs threshold PT30M
2026-04-10 13:30:32.745 INFO  [scheduling-1] DataDownload : 📥 Data stale for GOOGL [HOUR_1]: last candle 2026-04-09T21:00+02:00[Europe/Madrid] vs threshold PT2H
2026-04-10 13:30:32.745 INFO  [scheduling-1] DataDownload : 📥 Auto-refreshing data for ticker: GOOGL
2026-04-10 13:30:42.980 INFO  [scheduling-1] DataDownload : ✅ Refreshed 4 timeframes for GOOGL
2026-04-10 13:30:42.986 INFO  [scheduling-1] DataDownload : 📥 Data stale for JNJ [MIN_5]: last candle 2026-04-09T21:55+02:00[Europe/Madrid] vs threshold PT15M
2026-04-10 13:30:42.986 INFO  [scheduling-1] DataDownload : 📥 Data stale for JNJ [MIN_15]: last candle 2026-04-09T21:45+02:00[Europe/Madrid] vs threshold PT30M
2026-04-10 13:30:42.987 INFO  [scheduling-1] DataDownload : 📥 Data stale for JNJ [HOUR_1]: last candle 2026-04-09T21:00+02:00[Europe/Madrid] vs threshold PT2H
2026-04-10 13:30:42.987 INFO  [scheduling-1] DataDownload : 📥 Auto-refreshing data for ticker: JNJ
2026-04-10 13:30:55.336 INFO  [scheduling-1] DataDownload : ✅ Refreshed 4 timeframes for JNJ
2026-04-10 13:30:55.339 INFO  [scheduling-1] DataDownload : 📥 Data stale for JPM [MIN_5]: last candle 2026-04-09T21:55+02:00[Europe/Madrid] vs threshold PT15M
2026-04-10 13:30:55.340 INFO  [scheduling-1] DataDownload : 📥 Data stale for JPM [MIN_15]: last candle 2026-04-09T21:45+02:00[Europe/Madrid] vs threshold PT30M
2026-04-10 13:30:55.341 INFO  [scheduling-1] DataDownload : 📥 Data stale for JPM [HOUR_1]: last candle 2026-04-09T21:00+02:00[Europe/Madrid] vs threshold PT2H
2026-04-10 13:30:55.342 INFO  [scheduling-1] DataDownload : 📥 Auto-refreshing data for ticker: JPM
2026-04-10 13:31:12.529 INFO  [scheduling-1] DataDownload : ✅ Refreshed 4 timeframes for JPM
2026-04-10 13:31:12.535 INFO  [scheduling-1] DataDownload : 📥 Data stale for META [MIN_5]: last candle 2026-04-09T21:55+02:00[Europe/Madrid] vs threshold PT15M
2026-04-10 13:31:12.536 INFO  [scheduling-1] DataDownload : 📥 Data stale for META [MIN_15]: last candle 2026-04-09T21:45+02:00[Europe/Madrid] vs threshold PT30M
2026-04-10 13:31:12.537 INFO  [scheduling-1] DataDownload : 📥 Data stale for META [HOUR_1]: last candle 2026-04-09T21:00+02:00[Europe/Madrid] vs threshold PT2H
2026-04-10 13:31:12.539 INFO  [scheduling-1] DataDownload : 📥 Auto-refreshing data for ticker: META
2026-04-10 13:31:22.578 INFO  [scheduling-1] DataDownload : ✅ Refreshed 4 timeframes for META
2026-04-10 13:31:22.581 INFO  [scheduling-1] DataDownload : 📥 Data stale for MSFT [MIN_5]: last candle 2026-04-09T21:55+02:00[Europe/Madrid] vs threshold PT15M
2026-04-10 13:31:22.582 INFO  [scheduling-1] DataDownload : 📥 Data stale for MSFT [MIN_15]: last candle 2026-04-09T21:45+02:00[Europe/Madrid] vs threshold PT30M
2026-04-10 13:31:22.584 INFO  [scheduling-1] DataDownload : 📥 Data stale for MSFT [HOUR_1]: last candle 2026-04-09T21:00+02:00[Europe/Madrid] vs threshold PT2H
2026-04-10 13:31:22.584 INFO  [scheduling-1] DataDownload : 📥 Auto-refreshing data for ticker: MSFT
2026-04-10 13:31:32.916 INFO  [scheduling-1] DataDownload : ✅ Refreshed 4 timeframes for MSFT
2026-04-10 13:31:32.920 INFO  [scheduling-1] DataDownload : 📥 Data stale for NVDA [MIN_5]: last candle 2026-04-09T21:55+02:00[Europe/Madrid] vs threshold PT15M
2026-04-10 13:31:32.921 INFO  [scheduling-1] DataDownload : 📥 Data stale for NVDA [MIN_15]: last candle 2026-04-09T21:45+02:00[Europe/Madrid] vs threshold PT30M
2026-04-10 13:31:32.922 INFO  [scheduling-1] DataDownload : 📥 Data stale for NVDA [HOUR_1]: last candle 2026-04-09T21:00+02:00[Europe/Madrid] vs threshold PT2H
2026-04-10 13:31:32.922 INFO  [scheduling-1] DataDownload : 📥 Auto-refreshing data for ticker: NVDA
2026-04-10 13:31:43.169 INFO  [scheduling-1] DataDownload : ✅ Refreshed 4 timeframes for NVDA
2026-04-10 13:31:43.172 INFO  [scheduling-1] DataDownload : 📥 Data stale for QQQ [MIN_5]: last candle 2026-04-09T21:55+02:00[Europe/Madrid] vs threshold PT15M
2026-04-10 13:31:43.174 INFO  [scheduling-1] DataDownload : 📥 Data stale for QQQ [MIN_15]: last candle 2026-04-09T21:45+02:00[Europe/Madrid] vs threshold PT30M
2026-04-10 13:31:43.175 INFO  [scheduling-1] DataDownload : 📥 Data stale for QQQ [HOUR_1]: last candle 2026-04-09T21:00+02:00[Europe/Madrid] vs threshold PT2H
2026-04-10 13:31:43.177 INFO  [scheduling-1] DataDownload : 📥 Auto-refreshing data for ticker: QQQ
2026-04-10 13:31:55.325 INFO  [scheduling-1] DataDownload : ✅ Refreshed 4 timeframes for QQQ
2026-04-10 13:31:55.328 INFO  [scheduling-1] DataDownload : 📥 Data stale for SPY [MIN_5]: last candle 2026-04-09T21:55+02:00[Europe/Madrid] vs threshold PT15M
2026-04-10 13:31:55.329 INFO  [scheduling-1] DataDownload : 📥 Data stale for SPY [MIN_15]: last candle 2026-04-09T21:45+02:00[Europe/Madrid] vs threshold PT30M
2026-04-10 13:31:55.330 INFO  [scheduling-1] DataDownload : 📥 Data stale for SPY [HOUR_1]: last candle 2026-04-09T21:00+02:00[Europe/Madrid] vs threshold PT2H
2026-04-10 13:31:55.331 INFO  [scheduling-1] DataDownload : 📥 Auto-refreshing data for ticker: SPY
2026-04-10 13:32:12.404 INFO  [scheduling-1] DataDownload : ✅ Refreshed 4 timeframes for SPY
2026-04-10 13:32:12.407 INFO  [scheduling-1] DataDownload : 📥 Data stale for TSLA [MIN_5]: last candle 2026-04-09T21:55+02:00[Europe/Madrid] vs threshold PT15M
2026-04-10 13:32:12.407 INFO  [scheduling-1] DataDownload : 📥 Data stale for TSLA [MIN_15]: last candle 2026-04-09T21:45+02:00[Europe/Madrid] vs threshold PT30M
2026-04-10 13:32:12.408 INFO  [scheduling-1] DataDownload : 📥 Data stale for TSLA [HOUR_1]: last candle 2026-04-09T21:00+02:00[Europe/Madrid] vs threshold PT2H
2026-04-10 13:32:12.408 INFO  [scheduling-1] DataDownload : 📥 Auto-refreshing data for ticker: TSLA
2026-04-10 13:32:22.543 INFO  [scheduling-1] DataDownload : ✅ Refreshed 4 timeframes for TSLA
2026-04-10 13:32:22.545 INFO  [scheduling-1] DataDownload : 📥 Data stale for V [MIN_5]: last candle 2026-04-09T21:55+02:00[Europe/Madrid] vs threshold PT15M
2026-04-10 13:32:22.546 INFO  [scheduling-1] DataDownload : 📥 Data stale for V [MIN_15]: last candle 2026-04-09T21:45+02:00[Europe/Madrid] vs threshold PT30M
2026-04-10 13:32:22.547 INFO  [scheduling-1] DataDownload : 📥 Data stale for V [HOUR_1]: last candle 2026-04-09T21:00+02:00[Europe/Madrid] vs threshold PT2H
2026-04-10 13:32:22.547 INFO  [scheduling-1] DataDownload : 📥 Auto-refreshing data for ticker: V
2026-04-10 13:32:32.783 INFO  [scheduling-1] DataDownload : ✅ Refreshed 4 timeframes for V
2026-04-10 13:32:32.786 INFO  [scheduling-1] DataDownload : 📥 Data stale for XOM [MIN_5]: last candle 2026-04-09T21:55+02:00[Europe/Madrid] vs threshold PT15M
2026-04-10 13:32:32.787 INFO  [scheduling-1] DataDownload : 📥 Data stale for XOM [MIN_15]: last candle 2026-04-09T21:45+02:00[Europe/Madrid] vs threshold PT30M
2026-04-10 13:32:32.788 INFO  [scheduling-1] DataDownload : 📥 Data stale for XOM [HOUR_1]: last candle 2026-04-09T21:00+02:00[Europe/Madrid] vs threshold PT2H
2026-04-10 13:32:32.788 INFO  [scheduling-1] DataDownload : 📥 Auto-refreshing data for ticker: XOM
2026-04-10 13:32:42.837 INFO  [scheduling-1] DataDownload : ✅ Refreshed 4 timeframes for XOM
2026-04-10 13:32:42.840 INFO  [scheduling-1] DataDownload : 📥 Data stale for A [MIN_5]: last candle 2026-04-09T21:55+02:00[Europe/Madrid] vs threshold PT15M
2026-04-10 13:32:42.841 INFO  [scheduling-1] DataDownload : 📥 Data stale for A [MIN_15]: last candle 2026-04-09T21:45+02:00[Europe/Madrid] vs threshold PT30M
2026-04-10 13:32:42.842 INFO  [scheduling-1] DataDownload : 📥 Data stale for A [HOUR_1]: last candle 2026-04-09T21:00+02:00[Europe/Madrid] vs threshold PT2H
2026-04-10 13:32:42.842 INFO  [scheduling-1] DataDownload : 📥 Auto-refreshing data for ticker: A
2026-04-10 13:32:55.193 INFO  [scheduling-1] DataDownload : ✅ Refreshed 4 timeframes for A
2026-04-10 13:32:55.197 INFO  [scheduling-1] DataDownload : 📥 Data stale for AAL [MIN_5]: last candle 2026-04-09T21:55+02:00[Europe/Madrid] vs threshold PT15M
2026-04-10 13:32:55.198 INFO  [scheduling-1] DataDownload : 📥 Data stale for AAL [MIN_15]: last candle 2026-04-09T21:45+02:00[Europe/Madrid] vs threshold PT30M
2026-04-10 13:32:55.200 INFO  [scheduling-1] DataDownload : 📥 Data stale for AAL [HOUR_1]: last candle 2026-04-09T21:00+02:00[Europe/Madrid] vs threshold PT2H
2026-04-10 13:32:55.201 INFO  [scheduling-1] DataDownload : 📥 Auto-refreshing data for ticker: AAL
2026-04-10 13:33:12.086 INFO  [scheduling-1] DataDownload : ✅ Refreshed 4 timeframes for AAL
2026-04-10 13:33:12.092 INFO  [scheduling-1] DataDownload : 📥 Data stale for ABBV [MIN_5]: last candle 2026-04-09T21:55+02:00[Europe/Madrid] vs threshold PT15M
2026-04-10 13:33:12.094 INFO  [scheduling-1] DataDownload : 📥 Data stale for ABBV [MIN_15]: last candle 2026-04-09T21:45+02:00[Europe/Madrid] vs threshold PT30M
2026-04-10 13:33:12.096 INFO  [scheduling-1] DataDownload : 📥 Data stale for ABBV [HOUR_1]: last candle 2026-04-09T21:00+02:00[Europe/Madrid] vs threshold PT2H
2026-04-10 13:33:12.097 INFO  [scheduling-1] DataDownload : 📥 Auto-refreshing data for ticker: ABBV
2026-04-10 13:33:22.443 INFO  [scheduling-1] DataDownload : ✅ Refreshed 4 timeframes for ABBV
2026-04-10 13:33:22.448 INFO  [scheduling-1] DataDownload : 📥 Data stale for ABNB [MIN_5]: last candle 2026-04-09T21:55+02:00[Europe/Madrid] vs threshold PT15M
2026-04-10 13:33:22.449 INFO  [scheduling-1] DataDownload : 📥 Data stale for ABNB [MIN_15]: last candle 2026-04-09T21:45+02:00[Europe/Madrid] vs threshold PT30M
2026-04-10 13:33:22.449 INFO  [scheduling-1] DataDownload : 📥 Data stale for ABNB [HOUR_1]: last candle 2026-04-09T21:00+02:00[Europe/Madrid] vs threshold PT2H
2026-04-10 13:33:22.450 INFO  [scheduling-1] DataDownload : 📥 Auto-refreshing data for ticker: ABNB
2026-04-10 13:33:32.332 INFO  [scheduling-1] DataDownload : ✅ Refreshed 4 timeframes for ABNB
2026-04-10 13:33:32.337 INFO  [scheduling-1] DataDownload : 📥 Data stale for ABT [MIN_5]: last candle 2026-04-09T21:55+02:00[Europe/Madrid] vs threshold PT15M
2026-04-10 13:33:32.338 INFO  [scheduling-1] DataDownload : 📥 Data stale for ABT [MIN_15]: last candle 2026-04-09T21:45+02:00[Europe/Madrid] vs threshold PT30M
2026-04-10 13:33:32.338 INFO  [scheduling-1] DataDownload : 📥 Data stale for ABT [HOUR_1]: last candle 2026-04-09T21:00+02:00[Europe/Madrid] vs threshold PT2H
2026-04-10 13:33:32.338 INFO  [scheduling-1] DataDownload : 📥 Auto-refreshing data for ticker: ABT
2026-04-10 13:33:43.109 INFO  [scheduling-1] DataDownload : ✅ Refreshed 4 timeframes for ABT
2026-04-10 13:33:43.119 INFO  [scheduling-1] DataDownload : 📥 Data stale for ACGL [MIN_5]: last candle 2026-04-09T21:55+02:00[Europe/Madrid] vs threshold PT15M
2026-04-10 13:33:43.125 INFO  [scheduling-1] DataDownload : 📥 Data stale for ACGL [MIN_15]: last candle 2026-04-09T21:45+02:00[Europe/Madrid] vs threshold PT30M
2026-04-10 13:33:43.129 INFO  [scheduling-1] DataDownload : 📥 Data stale for ACGL [HOUR_1]: last candle 2026-04-09T21:00+02:00[Europe/Madrid] vs threshold PT2H
2026-04-10 13:33:43.130 INFO  [scheduling-1] DataDownload : 📥 Auto-refreshing data for ticker: ACGL
2026-04-10 13:33:55.131 INFO  [scheduling-1] DataDownload : ✅ Refreshed 4 timeframes for ACGL
2026-04-10 13:33:55.131 INFO  [scheduling-1] DataDownload : 📥 Data stale for ACN [MIN_5]: last candle 2026-04-09T21:55+02:00[Europe/Madrid] vs threshold PT15M
2026-04-10 13:33:55.136 INFO  [scheduling-1] DataDownload : 📥 Data stale for ACN [MIN_15]: last candle 2026-04-09T21:45+02:00[Europe/Madrid] vs threshold PT30M
2026-04-10 13:33:55.136 INFO  [scheduling-1] DataDownload : 📥 Data stale for ACN [HOUR_1]: last candle 2026-04-09T21:00+02:00[Europe/Madrid] vs threshold PT2H
2026-04-10 13:33:55.139 INFO  [scheduling-1] DataDownload : 📥 Auto-refreshing data for ticker: ACN
2026-04-10 13:34:12.392 INFO  [scheduling-1] DataDownload : ✅ Refreshed 4 timeframes for ACN
2026-04-10 13:34:12.400 INFO  [scheduling-1] DataDownload : 📥 Data stale for ADBE [MIN_5]: last candle 2026-04-09T21:55+02:00[Europe/Madrid] vs threshold PT15M
2026-04-10 13:34:12.403 INFO  [scheduling-1] DataDownload : 📥 Data stale for ADBE [MIN_15]: last candle 2026-04-09T21:45+02:00[Europe/Madrid] vs threshold PT30M
2026-04-10 13:34:12.407 INFO  [scheduling-1] DataDownload : 📥 Data stale for ADBE [HOUR_1]: last candle 2026-04-09T21:00+02:00[Europe/Madrid] vs threshold PT2H
2026-04-10 13:34:12.409 INFO  [scheduling-1] DataDownload : 📥 Auto-refreshing data for ticker: ADBE
2026-04-10 13:34:22.382 INFO  [scheduling-1] DataDownload : ✅ Refreshed 4 timeframes for ADBE
2026-04-10 13:34:22.387 INFO  [scheduling-1] DataDownload : 📥 Data stale for ADI [MIN_5]: last candle 2026-04-09T21:55+02:00[Europe/Madrid] vs threshold PT15M
2026-04-10 13:34:22.389 INFO  [scheduling-1] DataDownload : 📥 Data stale for ADI [MIN_15]: last candle 2026-04-09T21:45+02:00[Europe/Madrid] vs threshold PT30M
2026-04-10 13:34:22.390 INFO  [scheduling-1] DataDownload : 📥 Data stale for ADI [HOUR_1]: last candle 2026-04-09T21:00+02:00[Europe/Madrid] vs threshold PT2H
2026-04-10 13:34:22.391 INFO  [scheduling-1] DataDownload : 📥 Auto-refreshing data for ticker: ADI
2026-04-10 13:34:32.618 INFO  [scheduling-1] DataDownload : ✅ Refreshed 4 timeframes for ADI
2026-04-10 13:34:32.631 INFO  [scheduling-1] DataDownload : 📥 Data stale for ADM [MIN_5]: last candle 2026-04-09T21:55+02:00[Europe/Madrid] vs threshold PT15M
2026-04-10 13:34:32.631 INFO  [scheduling-1] DataDownload : 📥 Data stale for ADM [MIN_15]: last candle 2026-04-09T21:45+02:00[Europe/Madrid] vs threshold PT30M
2026-04-10 13:34:32.631 INFO  [scheduling-1] DataDownload : 📥 Data stale for ADM [HOUR_1]: last candle 2026-04-09T21:00+02:00[Europe/Madrid] vs threshold PT2H
2026-04-10 13:34:32.631 INFO  [scheduling-1] DataDownload : 📥 Auto-refreshing data for ticker: ADM
2026-04-10 13:34:42.741 INFO  [scheduling-1] DataDownload : ✅ Refreshed 4 timeframes for ADM
2026-04-10 13:34:42.745 INFO  [scheduling-1] DataDownload : 📥 Data stale for ADP [MIN_5]: last candle 2026-04-09T21:55+02:00[Europe/Madrid] vs threshold PT15M
2026-04-10 13:34:42.747 INFO  [scheduling-1] DataDownload : 📥 Data stale for ADP [MIN_15]: last candle 2026-04-09T21:45+02:00[Europe/Madrid] vs threshold PT30M
2026-04-10 13:34:42.748 INFO  [scheduling-1] DataDownload : 📥 Data stale for ADP [HOUR_1]: last candle 2026-04-09T21:00+02:00[Europe/Madrid] vs threshold PT2H
2026-04-10 13:34:42.749 INFO  [scheduling-1] DataDownload : 📥 Auto-refreshing data for ticker: ADP
2026-04-10 13:34:55.259 INFO  [scheduling-1] DataDownload : ✅ Refreshed 4 timeframes for ADP
2026-04-10 13:34:55.265 INFO  [scheduling-1] DataDownload : 📥 Data stale for ADSK [MIN_5]: last candle 2026-04-09T21:55+02:00[Europe/Madrid] vs threshold PT15M
2026-04-10 13:34:55.265 INFO  [scheduling-1] DataDownload : 📥 Data stale for ADSK [MIN_15]: last candle 2026-04-09T21:45+02:00[Europe/Madrid] vs threshold PT30M
2026-04-10 13:34:55.265 INFO  [scheduling-1] DataDownload : 📥 Data stale for ADSK [HOUR_1]: last candle 2026-04-09T21:00+02:00[Europe/Madrid] vs threshold PT2H
2026-04-10 13:34:55.265 INFO  [scheduling-1] DataDownload : 📥 Auto-refreshing data for ticker: ADSK
2026-04-10 13:35:12.221 INFO  [scheduling-1] DataDownload : ✅ Refreshed 4 timeframes for ADSK
2026-04-10 13:35:12.221 INFO  [scheduling-1] DataDownload : 📥 Data stale for AEE [MIN_5]: last candle 2026-04-09T21:55+02:00[Europe/Madrid] vs threshold PT15M
2026-04-10 13:35:12.221 INFO  [scheduling-1] DataDownload : 📥 Data stale for AEE [MIN_15]: last candle 2026-04-09T21:45+02:00[Europe/Madrid] vs threshold PT30M
2026-04-10 13:35:12.229 INFO  [scheduling-1] DataDownload : 📥 Data stale for AEE [HOUR_1]: last candle 2026-04-09T21:00+02:00[Europe/Madrid] vs threshold PT2H
2026-04-10 13:35:12.229 INFO  [scheduling-1] DataDownload : 📥 Auto-refreshing data for ticker: AEE
2026-04-10 13:35:22.342 INFO  [scheduling-1] DataDownload : ✅ Refreshed 4 timeframes for AEE
2026-04-10 13:35:22.350 INFO  [scheduling-1] DataDownload : 📥 Data stale for AEP [MIN_5]: last candle 2026-04-09T21:55+02:00[Europe/Madrid] vs threshold PT15M
2026-04-10 13:35:22.352 INFO  [scheduling-1] DataDownload : 📥 Data stale for AEP [MIN_15]: last candle 2026-04-09T21:45+02:00[Europe/Madrid] vs threshold PT30M
2026-04-10 13:35:22.355 INFO  [scheduling-1] DataDownload : 📥 Data stale for AEP [HOUR_1]: last candle 2026-04-09T21:00+02:00[Europe/Madrid] vs threshold PT2H
2026-04-10 13:35:22.356 INFO  [scheduling-1] DataDownload : 📥 Auto-refreshing data for ticker: AEP
2026-04-10 13:35:32.488 INFO  [scheduling-1] DataDownload : ✅ Refreshed 4 timeframes for AEP
2026-04-10 13:35:32.496 INFO  [scheduling-1] DataDownload : 📥 Data stale for AES [MIN_5]: last candle 2026-04-09T21:55+02:00[Europe/Madrid] vs threshold PT15M
2026-04-10 13:35:32.499 INFO  [scheduling-1] DataDownload : 📥 Data stale for AES [MIN_15]: last candle 2026-04-09T21:45+02:00[Europe/Madrid] vs threshold PT30M
2026-04-10 13:35:32.503 INFO  [scheduling-1] DataDownload : 📥 Data stale for AES [HOUR_1]: last candle 2026-04-09T21:00+02:00[Europe/Madrid] vs threshold PT2H
2026-04-10 13:35:32.505 INFO  [scheduling-1] DataDownload : 📥 Auto-refreshing data for ticker: AES
2026-04-10 13:35:42.612 INFO  [scheduling-1] DataDownload : ✅ Refreshed 4 timeframes for AES
2026-04-10 13:35:42.618 INFO  [scheduling-1] DataDownload : 📥 Data stale for AFG [MIN_5]: last candle 2026-04-09T21:55+02:00[Europe/Madrid] vs threshold PT15M
2026-04-10 13:35:42.621 INFO  [scheduling-1] DataDownload : 📥 Data stale for AFG [MIN_15]: last candle 2026-04-09T21:45+02:00[Europe/Madrid] vs threshold PT30M
2026-04-10 13:35:42.623 INFO  [scheduling-1] DataDownload : 📥 Data stale for AFG [HOUR_1]: last candle 2026-04-09T21:00+02:00[Europe/Madrid] vs threshold PT2H
2026-04-10 13:35:42.624 INFO  [scheduling-1] DataDownload : 📥 Auto-refreshing data for ticker: AFG
2026-04-10 13:35:55.253 INFO  [scheduling-1] DataDownload : ✅ Refreshed 4 timeframes for AFG
2026-04-10 13:35:55.256 INFO  [scheduling-1] DataDownload : 📥 Data stale for AFL [MIN_5]: last candle 2026-04-09T21:55+02:00[Europe/Madrid] vs threshold PT15M
2026-04-10 13:35:55.256 INFO  [scheduling-1] DataDownload : 📥 Data stale for AFL [MIN_15]: last candle 2026-04-09T21:45+02:00[Europe/Madrid] vs threshold PT30M
2026-04-10 13:35:55.256 INFO  [scheduling-1] DataDownload : 📥 Data stale for AFL [HOUR_1]: last candle 2026-04-09T21:00+02:00[Europe/Madrid] vs threshold PT2H
2026-04-10 13:35:55.256 INFO  [scheduling-1] DataDownload : 📥 Auto-refreshing data for ticker: AFL
2026-04-10 13:36:12.557 INFO  [scheduling-1] DataDownload : ✅ Refreshed 4 timeframes for AFL
2026-04-10 13:36:12.567 INFO  [scheduling-1] DataDownload : 📥 Data stale for AFRM [MIN_5]: last candle 2026-04-09T21:55+02:00[Europe/Madrid] vs threshold PT15M
2026-04-10 13:36:12.569 INFO  [scheduling-1] DataDownload : 📥 Data stale for AFRM [MIN_15]: last candle 2026-04-09T21:45+02:00[Europe/Madrid] vs threshold PT30M
2026-04-10 13:36:12.573 INFO  [scheduling-1] DataDownload : 📥 Data stale for AFRM [HOUR_1]: last candle 2026-04-09T21:00+02:00[Europe/Madrid] vs threshold PT2H
2026-04-10 13:36:12.576 INFO  [scheduling-1] DataDownload : 📥 Auto-refreshing data for ticker: AFRM
2026-04-10 13:36:22.469 INFO  [scheduling-1] DataDownload : ✅ Refreshed 4 timeframes for AFRM
2026-04-10 13:36:22.472 INFO  [scheduling-1] DataDownload : 📥 Data stale for AIG [MIN_5]: last candle 2026-04-09T21:55+02:00[Europe/Madrid] vs threshold PT15M
2026-04-10 13:36:22.472 INFO  [scheduling-1] DataDownload : 📥 Data stale for AIG [MIN_15]: last candle 2026-04-09T21:45+02:00[Europe/Madrid] vs threshold PT30M
2026-04-10 13:36:22.478 INFO  [scheduling-1] DataDownload : 📥 Data stale for AIG [HOUR_1]: last candle 2026-04-09T21:00+02:00[Europe/Madrid] vs threshold PT2H
2026-04-10 13:36:22.478 INFO  [scheduling-1] DataDownload : 📥 Auto-refreshing data for ticker: AIG
2026-04-10 13:36:32.579 INFO  [scheduling-1] DataDownload : ✅ Refreshed 4 timeframes for AIG
2026-04-10 13:36:32.585 INFO  [scheduling-1] DataDownload : 📥 Data stale for AIZ [MIN_5]: last candle 2026-04-09T21:55+02:00[Europe/Madrid] vs threshold PT15M
2026-04-10 13:36:32.586 INFO  [scheduling-1] DataDownload : 📥 Data stale for AIZ [MIN_15]: last candle 2026-04-09T21:45+02:00[Europe/Madrid] vs threshold PT30M
2026-04-10 13:36:32.592 INFO  [scheduling-1] DataDownload : 📥 Data stale for AIZ [HOUR_1]: last candle 2026-04-09T21:00+02:00[Europe/Madrid] vs threshold PT2H
2026-04-10 13:36:32.592 INFO  [scheduling-1] DataDownload : 📥 Auto-refreshing data for ticker: AIZ
2026-04-10 13:36:43.240 INFO  [scheduling-1] DataDownload : ✅ Refreshed 4 timeframes for AIZ
2026-04-10 13:36:43.247 INFO  [scheduling-1] DataDownload : 📥 Data stale for AJG [MIN_5]: last candle 2026-04-09T21:55+02:00[Europe/Madrid] vs threshold PT15M
2026-04-10 13:36:43.248 INFO  [scheduling-1] DataDownload : 📥 Data stale for AJG [MIN_15]: last candle 2026-04-09T21:45+02:00[Europe/Madrid] vs threshold PT30M
2026-04-10 13:36:43.248 INFO  [scheduling-1] DataDownload : 📥 Data stale for AJG [HOUR_1]: last candle 2026-04-09T21:00+02:00[Europe/Madrid] vs threshold PT2H
2026-04-10 13:36:43.248 INFO  [scheduling-1] DataDownload : 📥 Auto-refreshing data for ticker: AJG
2026-04-10 13:36:55.578 INFO  [scheduling-1] DataDownload : ✅ Refreshed 4 timeframes for AJG
2026-04-10 13:36:55.585 INFO  [scheduling-1] DataDownload : 📥 Data stale for AKAM [MIN_5]: last candle 2026-04-09T21:55+02:00[Europe/Madrid] vs threshold PT15M
2026-04-10 13:36:55.587 INFO  [scheduling-1] DataDownload : 📥 Data stale for AKAM [MIN_15]: last candle 2026-04-09T21:45+02:00[Europe/Madrid] vs threshold PT30M
2026-04-10 13:36:55.591 INFO  [scheduling-1] DataDownload : 📥 Data stale for AKAM [HOUR_1]: last candle 2026-04-09T21:00+02:00[Europe/Madrid] vs threshold PT2H
2026-04-10 13:36:55.592 INFO  [scheduling-1] DataDownload : 📥 Auto-refreshing data for ticker: AKAM
2026-04-10 13:37:12.319 INFO  [scheduling-1] DataDownload : ✅ Refreshed 4 timeframes for AKAM
2026-04-10 13:37:12.335 INFO  [scheduling-1] DataDownload : 📥 Data stale for ALB [MIN_5]: last candle 2026-04-09T21:55+02:00[Europe/Madrid] vs threshold PT15M
2026-04-10 13:37:12.335 INFO  [scheduling-1] DataDownload : 📥 Data stale for ALB [MIN_15]: last candle 2026-04-09T21:45+02:00[Europe/Madrid] vs threshold PT30M
2026-04-10 13:37:12.342 INFO  [scheduling-1] DataDownload : 📥 Data stale for ALB [HOUR_1]: last candle 2026-04-09T21:00+02:00[Europe/Madrid] vs threshold PT2H
2026-04-10 13:37:12.342 INFO  [scheduling-1] DataDownload : 📥 Auto-refreshing data for ticker: ALB
2026-04-10 13:37:22.734 INFO  [scheduling-1] DataDownload : ✅ Refreshed 4 timeframes for ALB
2026-04-10 13:37:22.742 INFO  [scheduling-1] DataDownload : 📥 Data stale for ALGN [MIN_5]: last candle 2026-04-09T21:55+02:00[Europe/Madrid] vs threshold PT15M
2026-04-10 13:37:22.746 INFO  [scheduling-1] DataDownload : 📥 Data stale for ALGN [MIN_15]: last candle 2026-04-09T21:45+02:00[Europe/Madrid] vs threshold PT30M
2026-04-10 13:37:22.746 INFO  [scheduling-1] DataDownload : 📥 Data stale for ALGN [HOUR_1]: last candle 2026-04-09T21:00+02:00[Europe/Madrid] vs threshold PT2H
2026-04-10 13:37:22.751 INFO  [scheduling-1] DataDownload : 📥 Auto-refreshing data for ticker: ALGN
2026-04-10 13:37:32.533 INFO  [scheduling-1] DataDownload : ✅ Refreshed 4 timeframes for ALGN
2026-04-10 13:37:32.542 INFO  [scheduling-1] DataDownload : 📥 Data stale for ALL [MIN_5]: last candle 2026-04-09T21:55+02:00[Europe/Madrid] vs threshold PT15M
2026-04-10 13:37:32.545 INFO  [scheduling-1] DataDownload : 📥 Data stale for ALL [MIN_15]: last candle 2026-04-09T21:45+02:00[Europe/Madrid] vs threshold PT30M
2026-04-10 13:37:32.548 INFO  [scheduling-1] DataDownload : 📥 Data stale for ALL [HOUR_1]: last candle 2026-04-09T21:00+02:00[Europe/Madrid] vs threshold PT2H
2026-04-10 13:37:32.549 INFO  [scheduling-1] DataDownload : 📥 Auto-refreshing data for ticker: ALL
2026-04-10 13:37:42.689 INFO  [scheduling-1] DataDownload : ✅ Refreshed 4 timeframes for ALL
2026-04-10 13:37:42.694 INFO  [scheduling-1] DataDownload : 📥 Data stale for ALLE [MIN_5]: last candle 2026-04-09T21:55+02:00[Europe/Madrid] vs threshold PT15M
2026-04-10 13:37:42.696 INFO  [scheduling-1] DataDownload : 📥 Data stale for ALLE [MIN_15]: last candle 2026-04-09T21:45+02:00[Europe/Madrid] vs threshold PT30M
2026-04-10 13:37:42.700 INFO  [scheduling-1] DataDownload : 📥 Data stale for ALLE [HOUR_1]: last candle 2026-04-09T21:00+02:00[Europe/Madrid] vs threshold PT2H
2026-04-10 13:37:42.701 INFO  [scheduling-1] DataDownload : 📥 Auto-refreshing data for ticker: ALLE
2026-04-10 13:37:55.164 INFO  [scheduling-1] DataDownload : ✅ Refreshed 4 timeframes for ALLE
2026-04-10 13:37:55.169 INFO  [scheduling-1] DataDownload : 📥 Data stale for AMAT [MIN_5]: last candle 2026-04-09T21:55+02:00[Europe/Madrid] vs threshold PT15M
2026-04-10 13:37:55.170 INFO  [scheduling-1] DataDownload : 📥 Data stale for AMAT [MIN_15]: last candle 2026-04-09T21:45+02:00[Europe/Madrid] vs threshold PT30M
2026-04-10 13:37:55.172 INFO  [scheduling-1] DataDownload : 📥 Data stale for AMAT [HOUR_1]: last candle 2026-04-09T21:00+02:00[Europe/Madrid] vs threshold PT2H
2026-04-10 13:37:55.173 INFO  [scheduling-1] DataDownload : 📥 Auto-refreshing data for ticker: AMAT
2026-04-10 13:38:12.447 INFO  [scheduling-1] DataDownload : ✅ Refreshed 4 timeframes for AMAT
2026-04-10 13:38:12.451 INFO  [scheduling-1] DataDownload : 📥 Data stale for AMCR [MIN_5]: last candle 2026-04-09T21:55+02:00[Europe/Madrid] vs threshold PT15M
2026-04-10 13:38:12.453 INFO  [scheduling-1] DataDownload : 📥 Data stale for AMCR [MIN_15]: last candle 2026-04-09T21:45+02:00[Europe/Madrid] vs threshold PT30M
2026-04-10 13:38:12.454 INFO  [scheduling-1] DataDownload : 📥 Data stale for AMCR [HOUR_1]: last candle 2026-04-09T21:00+02:00[Europe/Madrid] vs threshold PT2H
2026-04-10 13:38:12.455 INFO  [scheduling-1] DataDownload : 📥 Auto-refreshing data for ticker: AMCR
2026-04-10 13:38:23.511 INFO  [scheduling-1] DataDownload : ✅ Refreshed 4 timeframes for AMCR
2026-04-10 13:38:23.520 INFO  [scheduling-1] DataDownload : 📥 Data stale for AMDL [MIN_5]: last candle 2026-04-09T21:55+02:00[Europe/Madrid] vs threshold PT15M
2026-04-10 13:38:23.520 INFO  [scheduling-1] DataDownload : 📥 Data stale for AMDL [MIN_15]: last candle 2026-04-09T21:45+02:00[Europe/Madrid] vs threshold PT30M
2026-04-10 13:38:23.527 INFO  [scheduling-1] DataDownload : 📥 Data stale for AMDL [HOUR_1]: last candle 2026-04-09T21:00+02:00[Europe/Madrid] vs threshold PT2H
2026-04-10 13:38:23.527 INFO  [scheduling-1] DataDownload : 📥 Auto-refreshing data for ticker: AMDL
2026-04-10 13:38:33.641 INFO  [scheduling-1] DataDownload : ✅ Refreshed 4 timeframes for AMDL
2026-04-10 13:38:33.647 INFO  [scheduling-1] DataDownload : 📥 Data stale for AME [MIN_5]: last candle 2026-04-09T21:55+02:00[Europe/Madrid] vs threshold PT15M
2026-04-10 13:38:33.651 INFO  [scheduling-1] DataDownload : 📥 Data stale for AME [MIN_15]: last candle 2026-04-09T21:45+02:00[Europe/Madrid] vs threshold PT30M
2026-04-10 13:38:33.651 INFO  [scheduling-1] DataDownload : 📥 Data stale for AME [HOUR_1]: last candle 2026-04-09T21:00+02:00[Europe/Madrid] vs threshold PT2H
2026-04-10 13:38:33.657 INFO  [scheduling-1] DataDownload : 📥 Auto-refreshing data for ticker: AME
2026-04-10 13:38:43.616 INFO  [scheduling-1] DataDownload : ✅ Refreshed 4 timeframes for AME
2026-04-10 13:38:43.621 INFO  [scheduling-1] DataDownload : 📥 Data stale for AMGN [MIN_5]: last candle 2026-04-09T21:55+02:00[Europe/Madrid] vs threshold PT15M
2026-04-10 13:38:43.623 INFO  [scheduling-1] DataDownload : 📥 Data stale for AMGN [MIN_15]: last candle 2026-04-09T21:45+02:00[Europe/Madrid] vs threshold PT30M
2026-04-10 13:38:43.626 INFO  [scheduling-1] DataDownload : 📥 Data stale for AMGN [HOUR_1]: last candle 2026-04-09T21:00+02:00[Europe/Madrid] vs threshold PT2H
2026-04-10 13:38:43.627 INFO  [scheduling-1] DataDownload : 📥 Auto-refreshing data for ticker: AMGN
2026-04-10 13:39:07.443 INFO  [scheduling-1] DataDownload : ✅ Refreshed 4 timeframes for AMGN
2026-04-10 13:39:07.446 INFO  [scheduling-1] DataDownload : 📥 Data stale for AMP [MIN_5]: last candle 2026-04-09T21:55+02:00[Europe/Madrid] vs threshold PT15M
2026-04-10 13:39:07.448 INFO  [scheduling-1] DataDownload : 📥 Data stale for AMP [MIN_15]: last candle 2026-04-09T21:45+02:00[Europe/Madrid] vs threshold PT30M
2026-04-10 13:39:07.449 INFO  [scheduling-1] DataDownload : 📥 Data stale for AMP [HOUR_1]: last candle 2026-04-09T21:00+02:00[Europe/Madrid] vs threshold PT2H
2026-04-10 13:39:07.450 INFO  [scheduling-1] DataDownload : 📥 Auto-refreshing data for ticker: AMP
2026-04-10 13:39:17.882 INFO  [scheduling-1] DataDownload : ✅ Refreshed 4 timeframes for AMP
2026-04-10 13:39:17.886 INFO  [scheduling-1] DataDownload : 📥 Data stale for AMT [MIN_5]: last candle 2026-04-09T21:55+02:00[Europe/Madrid] vs threshold PT15M
2026-04-10 13:39:17.887 INFO  [scheduling-1] DataDownload : 📥 Data stale for AMT [MIN_15]: last candle 2026-04-09T21:45+02:00[Europe/Madrid] vs threshold PT30M
2026-04-10 13:39:17.888 INFO  [scheduling-1] DataDownload : 📥 Data stale for AMT [HOUR_1]: last candle 2026-04-09T21:00+02:00[Europe/Madrid] vs threshold PT2H
2026-04-10 13:39:17.889 INFO  [scheduling-1] DataDownload : 📥 Auto-refreshing data for ticker: AMT
2026-04-10 13:39:28.018 INFO  [scheduling-1] DataDownload : ✅ Refreshed 4 timeframes for AMT
2026-04-10 13:39:28.021 INFO  [scheduling-1] DataDownload : 📥 Data stale for ANET [MIN_5]: last candle 2026-04-09T21:55+02:00[Europe/Madrid] vs threshold PT15M
2026-04-10 13:39:28.021 INFO  [scheduling-1] DataDownload : 📥 Data stale for ANET [MIN_15]: last candle 2026-04-09T21:45+02:00[Europe/Madrid] vs threshold PT30M
2026-04-10 13:39:28.022 INFO  [scheduling-1] DataDownload : 📥 Data stale for ANET [HOUR_1]: last candle 2026-04-09T21:00+02:00[Europe/Madrid] vs threshold PT2H
2026-04-10 13:39:28.024 INFO  [scheduling-1] DataDownload : 📥 Auto-refreshing data for ticker: ANET
2026-04-10 13:39:38.909 INFO  [scheduling-1] DataDownload : ✅ Refreshed 4 timeframes for ANET
2026-04-10 13:39:38.921 INFO  [scheduling-1] DataDownload : 📥 Data stale for AON [MIN_5]: last candle 2026-04-09T21:55+02:00[Europe/Madrid] vs threshold PT15M
2026-04-10 13:39:38.924 INFO  [scheduling-1] DataDownload : 📥 Data stale for AON [MIN_15]: last candle 2026-04-09T21:45+02:00[Europe/Madrid] vs threshold PT30M
2026-04-10 13:39:38.928 INFO  [scheduling-1] DataDownload : 📥 Data stale for AON [HOUR_1]: last candle 2026-04-09T21:00+02:00[Europe/Madrid] vs threshold PT2H
2026-04-10 13:39:38.930 INFO  [scheduling-1] DataDownload : 📥 Auto-refreshing data for ticker: AON
2026-04-10 13:39:49.058 INFO  [scheduling-1] DataDownload : ✅ Refreshed 4 timeframes for AON
2026-04-10 13:39:49.059 INFO  [scheduling-1] DataDownload : 📥 Data stale for AOS [MIN_5]: last candle 2026-04-09T21:55+02:00[Europe/Madrid] vs threshold PT15M
2026-04-10 13:39:49.059 INFO  [scheduling-1] DataDownload : 📥 Data stale for AOS [MIN_15]: last candle 2026-04-09T21:45+02:00[Europe/Madrid] vs threshold PT30M
2026-04-10 13:39:49.068 INFO  [scheduling-1] DataDownload : 📥 Data stale for AOS [HOUR_1]: last candle 2026-04-09T21:00+02:00[Europe/Madrid] vs threshold PT2H
2026-04-10 13:39:49.071 INFO  [scheduling-1] DataDownload : 📥 Auto-refreshing data for ticker: AOS
2026-04-10 13:40:07.151 INFO  [scheduling-1] DataDownload : ✅ Refreshed 4 timeframes for AOS
2026-04-10 13:40:07.156 INFO  [scheduling-1] DataDownload : 📥 Data stale for APA [MIN_5]: last candle 2026-04-09T21:55+02:00[Europe/Madrid] vs threshold PT15M
2026-04-10 13:40:07.157 INFO  [scheduling-1] DataDownload : 📥 Data stale for APA [MIN_15]: last candle 2026-04-09T21:45+02:00[Europe/Madrid] vs threshold PT30M
2026-04-10 13:40:07.158 INFO  [scheduling-1] DataDownload : 📥 Data stale for APA [HOUR_1]: last candle 2026-04-09T21:00+02:00[Europe/Madrid] vs threshold PT2H
2026-04-10 13:40:07.159 INFO  [scheduling-1] DataDownload : 📥 Auto-refreshing data for ticker: APA
2026-04-10 13:40:17.492 INFO  [scheduling-1] DataDownload : ✅ Refreshed 4 timeframes for APA
2026-04-10 13:40:17.507 INFO  [scheduling-1] DataDownload : 📥 Data stale for APD [MIN_5]: last candle 2026-04-09T21:55+02:00[Europe/Madrid] vs threshold PT15M
2026-04-10 13:40:17.509 INFO  [scheduling-1] DataDownload : 📥 Data stale for APD [MIN_15]: last candle 2026-04-09T21:45+02:00[Europe/Madrid] vs threshold PT30M
2026-04-10 13:40:17.511 INFO  [scheduling-1] DataDownload : 📥 Data stale for APD [HOUR_1]: last candle 2026-04-09T21:00+02:00[Europe/Madrid] vs threshold PT2H
2026-04-10 13:40:17.513 INFO  [scheduling-1] DataDownload : 📥 Auto-refreshing data for ticker: APD
2026-04-10 13:40:27.646 INFO  [scheduling-1] DataDownload : ✅ Refreshed 4 timeframes for APD
2026-04-10 13:40:27.649 INFO  [scheduling-1] DataDownload : 📥 Data stale for APH [MIN_5]: last candle 2026-04-09T21:55+02:00[Europe/Madrid] vs threshold PT15M
2026-04-10 13:40:27.650 INFO  [scheduling-1] DataDownload : 📥 Data stale for APH [MIN_15]: last candle 2026-04-09T21:45+02:00[Europe/Madrid] vs threshold PT30M
2026-04-10 13:40:27.651 INFO  [scheduling-1] DataDownload : 📥 Data stale for APH [HOUR_1]: last candle 2026-04-09T21:00+02:00[Europe/Madrid] vs threshold PT2H
2026-04-10 13:40:27.652 INFO  [scheduling-1] DataDownload : 📥 Auto-refreshing data for ticker: APH
2026-04-10 13:40:37.760 INFO  [scheduling-1] DataDownload : ✅ Refreshed 4 timeframes for APH
2026-04-10 13:40:37.769 INFO  [scheduling-1] DataDownload : 📥 Data stale for APTV [MIN_5]: last candle 2026-04-09T21:55+02:00[Europe/Madrid] vs threshold PT15M
2026-04-10 13:40:37.772 INFO  [scheduling-1] DataDownload : 📥 Data stale for APTV [MIN_15]: last candle 2026-04-09T21:45+02:00[Europe/Madrid] vs threshold PT30M
2026-04-10 13:40:37.777 INFO  [scheduling-1] DataDownload : 📥 Data stale for APTV [HOUR_1]: last candle 2026-04-09T21:00+02:00[Europe/Madrid] vs threshold PT2H
2026-04-10 13:40:37.779 INFO  [scheduling-1] DataDownload : 📥 Auto-refreshing data for ticker: APTV
2026-04-10 13:40:47.878 INFO  [scheduling-1] DataDownload : ✅ Refreshed 4 timeframes for APTV
2026-04-10 13:40:47.883 INFO  [scheduling-1] DataDownload : 📥 Data stale for ARE [MIN_5]: last candle 2026-04-09T21:55+02:00[Europe/Madrid] vs threshold PT15M
2026-04-10 13:40:47.883 INFO  [scheduling-1] DataDownload : 📥 Data stale for ARE [MIN_15]: last candle 2026-04-09T21:45+02:00[Europe/Madrid] vs threshold PT30M
2026-04-10 13:40:47.894 INFO  [scheduling-1] DataDownload : 📥 Data stale for ARE [HOUR_1]: last candle 2026-04-09T21:00+02:00[Europe/Madrid] vs threshold PT2H
2026-04-10 13:40:47.894 INFO  [scheduling-1] DataDownload : 📥 Auto-refreshing data for ticker: ARE
2026-04-10 13:41:07.185 INFO  [scheduling-1] DataDownload : ✅ Refreshed 4 timeframes for ARE
2026-04-10 13:41:07.194 INFO  [scheduling-1] DataDownload : 📥 Data stale for ARKK [MIN_5]: last candle 2026-04-09T21:55+02:00[Europe/Madrid] vs threshold PT15M
2026-04-10 13:41:07.197 INFO  [scheduling-1] DataDownload : 📥 Data stale for ARKK [MIN_15]: last candle 2026-04-09T21:45+02:00[Europe/Madrid] vs threshold PT30M
2026-04-10 13:41:07.202 INFO  [scheduling-1] DataDownload : 📥 Data stale for ARKK [HOUR_1]: last candle 2026-04-09T21:00+02:00[Europe/Madrid] vs threshold PT2H
2026-04-10 13:41:07.204 INFO  [scheduling-1] DataDownload : 📥 Auto-refreshing data for ticker: ARKK
2026-04-10 13:41:17.108 INFO  [scheduling-1] DataDownload : ✅ Refreshed 4 timeframes for ARKK
2026-04-10 13:41:17.116 INFO  [scheduling-1] DataDownload : 📥 Data stale for ARM [MIN_5]: last candle 2026-04-09T21:55+02:00[Europe/Madrid] vs threshold PT15M
2026-04-10 13:41:17.119 INFO  [scheduling-1] DataDownload : 📥 Data stale for ARM [MIN_15]: last candle 2026-04-09T21:45+02:00[Europe/Madrid] vs threshold PT30M
2026-04-10 13:41:17.119 INFO  [scheduling-1] DataDownload : 📥 Data stale for ARM [HOUR_1]: last candle 2026-04-09T21:00+02:00[Europe/Madrid] vs threshold PT2H
2026-04-10 13:41:17.119 INFO  [scheduling-1] DataDownload : 📥 Auto-refreshing data for ticker: ARM
2026-04-10 13:41:27.005 INFO  [scheduling-1] DataDownload : ✅ Refreshed 4 timeframes for ARM
2026-04-10 13:41:27.016 INFO  [scheduling-1] DataDownload : 📥 Data stale for ATO [MIN_5]: last candle 2026-04-09T21:55+02:00[Europe/Madrid] vs threshold PT15M
2026-04-10 13:41:27.018 INFO  [scheduling-1] DataDownload : 📥 Data stale for ATO [MIN_15]: last candle 2026-04-09T21:45+02:00[Europe/Madrid] vs threshold PT30M
2026-04-10 13:41:27.023 INFO  [scheduling-1] DataDownload : 📥 Data stale for ATO [HOUR_1]: last candle 2026-04-09T21:00+02:00[Europe/Madrid] vs threshold PT2H
2026-04-10 13:41:27.024 INFO  [scheduling-1] DataDownload : 📥 Auto-refreshing data for ticker: ATO
2026-04-10 13:41:37.160 INFO  [scheduling-1] DataDownload : ✅ Refreshed 4 timeframes for ATO
2026-04-10 13:41:37.173 INFO  [scheduling-1] DataDownload : 📥 Data stale for AVB [MIN_5]: last candle 2026-04-09T21:55+02:00[Europe/Madrid] vs threshold PT15M
2026-04-10 13:41:37.176 INFO  [scheduling-1] DataDownload : 📥 Data stale for AVB [MIN_15]: last candle 2026-04-09T21:45+02:00[Europe/Madrid] vs threshold PT30M
2026-04-10 13:41:37.181 INFO  [scheduling-1] DataDownload : 📥 Data stale for AVB [HOUR_1]: last candle 2026-04-09T21:00+02:00[Europe/Madrid] vs threshold PT2H
2026-04-10 13:41:37.184 INFO  [scheduling-1] DataDownload : 📥 Auto-refreshing data for ticker: AVB
2026-04-10 13:41:47.428 INFO  [scheduling-1] DataDownload : ✅ Refreshed 4 timeframes for AVB
2026-04-10 13:41:47.433 INFO  [scheduling-1] DataDownload : 📥 Data stale for AVGO [MIN_5]: last candle 2026-04-09T21:55+02:00[Europe/Madrid] vs threshold PT15M
2026-04-10 13:41:47.433 INFO  [scheduling-1] DataDownload : 📥 Data stale for AVGO [MIN_15]: last candle 2026-04-09T21:45+02:00[Europe/Madrid] vs threshold PT30M
2026-04-10 13:41:47.439 INFO  [scheduling-1] DataDownload : 📥 Data stale for AVGO [HOUR_1]: last candle 2026-04-09T21:00+02:00[Europe/Madrid] vs threshold PT2H
2026-04-10 13:41:47.441 INFO  [scheduling-1] DataDownload : 📥 Auto-refreshing data for ticker: AVGO
2026-04-10 13:42:07.419 INFO  [scheduling-1] DataDownload : ✅ Refreshed 4 timeframes for AVGO
2026-04-10 13:42:07.426 INFO  [scheduling-1] DataDownload : 📥 Data stale for AVY [MIN_5]: last candle 2026-04-09T21:55+02:00[Europe/Madrid] vs threshold PT15M
2026-04-10 13:42:07.429 INFO  [scheduling-1] DataDownload : 📥 Data stale for AVY [MIN_15]: last candle 2026-04-09T21:45+02:00[Europe/Madrid] vs threshold PT30M
2026-04-10 13:42:07.431 INFO  [scheduling-1] DataDownload : 📥 Data stale for AVY [HOUR_1]: last candle 2026-04-09T21:00+02:00[Europe/Madrid] vs threshold PT2H
2026-04-10 13:42:07.434 INFO  [scheduling-1] DataDownload : 📥 Auto-refreshing data for ticker: AVY
2026-04-10 13:42:17.640 INFO  [scheduling-1] DataDownload : ✅ Refreshed 4 timeframes for AVY
2026-04-10 13:42:17.651 INFO  [scheduling-1] DataDownload : 📥 Data stale for AWK [MIN_5]: last candle 2026-04-09T21:55+02:00[Europe/Madrid] vs threshold PT15M
2026-04-10 13:42:17.657 INFO  [scheduling-1] DataDownload : 📥 Data stale for AWK [MIN_15]: last candle 2026-04-09T21:45+02:00[Europe/Madrid] vs threshold PT30M
2026-04-10 13:42:17.660 INFO  [scheduling-1] DataDownload : 📥 Data stale for AWK [HOUR_1]: last candle 2026-04-09T21:00+02:00[Europe/Madrid] vs threshold PT2H
2026-04-10 13:42:17.664 INFO  [scheduling-1] DataDownload : 📥 Auto-refreshing data for ticker: AWK
2026-04-10 13:42:27.939 INFO  [scheduling-1] DataDownload : ✅ Refreshed 4 timeframes for AWK
2026-04-10 13:42:27.947 INFO  [scheduling-1] DataDownload : 📥 Data stale for AXON [MIN_5]: last candle 2026-04-09T21:55+02:00[Europe/Madrid] vs threshold PT15M
2026-04-10 13:42:27.947 INFO  [scheduling-1] DataDownload : 📥 Data stale for AXON [MIN_15]: last candle 2026-04-09T21:45+02:00[Europe/Madrid] vs threshold PT30M
2026-04-10 13:42:27.953 INFO  [scheduling-1] DataDownload : 📥 Data stale for AXON [HOUR_1]: last candle 2026-04-09T21:00+02:00[Europe/Madrid] vs threshold PT2H
2026-04-10 13:42:27.955 INFO  [scheduling-1] DataDownload : 📥 Auto-refreshing data for ticker: AXON
2026-04-10 13:42:37.843 INFO  [scheduling-1] DataDownload : ✅ Refreshed 4 timeframes for AXON
2026-04-10 13:42:37.851 INFO  [scheduling-1] DataDownload : 📥 Data stale for AXP [MIN_5]: last candle 2026-04-09T21:55+02:00[Europe/Madrid] vs threshold PT15M
2026-04-10 13:42:37.851 INFO  [scheduling-1] DataDownload : 📥 Data stale for AXP [MIN_15]: last candle 2026-04-09T21:45+02:00[Europe/Madrid] vs threshold PT30M
2026-04-10 13:42:37.860 INFO  [scheduling-1] DataDownload : 📥 Data stale for AXP [HOUR_1]: last candle 2026-04-09T21:00+02:00[Europe/Madrid] vs threshold PT2H
2026-04-10 13:42:37.860 INFO  [scheduling-1] DataDownload : 📥 Auto-refreshing data for ticker: AXP
2026-04-10 13:42:47.977 INFO  [scheduling-1] DataDownload : ✅ Refreshed 4 timeframes for AXP
2026-04-10 13:42:47.986 INFO  [scheduling-1] DataDownload : 📥 Data stale for AYI [MIN_5]: last candle 2026-04-09T21:55+02:00[Europe/Madrid] vs threshold PT15M
2026-04-10 13:42:47.991 INFO  [scheduling-1] DataDownload : 📥 Data stale for AYI [MIN_15]: last candle 2026-04-09T21:45+02:00[Europe/Madrid] vs threshold PT30M
2026-04-10 13:42:47.997 INFO  [scheduling-1] DataDownload : 📥 Data stale for AYI [HOUR_1]: last candle 2026-04-09T21:00+02:00[Europe/Madrid] vs threshold PT2H
2026-04-10 13:42:47.999 INFO  [scheduling-1] DataDownload : 📥 Auto-refreshing data for ticker: AYI
2026-04-10 13:43:07.367 INFO  [scheduling-1] DataDownload : ✅ Refreshed 4 timeframes for AYI
2026-04-10 13:43:07.375 INFO  [scheduling-1] DataDownload : 📥 Data stale for AZO [MIN_5]: last candle 2026-04-09T21:55+02:00[Europe/Madrid] vs threshold PT15M
2026-04-10 13:43:07.378 INFO  [scheduling-1] DataDownload : 📥 Data stale for AZO [MIN_15]: last candle 2026-04-09T21:45+02:00[Europe/Madrid] vs threshold PT30M
2026-04-10 13:43:07.383 INFO  [scheduling-1] DataDownload : 📥 Data stale for AZO [HOUR_1]: last candle 2026-04-09T21:00+02:00[Europe/Madrid] vs threshold PT2H
2026-04-10 13:43:07.383 INFO  [scheduling-1] DataDownload : 📥 Auto-refreshing data for ticker: AZO
2026-04-10 13:43:17.472 INFO  [scheduling-1] DataDownload : ✅ Refreshed 4 timeframes for AZO
2026-04-10 13:43:17.483 INFO  [scheduling-1] DataDownload : 📥 Data stale for BA [MIN_5]: last candle 2026-04-09T21:55+02:00[Europe/Madrid] vs threshold PT15M
2026-04-10 13:43:17.488 INFO  [scheduling-1] DataDownload : 📥 Data stale for BA [MIN_15]: last candle 2026-04-09T21:45+02:00[Europe/Madrid] vs threshold PT30M
2026-04-10 13:43:17.491 INFO  [scheduling-1] DataDownload : 📥 Data stale for BA [HOUR_1]: last candle 2026-04-09T21:00+02:00[Europe/Madrid] vs threshold PT2H
2026-04-10 13:43:17.493 INFO  [scheduling-1] DataDownload : 📥 Auto-refreshing data for ticker: BA
2026-04-10 13:43:27.956 INFO  [scheduling-1] DataDownload : ✅ Refreshed 4 timeframes for BA
2026-04-10 13:43:27.965 INFO  [scheduling-1] DataDownload : 📥 Data stale for BABA [MIN_5]: last candle 2026-04-09T21:55+02:00[Europe/Madrid] vs threshold PT15M
2026-04-10 13:43:27.968 INFO  [scheduling-1] DataDownload : 📥 Data stale for BABA [MIN_15]: last candle 2026-04-09T21:45+02:00[Europe/Madrid] vs threshold PT30M
2026-04-10 13:43:27.972 INFO  [scheduling-1] DataDownload : 📥 Data stale for BABA [HOUR_1]: last candle 2026-04-09T21:00+02:00[Europe/Madrid] vs threshold PT2H
2026-04-10 13:43:27.974 INFO  [scheduling-1] DataDownload : 📥 Auto-refreshing data for ticker: BABA
2026-04-10 13:43:37.846 INFO  [scheduling-1] DataDownload : ✅ Refreshed 4 timeframes for BABA
2026-04-10 13:43:37.849 INFO  [scheduling-1] DataDownload : 📥 Data stale for BAC [MIN_5]: last candle 2026-04-09T21:55+02:00[Europe/Madrid] vs threshold PT15M
2026-04-10 13:43:37.850 INFO  [scheduling-1] DataDownload : 📥 Data stale for BAC [MIN_15]: last candle 2026-04-09T21:45+02:00[Europe/Madrid] vs threshold PT30M
2026-04-10 13:43:37.850 INFO  [scheduling-1] DataDownload : 📥 Data stale for BAC [HOUR_1]: last candle 2026-04-09T21:00+02:00[Europe/Madrid] vs threshold PT2H
2026-04-10 13:43:37.851 INFO  [scheduling-1] DataDownload : 📥 Auto-refreshing data for ticker: BAC
2026-04-10 13:43:47.882 INFO  [scheduling-1] DataDownload : ✅ Refreshed 4 timeframes for BAC
2026-04-10 13:43:47.885 INFO  [scheduling-1] DataDownload : 📥 Data stale for BALL [MIN_5]: last candle 2026-04-09T21:55+02:00[Europe/Madrid] vs threshold PT15M
2026-04-10 13:43:47.887 INFO  [scheduling-1] DataDownload : 📥 Data stale for BALL [MIN_15]: last candle 2026-04-09T21:45+02:00[Europe/Madrid] vs threshold PT30M
2026-04-10 13:43:47.888 INFO  [scheduling-1] DataDownload : 📥 Data stale for BALL [HOUR_1]: last candle 2026-04-09T21:00+02:00[Europe/Madrid] vs threshold PT2H
2026-04-10 13:43:47.889 INFO  [scheduling-1] DataDownload : 📥 Auto-refreshing data for ticker: BALL
2026-04-10 13:44:07.275 INFO  [scheduling-1] DataDownload : ✅ Refreshed 4 timeframes for BALL
2026-04-10 13:44:07.279 INFO  [scheduling-1] DataDownload : 📥 Data stale for BAX [MIN_5]: last candle 2026-04-09T21:55+02:00[Europe/Madrid] vs threshold PT15M
2026-04-10 13:44:07.281 INFO  [scheduling-1] DataDownload : 📥 Data stale for BAX [MIN_15]: last candle 2026-04-09T21:45+02:00[Europe/Madrid] vs threshold PT30M
2026-04-10 13:44:07.282 INFO  [scheduling-1] DataDownload : 📥 Data stale for BAX [HOUR_1]: last candle 2026-04-09T21:00+02:00[Europe/Madrid] vs threshold PT2H
2026-04-10 13:44:07.282 INFO  [scheduling-1] DataDownload : 📥 Auto-refreshing data for ticker: BAX
2026-04-10 13:44:17.381 INFO  [scheduling-1] DataDownload : ✅ Refreshed 4 timeframes for BAX
2026-04-10 13:44:17.385 INFO  [scheduling-1] DataDownload : 📥 Data stale for BBWI [MIN_5]: last candle 2026-04-09T21:55+02:00[Europe/Madrid] vs threshold PT15M
2026-04-10 13:44:17.386 INFO  [scheduling-1] DataDownload : 📥 Data stale for BBWI [MIN_15]: last candle 2026-04-09T21:45+02:00[Europe/Madrid] vs threshold PT30M
2026-04-10 13:44:17.388 INFO  [scheduling-1] DataDownload : 📥 Data stale for BBWI [HOUR_1]: last candle 2026-04-09T21:00+02:00[Europe/Madrid] vs threshold PT2H
2026-04-10 13:44:17.390 INFO  [scheduling-1] DataDownload : 📥 Auto-refreshing data for ticker: BBWI
2026-04-10 13:44:27.408 INFO  [scheduling-1] DataDownload : ✅ Refreshed 4 timeframes for BBWI
2026-04-10 13:44:27.416 INFO  [scheduling-1] DataDownload : 📥 Data stale for BBY [MIN_5]: last candle 2026-04-09T21:55+02:00[Europe/Madrid] vs threshold PT15M
2026-04-10 13:44:27.418 INFO  [scheduling-1] DataDownload : 📥 Data stale for BBY [MIN_15]: last candle 2026-04-09T21:45+02:00[Europe/Madrid] vs threshold PT30M
2026-04-10 13:44:27.420 INFO  [scheduling-1] DataDownload : 📥 Data stale for BBY [HOUR_1]: last candle 2026-04-09T21:00+02:00[Europe/Madrid] vs threshold PT2H
2026-04-10 13:44:27.422 INFO  [scheduling-1] DataDownload : 📥 Auto-refreshing data for ticker: BBY
2026-04-10 13:44:37.511 INFO  [scheduling-1] DataDownload : ✅ Refreshed 4 timeframes for BBY
2026-04-10 13:44:37.514 INFO  [scheduling-1] DataDownload : 📥 Data stale for BDX [MIN_5]: last candle 2026-04-09T21:55+02:00[Europe/Madrid] vs threshold PT15M
2026-04-10 13:44:37.515 INFO  [scheduling-1] DataDownload : 📥 Data stale for BDX [MIN_15]: last candle 2026-04-09T21:45+02:00[Europe/Madrid] vs threshold PT30M
2026-04-10 13:44:37.516 INFO  [scheduling-1] DataDownload : 📥 Data stale for BDX [HOUR_1]: last candle 2026-04-09T21:00+02:00[Europe/Madrid] vs threshold PT2H
2026-04-10 13:44:37.517 INFO  [scheduling-1] DataDownload : 📥 Auto-refreshing data for ticker: BDX
2026-04-10 13:44:47.979 INFO  [scheduling-1] DataDownload : ✅ Refreshed 4 timeframes for BDX
2026-04-10 13:44:48.011 INFO  [scheduling-1] DataDownload : 📥 Data stale for BEN [MIN_5]: last candle 2026-04-09T21:55+02:00[Europe/Madrid] vs threshold PT15M
2026-04-10 13:44:48.032 INFO  [scheduling-1] DataDownload : 📥 Data stale for BEN [MIN_15]: last candle 2026-04-09T21:45+02:00[Europe/Madrid] vs threshold PT30M
2026-04-10 13:44:48.041 INFO  [scheduling-1] DataDownload : 📥 Data stale for BEN [HOUR_1]: last candle 2026-04-09T21:00+02:00[Europe/Madrid] vs threshold PT2H
2026-04-10 13:44:48.045 INFO  [scheduling-1] DataDownload : 📥 Auto-refreshing data for ticker: BEN
2026-04-10 13:45:07.267 INFO  [scheduling-1] DataDownload : ✅ Refreshed 4 timeframes for BEN
2026-04-10 13:45:07.275 INFO  [scheduling-1] DataDownload : 📥 Data stale for BG [MIN_5]: last candle 2026-04-09T21:55+02:00[Europe/Madrid] vs threshold PT15M
2026-04-10 13:45:07.275 INFO  [scheduling-1] DataDownload : 📥 Data stale for BG [MIN_15]: last candle 2026-04-09T21:45+02:00[Europe/Madrid] vs threshold PT30M
2026-04-10 13:45:07.278 INFO  [scheduling-1] DataDownload : 📥 Data stale for BG [HOUR_1]: last candle 2026-04-09T21:00+02:00[Europe/Madrid] vs threshold PT2H
2026-04-10 13:45:07.281 INFO  [scheduling-1] DataDownload : 📥 Auto-refreshing data for ticker: BG
2026-04-10 13:45:17.423 INFO  [scheduling-1] DataDownload : ✅ Refreshed 4 timeframes for BG
2026-04-10 13:45:17.427 INFO  [scheduling-1] DataDownload : 📥 Data stale for BIIB [MIN_5]: last candle 2026-04-09T21:55+02:00[Europe/Madrid] vs threshold PT15M
2026-04-10 13:45:17.429 INFO  [scheduling-1] DataDownload : 📥 Data stale for BIIB [MIN_15]: last candle 2026-04-09T21:45+02:00[Europe/Madrid] vs threshold PT30M
2026-04-10 13:45:17.430 INFO  [scheduling-1] DataDownload : 📥 Data stale for BIIB [HOUR_1]: last candle 2026-04-09T21:00+02:00[Europe/Madrid] vs threshold PT2H
2026-04-10 13:45:17.431 INFO  [scheduling-1] DataDownload : 📥 Auto-refreshing data for ticker: BIIB
2026-04-10 13:45:27.467 INFO  [scheduling-1] DataDownload : ✅ Refreshed 4 timeframes for BIIB
2026-04-10 13:45:27.473 INFO  [scheduling-1] DataDownload : 📥 Data stale for BIO [MIN_5]: last candle 2026-04-09T21:55+02:00[Europe/Madrid] vs threshold PT15M
2026-04-10 13:45:27.474 INFO  [scheduling-1] DataDownload : 📥 Data stale for BIO [MIN_15]: last candle 2026-04-09T21:45+02:00[Europe/Madrid] vs threshold PT30M
2026-04-10 13:45:27.476 INFO  [scheduling-1] DataDownload : 📥 Data stale for BIO [HOUR_1]: last candle 2026-04-09T21:00+02:00[Europe/Madrid] vs threshold PT2H
2026-04-10 13:45:27.476 INFO  [scheduling-1] DataDownload : 📥 Auto-refreshing data for ticker: BIO
2026-04-10 13:45:37.302 INFO  [scheduling-1] DataDownload : ✅ Refreshed 4 timeframes for BIO
2026-04-10 13:45:37.306 INFO  [scheduling-1] DataDownload : 📥 Data stale for BITX [MIN_5]: last candle 2026-04-09T21:55+02:00[Europe/Madrid] vs threshold PT15M
2026-04-10 13:45:37.307 INFO  [scheduling-1] DataDownload : 📥 Data stale for BITX [MIN_15]: last candle 2026-04-09T21:45+02:00[Europe/Madrid] vs threshold PT30M
2026-04-10 13:45:37.308 INFO  [scheduling-1] DataDownload : 📥 Data stale for BITX [HOUR_1]: last candle 2026-04-09T21:00+02:00[Europe/Madrid] vs threshold PT2H
2026-04-10 13:45:37.309 INFO  [scheduling-1] DataDownload : 📥 Auto-refreshing data for ticker: BITX
2026-04-10 13:45:47.441 INFO  [scheduling-1] DataDownload : ✅ Refreshed 4 timeframes for BITX
2026-04-10 13:45:47.446 INFO  [scheduling-1] DataDownload : 📥 Data stale for BK [MIN_5]: last candle 2026-04-09T21:55+02:00[Europe/Madrid] vs threshold PT15M
2026-04-10 13:45:47.447 INFO  [scheduling-1] DataDownload : 📥 Data stale for BK [MIN_15]: last candle 2026-04-09T21:45+02:00[Europe/Madrid] vs threshold PT30M
2026-04-10 13:45:47.447 INFO  [scheduling-1] DataDownload : 📥 Data stale for BK [HOUR_1]: last candle 2026-04-09T21:00+02:00[Europe/Madrid] vs threshold PT2H
2026-04-10 13:45:47.448 INFO  [scheduling-1] DataDownload : 📥 Auto-refreshing data for ticker: BK
2026-04-10 13:46:07.235 INFO  [scheduling-1] DataDownload : ✅ Refreshed 4 timeframes for BK
2026-04-10 13:46:07.239 INFO  [scheduling-1] DataDownload : 📥 Data stale for BKNG [MIN_5]: last candle 2026-04-09T21:55+02:00[Europe/Madrid] vs threshold PT15M
2026-04-10 13:46:07.240 INFO  [scheduling-1] DataDownload : 📥 Data stale for BKNG [MIN_15]: last candle 2026-04-09T21:45+02:00[Europe/Madrid] vs threshold PT30M
2026-04-10 13:46:07.242 INFO  [scheduling-1] DataDownload : 📥 Data stale for BKNG [HOUR_1]: last candle 2026-04-09T21:00+02:00[Europe/Madrid] vs threshold PT2H
2026-04-10 13:46:07.243 INFO  [scheduling-1] DataDownload : 📥 Auto-refreshing data for ticker: BKNG
2026-04-10 13:46:17.374 INFO  [scheduling-1] DataDownload : ✅ Refreshed 4 timeframes for BKNG
2026-04-10 13:46:17.403 INFO  [scheduling-1] DataDownload : 📥 Data stale for BKR [MIN_5]: last candle 2026-04-09T21:55+02:00[Europe/Madrid] vs threshold PT15M
2026-04-10 13:46:17.404 INFO  [scheduling-1] DataDownload : 📥 Data stale for BKR [MIN_15]: last candle 2026-04-09T21:45+02:00[Europe/Madrid] vs threshold PT30M
2026-04-10 13:46:17.406 INFO  [scheduling-1] DataDownload : 📥 Data stale for BKR [HOUR_1]: last candle 2026-04-09T21:00+02:00[Europe/Madrid] vs threshold PT2H
2026-04-10 13:46:17.407 INFO  [scheduling-1] DataDownload : 📥 Auto-refreshing data for ticker: BKR
2026-04-10 13:46:27.546 INFO  [scheduling-1] DataDownload : ✅ Refreshed 4 timeframes for BKR
2026-04-10 13:46:27.551 INFO  [scheduling-1] DataDownload : 📥 Data stale for BLDR [MIN_5]: last candle 2026-04-09T21:55+02:00[Europe/Madrid] vs threshold PT15M
2026-04-10 13:46:27.552 INFO  [scheduling-1] DataDownload : 📥 Data stale for BLDR [MIN_15]: last candle 2026-04-09T21:45+02:00[Europe/Madrid] vs threshold PT30M
2026-04-10 13:46:27.560 INFO  [scheduling-1] DataDownload : 📥 Data stale for BLDR [HOUR_1]: last candle 2026-04-09T21:00+02:00[Europe/Madrid] vs threshold PT2H
2026-04-10 13:46:27.563 INFO  [scheduling-1] DataDownload : 📥 Auto-refreshing data for ticker: BLDR
2026-04-10 13:46:37.791 INFO  [scheduling-1] DataDownload : ✅ Refreshed 4 timeframes for BLDR
2026-04-10 13:46:37.793 INFO  [scheduling-1] DataDownload : 📥 Data stale for BLK [MIN_5]: last candle 2026-04-09T21:55+02:00[Europe/Madrid] vs threshold PT15M
2026-04-10 13:46:37.795 INFO  [scheduling-1] DataDownload : 📥 Data stale for BLK [MIN_15]: last candle 2026-04-09T21:45+02:00[Europe/Madrid] vs threshold PT30M
2026-04-10 13:46:37.796 INFO  [scheduling-1] DataDownload : 📥 Data stale for BLK [HOUR_1]: last candle 2026-04-09T21:00+02:00[Europe/Madrid] vs threshold PT2H
2026-04-10 13:46:37.797 INFO  [scheduling-1] DataDownload : 📥 Auto-refreshing data for ticker: BLK
2026-04-10 13:46:48.227 INFO  [scheduling-1] DataDownload : ✅ Refreshed 4 timeframes for BLK
2026-04-10 13:46:48.231 INFO  [scheduling-1] DataDownload : 📥 Data stale for BMY [MIN_5]: last candle 2026-04-09T21:55+02:00[Europe/Madrid] vs threshold PT15M
2026-04-10 13:46:48.232 INFO  [scheduling-1] DataDownload : 📥 Data stale for BMY [MIN_15]: last candle 2026-04-09T21:45+02:00[Europe/Madrid] vs threshold PT30M
2026-04-10 13:46:48.233 INFO  [scheduling-1] DataDownload : 📥 Data stale for BMY [HOUR_1]: last candle 2026-04-09T21:00+02:00[Europe/Madrid] vs threshold PT2H
2026-04-10 13:46:48.234 INFO  [scheduling-1] DataDownload : 📥 Auto-refreshing data for ticker: BMY
2026-04-10 13:47:07.419 INFO  [scheduling-1] DataDownload : ✅ Refreshed 4 timeframes for BMY
2026-04-10 13:47:07.422 INFO  [scheduling-1] DataDownload : 📥 Data stale for BR [MIN_5]: last candle 2026-04-09T21:55+02:00[Europe/Madrid] vs threshold PT15M
2026-04-10 13:47:07.423 INFO  [scheduling-1] DataDownload : 📥 Data stale for BR [MIN_15]: last candle 2026-04-09T21:45+02:00[Europe/Madrid] vs threshold PT30M
2026-04-10 13:47:07.424 INFO  [scheduling-1] DataDownload : 📥 Data stale for BR [HOUR_1]: last candle 2026-04-09T21:00+02:00[Europe/Madrid] vs threshold PT2H
2026-04-10 13:47:07.425 INFO  [scheduling-1] DataDownload : 📥 Auto-refreshing data for ticker: BR
2026-04-10 13:47:17.659 INFO  [scheduling-1] DataDownload : ✅ Refreshed 4 timeframes for BR
2026-04-10 13:47:17.662 INFO  [scheduling-1] DataDownload : 📥 Data stale for BSX [MIN_5]: last candle 2026-04-09T21:55+02:00[Europe/Madrid] vs threshold PT15M
2026-04-10 13:47:17.664 INFO  [scheduling-1] DataDownload : 📥 Data stale for BSX [MIN_15]: last candle 2026-04-09T21:45+02:00[Europe/Madrid] vs threshold PT30M
2026-04-10 13:47:17.665 INFO  [scheduling-1] DataDownload : 📥 Data stale for BSX [HOUR_1]: last candle 2026-04-09T21:00+02:00[Europe/Madrid] vs threshold PT2H
2026-04-10 13:47:17.666 INFO  [scheduling-1] DataDownload : 📥 Auto-refreshing data for ticker: BSX
2026-04-10 13:47:27.494 INFO  [scheduling-1] DataDownload : ✅ Refreshed 4 timeframes for BSX
2026-04-10 13:47:27.500 INFO  [scheduling-1] DataDownload : 📥 Data stale for BWA [MIN_5]: last candle 2026-04-09T21:55+02:00[Europe/Madrid] vs threshold PT15M
2026-04-10 13:47:27.502 INFO  [scheduling-1] DataDownload : 📥 Data stale for BWA [MIN_15]: last candle 2026-04-09T21:45+02:00[Europe/Madrid] vs threshold PT30M
2026-04-10 13:47:27.503 INFO  [scheduling-1] DataDownload : 📥 Data stale for BWA [HOUR_1]: last candle 2026-04-09T21:00+02:00[Europe/Madrid] vs threshold PT2H
2026-04-10 13:47:27.505 INFO  [scheduling-1] DataDownload : 📥 Auto-refreshing data for ticker: BWA
2026-04-10 13:47:37.533 INFO  [scheduling-1] DataDownload : ✅ Refreshed 4 timeframes for BWA
2026-04-10 13:47:37.536 INFO  [scheduling-1] DataDownload : 📥 Data stale for BX [MIN_5]: last candle 2026-04-09T21:55+02:00[Europe/Madrid] vs threshold PT15M
2026-04-10 13:47:37.537 INFO  [scheduling-1] DataDownload : 📥 Data stale for BX [MIN_15]: last candle 2026-04-09T21:45+02:00[Europe/Madrid] vs threshold PT30M
2026-04-10 13:47:37.538 INFO  [scheduling-1] DataDownload : 📥 Data stale for BX [HOUR_1]: last candle 2026-04-09T21:00+02:00[Europe/Madrid] vs threshold PT2H
2026-04-10 13:47:37.539 INFO  [scheduling-1] DataDownload : 📥 Auto-refreshing data for ticker: BX
2026-04-10 13:47:47.568 INFO  [scheduling-1] DataDownload : ✅ Refreshed 4 timeframes for BX
2026-04-10 13:47:47.571 INFO  [scheduling-1] DataDownload : 📥 Data stale for BYND [MIN_5]: last candle 2026-04-09T21:55+02:00[Europe/Madrid] vs threshold PT15M
2026-04-10 13:47:47.572 INFO  [scheduling-1] DataDownload : 📥 Data stale for BYND [MIN_15]: last candle 2026-04-09T21:45+02:00[Europe/Madrid] vs threshold PT30M
2026-04-10 13:47:47.573 INFO  [scheduling-1] DataDownload : 📥 Data stale for BYND [HOUR_1]: last candle 2026-04-09T21:00+02:00[Europe/Madrid] vs threshold PT2H
2026-04-10 13:47:47.575 INFO  [scheduling-1] DataDownload : 📥 Auto-refreshing data for ticker: BYND
2026-04-10 13:48:07.059 INFO  [scheduling-1] DataDownload : ✅ Refreshed 4 timeframes for BYND
2026-04-10 13:48:07.063 INFO  [scheduling-1] DataDownload : 📥 Data stale for C [MIN_5]: last candle 2026-04-09T21:55+02:00[Europe/Madrid] vs threshold PT15M
2026-04-10 13:48:07.064 INFO  [scheduling-1] DataDownload : 📥 Data stale for C [MIN_15]: last candle 2026-04-09T21:45+02:00[Europe/Madrid] vs threshold PT30M
2026-04-10 13:48:07.065 INFO  [scheduling-1] DataDownload : 📥 Data stale for C [HOUR_1]: last candle 2026-04-09T21:00+02:00[Europe/Madrid] vs threshold PT2H
2026-04-10 13:48:07.066 INFO  [scheduling-1] DataDownload : 📥 Auto-refreshing data for ticker: C
2026-04-10 13:48:17.102 INFO  [scheduling-1] DataDownload : ✅ Refreshed 4 timeframes for C
2026-04-10 13:48:17.107 INFO  [scheduling-1] DataDownload : 📥 Data stale for CAG [MIN_5]: last candle 2026-04-09T21:55+02:00[Europe/Madrid] vs threshold PT15M
2026-04-10 13:48:17.108 INFO  [scheduling-1] DataDownload : 📥 Data stale for CAG [MIN_15]: last candle 2026-04-09T21:45+02:00[Europe/Madrid] vs threshold PT30M
2026-04-10 13:48:17.110 INFO  [scheduling-1] DataDownload : 📥 Data stale for CAG [HOUR_1]: last candle 2026-04-09T21:00+02:00[Europe/Madrid] vs threshold PT2H
2026-04-10 13:48:17.111 INFO  [scheduling-1] DataDownload : 📥 Auto-refreshing data for ticker: CAG
2026-04-10 13:48:27.241 INFO  [scheduling-1] DataDownload : ✅ Refreshed 4 timeframes for CAG
2026-04-10 13:48:27.244 INFO  [scheduling-1] DataDownload : 📥 Data stale for CAH [MIN_5]: last candle 2026-04-09T21:55+02:00[Europe/Madrid] vs threshold PT15M
2026-04-10 13:48:27.245 INFO  [scheduling-1] DataDownload : 📥 Data stale for CAH [MIN_15]: last candle 2026-04-09T21:45+02:00[Europe/Madrid] vs threshold PT30M
2026-04-10 13:48:27.246 INFO  [scheduling-1] DataDownload : 📥 Data stale for CAH [HOUR_1]: last candle 2026-04-09T21:00+02:00[Europe/Madrid] vs threshold PT2H
2026-04-10 13:48:27.246 INFO  [scheduling-1] DataDownload : 📥 Auto-refreshing data for ticker: CAH
2026-04-10 13:48:37.485 INFO  [scheduling-1] DataDownload : ✅ Refreshed 4 timeframes for CAH
2026-04-10 13:48:37.489 INFO  [scheduling-1] DataDownload : 📥 Data stale for CARR [MIN_5]: last candle 2026-04-09T21:55+02:00[Europe/Madrid] vs threshold PT15M
2026-04-10 13:48:37.490 INFO  [scheduling-1] DataDownload : 📥 Data stale for CARR [MIN_15]: last candle 2026-04-09T21:45+02:00[Europe/Madrid] vs threshold PT30M
2026-04-10 13:48:37.491 INFO  [scheduling-1] DataDownload : 📥 Data stale for CARR [HOUR_1]: last candle 2026-04-09T21:00+02:00[Europe/Madrid] vs threshold PT2H
2026-04-10 13:48:37.492 INFO  [scheduling-1] DataDownload : 📥 Auto-refreshing data for ticker: CARR
2026-04-10 13:48:47.615 INFO  [scheduling-1] DataDownload : ✅ Refreshed 4 timeframes for CARR
2026-04-10 13:48:47.619 INFO  [scheduling-1] DataDownload : 📥 Data stale for CAT [MIN_5]: last candle 2026-04-09T21:55+02:00[Europe/Madrid] vs threshold PT15M
2026-04-10 13:48:47.620 INFO  [scheduling-1] DataDownload : 📥 Data stale for CAT [MIN_15]: last candle 2026-04-09T21:45+02:00[Europe/Madrid] vs threshold PT30M
2026-04-10 13:48:47.621 INFO  [scheduling-1] DataDownload : 📥 Data stale for CAT [HOUR_1]: last candle 2026-04-09T21:00+02:00[Europe/Madrid] vs threshold PT2H
2026-04-10 13:48:47.622 INFO  [scheduling-1] DataDownload : 📥 Auto-refreshing data for ticker: CAT
2026-04-10 13:49:07.209 INFO  [scheduling-1] DataDownload : ✅ Refreshed 4 timeframes for CAT
2026-04-10 13:49:07.213 INFO  [scheduling-1] DataDownload : 📥 Data stale for CB [MIN_5]: last candle 2026-04-09T21:55+02:00[Europe/Madrid] vs threshold PT15M
2026-04-10 13:49:07.214 INFO  [scheduling-1] DataDownload : 📥 Data stale for CB [MIN_15]: last candle 2026-04-09T21:45+02:00[Europe/Madrid] vs threshold PT30M
2026-04-10 13:49:07.215 INFO  [scheduling-1] DataDownload : 📥 Data stale for CB [HOUR_1]: last candle 2026-04-09T21:00+02:00[Europe/Madrid] vs threshold PT2H
2026-04-10 13:49:07.217 INFO  [scheduling-1] DataDownload : 📥 Auto-refreshing data for ticker: CB
2026-04-10 13:49:17.351 INFO  [scheduling-1] DataDownload : ✅ Refreshed 4 timeframes for CB
2026-04-10 13:49:17.354 INFO  [scheduling-1] DataDownload : 📥 Data stale for CBOE [MIN_5]: last candle 2026-04-09T21:55+02:00[Europe/Madrid] vs threshold PT15M
2026-04-10 13:49:17.355 INFO  [scheduling-1] DataDownload : 📥 Data stale for CBOE [MIN_15]: last candle 2026-04-09T21:45+02:00[Europe/Madrid] vs threshold PT30M
2026-04-10 13:49:17.357 INFO  [scheduling-1] DataDownload : 📥 Data stale for CBOE [HOUR_1]: last candle 2026-04-09T21:00+02:00[Europe/Madrid] vs threshold PT2H
2026-04-10 13:49:17.359 INFO  [scheduling-1] DataDownload : 📥 Auto-refreshing data for ticker: CBOE
2026-04-10 13:49:27.286 INFO  [scheduling-1] DataDownload : ✅ Refreshed 4 timeframes for CBOE
2026-04-10 13:49:27.291 INFO  [scheduling-1] DataDownload : 📥 Data stale for CBRE [MIN_5]: last candle 2026-04-09T21:55+02:00[Europe/Madrid] vs threshold PT15M
2026-04-10 13:49:27.292 INFO  [scheduling-1] DataDownload : 📥 Data stale for CBRE [MIN_15]: last candle 2026-04-09T21:45+02:00[Europe/Madrid] vs threshold PT30M
2026-04-10 13:49:27.294 INFO  [scheduling-1] DataDownload : 📥 Data stale for CBRE [HOUR_1]: last candle 2026-04-09T21:00+02:00[Europe/Madrid] vs threshold PT2H
2026-04-10 13:49:27.294 INFO  [scheduling-1] DataDownload : 📥 Auto-refreshing data for ticker: CBRE
2026-04-10 13:49:37.323 INFO  [scheduling-1] DataDownload : ✅ Refreshed 4 timeframes for CBRE
2026-04-10 13:49:37.327 INFO  [scheduling-1] DataDownload : 📥 Data stale for CCI [MIN_5]: last candle 2026-04-09T21:55+02:00[Europe/Madrid] vs threshold PT15M
2026-04-10 13:49:37.328 INFO  [scheduling-1] DataDownload : 📥 Data stale for CCI [MIN_15]: last candle 2026-04-09T21:45+02:00[Europe/Madrid] vs threshold PT30M
2026-04-10 13:49:37.329 INFO  [scheduling-1] DataDownload : 📥 Data stale for CCI [HOUR_1]: last candle 2026-04-09T21:00+02:00[Europe/Madrid] vs threshold PT2H
2026-04-10 13:49:37.330 INFO  [scheduling-1] DataDownload : 📥 Auto-refreshing data for ticker: CCI
2026-04-10 13:49:47.966 INFO  [scheduling-1] DataDownload : ✅ Refreshed 4 timeframes for CCI
2026-04-10 13:49:47.970 INFO  [scheduling-1] DataDownload : 📥 Data stale for CCL [MIN_5]: last candle 2026-04-09T21:55+02:00[Europe/Madrid] vs threshold PT15M
2026-04-10 13:49:47.970 INFO  [scheduling-1] DataDownload : 📥 Data stale for CCL [MIN_15]: last candle 2026-04-09T21:45+02:00[Europe/Madrid] vs threshold PT30M
2026-04-10 13:49:47.972 INFO  [scheduling-1] DataDownload : 📥 Data stale for CCL [HOUR_1]: last candle 2026-04-09T21:00+02:00[Europe/Madrid] vs threshold PT2H
2026-04-10 13:49:47.973 INFO  [scheduling-1] DataDownload : 📥 Auto-refreshing data for ticker: CCL
2026-04-10 13:50:07.270 INFO  [scheduling-1] DataDownload : ✅ Refreshed 4 timeframes for CCL
2026-04-10 13:50:07.273 INFO  [scheduling-1] DataDownload : 📥 Data stale for CDNS [MIN_5]: last candle 2026-04-09T21:55+02:00[Europe/Madrid] vs threshold PT15M
2026-04-10 13:50:07.274 INFO  [scheduling-1] DataDownload : 📥 Data stale for CDNS [MIN_15]: last candle 2026-04-09T21:45+02:00[Europe/Madrid] vs threshold PT30M
2026-04-10 13:50:07.274 INFO  [scheduling-1] DataDownload : 📥 Data stale for CDNS [HOUR_1]: last candle 2026-04-09T21:00+02:00[Europe/Madrid] vs threshold PT2H
2026-04-10 13:50:07.275 INFO  [scheduling-1] DataDownload : 📥 Auto-refreshing data for ticker: CDNS
2026-04-10 13:50:17.411 INFO  [scheduling-1] DataDownload : ✅ Refreshed 4 timeframes for CDNS
2026-04-10 13:50:17.414 INFO  [scheduling-1] DataDownload : 📥 Data stale for CDW [MIN_5]: last candle 2026-04-09T21:55+02:00[Europe/Madrid] vs threshold PT15M
2026-04-10 13:50:17.415 INFO  [scheduling-1] DataDownload : 📥 Data stale for CDW [MIN_15]: last candle 2026-04-09T21:45+02:00[Europe/Madrid] vs threshold PT30M
2026-04-10 13:50:17.417 INFO  [scheduling-1] DataDownload : 📥 Data stale for CDW [HOUR_1]: last candle 2026-04-09T21:00+02:00[Europe/Madrid] vs threshold PT2H
2026-04-10 13:50:17.417 INFO  [scheduling-1] DataDownload : 📥 Auto-refreshing data for ticker: CDW
2026-04-10 13:50:27.446 INFO  [scheduling-1] DataDownload : ✅ Refreshed 4 timeframes for CDW
2026-04-10 13:50:27.449 INFO  [scheduling-1] DataDownload : 📥 Data stale for CE [MIN_5]: last candle 2026-04-09T21:55+02:00[Europe/Madrid] vs threshold PT15M
2026-04-10 13:50:27.450 INFO  [scheduling-1] DataDownload : 📥 Data stale for CE [MIN_15]: last candle 2026-04-09T21:45+02:00[Europe/Madrid] vs threshold PT30M
2026-04-10 13:50:27.452 INFO  [scheduling-1] DataDownload : 📥 Data stale for CE [HOUR_1]: last candle 2026-04-09T21:00+02:00[Europe/Madrid] vs threshold PT2H
2026-04-10 13:50:27.453 INFO  [scheduling-1] DataDownload : 📥 Auto-refreshing data for ticker: CE
2026-04-10 13:50:37.590 INFO  [scheduling-1] DataDownload : ✅ Refreshed 4 timeframes for CE
2026-04-10 13:50:37.595 INFO  [scheduling-1] DataDownload : 📥 Data stale for CEG [MIN_5]: last candle 2026-04-09T21:55+02:00[Europe/Madrid] vs threshold PT15M
2026-04-10 13:50:37.596 INFO  [scheduling-1] DataDownload : 📥 Data stale for CEG [MIN_15]: last candle 2026-04-09T21:45+02:00[Europe/Madrid] vs threshold PT30M
2026-04-10 13:50:37.597 INFO  [scheduling-1] DataDownload : 📥 Data stale for CEG [HOUR_1]: last candle 2026-04-09T21:00+02:00[Europe/Madrid] vs threshold PT2H
2026-04-10 13:50:37.598 INFO  [scheduling-1] DataDownload : 📥 Auto-refreshing data for ticker: CEG
2026-04-10 13:50:47.729 INFO  [scheduling-1] DataDownload : ✅ Refreshed 4 timeframes for CEG
2026-04-10 13:50:47.735 INFO  [scheduling-1] DataDownload : 📥 Data stale for CF [MIN_5]: last candle 2026-04-09T21:55+02:00[Europe/Madrid] vs threshold PT15M
2026-04-10 13:50:47.736 INFO  [scheduling-1] DataDownload : 📥 Data stale for CF [MIN_15]: last candle 2026-04-09T21:45+02:00[Europe/Madrid] vs threshold PT30M
2026-04-10 13:50:47.737 INFO  [scheduling-1] DataDownload : 📥 Data stale for CF [HOUR_1]: last candle 2026-04-09T21:00+02:00[Europe/Madrid] vs threshold PT2H
2026-04-10 13:50:47.738 INFO  [scheduling-1] DataDownload : 📥 Auto-refreshing data for ticker: CF
2026-04-10 14:30:02.173 INFO  [scheduling-1] DataDownload : 📥 Data stale for AAPL [MIN_5]: last candle 2026-04-09T21:55+02:00[Europe/Madrid] vs threshold PT15M
2026-04-10 14:30:02.190 INFO  [scheduling-1] DataDownload : 📥 Data stale for AAPL [MIN_15]: last candle 2026-04-09T21:45+02:00[Europe/Madrid] vs threshold PT30M
2026-04-10 14:30:02.211 INFO  [scheduling-1] DataDownload : 📥 Data stale for AAPL [HOUR_1]: last candle 2026-04-09T21:00+02:00[Europe/Madrid] vs threshold PT2H
2026-04-10 14:30:02.215 INFO  [scheduling-1] DataDownload : 📥 Auto-refreshing data for ticker: AAPL
2026-04-10 14:30:13.115 INFO  [scheduling-1] DataDownload : ✅ Refreshed 4 timeframes for AAPL
2026-04-10 14:30:13.123 INFO  [scheduling-1] DataDownload : 📥 Data stale for AMD [MIN_5]: last candle 2026-04-09T21:55+02:00[Europe/Madrid] vs threshold PT15M
2026-04-10 14:30:13.129 INFO  [scheduling-1] DataDownload : 📥 Data stale for AMD [MIN_15]: last candle 2026-04-09T21:45+02:00[Europe/Madrid] vs threshold PT30M
2026-04-10 14:30:13.134 INFO  [scheduling-1] DataDownload : 📥 Data stale for AMD [HOUR_1]: last candle 2026-04-09T21:00+02:00[Europe/Madrid] vs threshold PT2H
2026-04-10 14:30:13.135 INFO  [scheduling-1] DataDownload : 📥 Auto-refreshing data for ticker: AMD
2026-04-10 14:30:23.743 INFO  [scheduling-1] DataDownload : ✅ Refreshed 4 timeframes for AMD
2026-04-10 14:30:23.759 INFO  [scheduling-1] DataDownload : 📥 Data stale for AMZN [MIN_5]: last candle 2026-04-09T21:55+02:00[Europe/Madrid] vs threshold PT15M
2026-04-10 14:30:23.767 INFO  [scheduling-1] DataDownload : 📥 Data stale for AMZN [MIN_15]: last candle 2026-04-09T21:45+02:00[Europe/Madrid] vs threshold PT30M
2026-04-10 14:30:23.776 INFO  [scheduling-1] DataDownload : 📥 Data stale for AMZN [HOUR_1]: last candle 2026-04-09T21:00+02:00[Europe/Madrid] vs threshold PT2H
2026-04-10 14:30:23.780 INFO  [scheduling-1] DataDownload : 📥 Auto-refreshing data for ticker: AMZN
2026-04-10 14:30:34.726 INFO  [scheduling-1] DataDownload : ✅ Refreshed 4 timeframes for AMZN
2026-04-10 14:30:34.742 INFO  [scheduling-1] DataDownload : 📥 Data stale for GOOGL [MIN_5]: last candle 2026-04-09T21:55+02:00[Europe/Madrid] vs threshold PT15M
2026-04-10 14:30:34.746 INFO  [scheduling-1] DataDownload : 📥 Data stale for GOOGL [MIN_15]: last candle 2026-04-09T21:45+02:00[Europe/Madrid] vs threshold PT30M
2026-04-10 14:30:34.755 INFO  [scheduling-1] DataDownload : 📥 Data stale for GOOGL [HOUR_1]: last candle 2026-04-09T21:00+02:00[Europe/Madrid] vs threshold PT2H
2026-04-10 14:30:34.758 INFO  [scheduling-1] DataDownload : 📥 Auto-refreshing data for ticker: GOOGL
2026-04-10 14:30:44.942 INFO  [scheduling-1] DataDownload : ✅ Refreshed 4 timeframes for GOOGL
2026-04-10 14:30:44.958 INFO  [scheduling-1] DataDownload : 📥 Data stale for JNJ [MIN_5]: last candle 2026-04-09T21:55+02:00[Europe/Madrid] vs threshold PT15M
2026-04-10 14:30:44.962 INFO  [scheduling-1] DataDownload : 📥 Data stale for JNJ [MIN_15]: last candle 2026-04-09T21:45+02:00[Europe/Madrid] vs threshold PT30M
2026-04-10 14:30:44.966 INFO  [scheduling-1] DataDownload : 📥 Data stale for JNJ [HOUR_1]: last candle 2026-04-09T21:00+02:00[Europe/Madrid] vs threshold PT2H
2026-04-10 14:30:44.968 INFO  [scheduling-1] DataDownload : 📥 Auto-refreshing data for ticker: JNJ
2026-04-10 14:30:55.356 INFO  [scheduling-1] DataDownload : ✅ Refreshed 4 timeframes for JNJ
2026-04-10 14:30:55.365 INFO  [scheduling-1] DataDownload : 📥 Data stale for JPM [MIN_5]: last candle 2026-04-09T21:55+02:00[Europe/Madrid] vs threshold PT15M
2026-04-10 14:30:55.367 INFO  [scheduling-1] DataDownload : 📥 Data stale for JPM [MIN_15]: last candle 2026-04-09T21:45+02:00[Europe/Madrid] vs threshold PT30M
2026-04-10 14:30:55.372 INFO  [scheduling-1] DataDownload : 📥 Data stale for JPM [HOUR_1]: last candle 2026-04-09T21:00+02:00[Europe/Madrid] vs threshold PT2H
2026-04-10 14:30:55.374 INFO  [scheduling-1] DataDownload : 📥 Auto-refreshing data for ticker: JPM
2026-04-10 14:31:12.755 INFO  [scheduling-1] DataDownload : ✅ Refreshed 4 timeframes for JPM
2026-04-10 14:31:12.765 INFO  [scheduling-1] DataDownload : 📥 Data stale for META [MIN_5]: last candle 2026-04-09T21:55+02:00[Europe/Madrid] vs threshold PT15M
2026-04-10 14:31:12.765 INFO  [scheduling-1] DataDownload : 📥 Data stale for META [MIN_15]: last candle 2026-04-09T21:45+02:00[Europe/Madrid] vs threshold PT30M
2026-04-10 14:31:12.771 INFO  [scheduling-1] DataDownload : 📥 Data stale for META [HOUR_1]: last candle 2026-04-09T21:00+02:00[Europe/Madrid] vs threshold PT2H
2026-04-10 14:31:12.773 INFO  [scheduling-1] DataDownload : 📥 Auto-refreshing data for ticker: META
2026-04-10 14:31:22.919 INFO  [scheduling-1] DataDownload : ✅ Refreshed 4 timeframes for META
2026-04-10 14:31:22.927 INFO  [scheduling-1] DataDownload : 📥 Data stale for MSFT [MIN_5]: last candle 2026-04-09T21:55+02:00[Europe/Madrid] vs threshold PT15M
2026-04-10 14:31:22.927 INFO  [scheduling-1] DataDownload : 📥 Data stale for MSFT [MIN_15]: last candle 2026-04-09T21:45+02:00[Europe/Madrid] vs threshold PT30M
2026-04-10 14:31:22.927 INFO  [scheduling-1] DataDownload : 📥 Data stale for MSFT [HOUR_1]: last candle 2026-04-09T21:00+02:00[Europe/Madrid] vs threshold PT2H
2026-04-10 14:31:22.934 INFO  [scheduling-1] DataDownload : 📥 Auto-refreshing data for ticker: MSFT
2026-04-10 14:31:33.294 INFO  [scheduling-1] DataDownload : ✅ Refreshed 4 timeframes for MSFT
2026-04-10 14:31:33.308 INFO  [scheduling-1] DataDownload : 📥 Data stale for NVDA [MIN_5]: last candle 2026-04-09T21:55+02:00[Europe/Madrid] vs threshold PT15M
2026-04-10 14:31:33.309 INFO  [scheduling-1] DataDownload : 📥 Data stale for NVDA [MIN_15]: last candle 2026-04-09T21:45+02:00[Europe/Madrid] vs threshold PT30M
2026-04-10 14:31:33.309 INFO  [scheduling-1] DataDownload : 📥 Data stale for NVDA [HOUR_1]: last candle 2026-04-09T21:00+02:00[Europe/Madrid] vs threshold PT2H
2026-04-10 14:31:33.309 INFO  [scheduling-1] DataDownload : 📥 Auto-refreshing data for ticker: NVDA
2026-04-10 14:31:43.699 INFO  [scheduling-1] DataDownload : ✅ Refreshed 4 timeframes for NVDA
2026-04-10 14:31:43.706 INFO  [scheduling-1] DataDownload : 📥 Data stale for QQQ [MIN_5]: last candle 2026-04-09T21:55+02:00[Europe/Madrid] vs threshold PT15M
2026-04-10 14:31:43.706 INFO  [scheduling-1] DataDownload : 📥 Data stale for QQQ [MIN_15]: last candle 2026-04-09T21:45+02:00[Europe/Madrid] vs threshold PT30M
2026-04-10 14:31:43.706 INFO  [scheduling-1] DataDownload : 📥 Data stale for QQQ [HOUR_1]: last candle 2026-04-09T21:00+02:00[Europe/Madrid] vs threshold PT2H
2026-04-10 14:31:43.706 INFO  [scheduling-1] DataDownload : 📥 Auto-refreshing data for ticker: QQQ
2026-04-10 14:31:55.529 INFO  [scheduling-1] DataDownload : ✅ Refreshed 4 timeframes for QQQ
2026-04-10 14:31:55.534 INFO  [scheduling-1] DataDownload : 📥 Data stale for SPY [MIN_5]: last candle 2026-04-09T21:55+02:00[Europe/Madrid] vs threshold PT15M
2026-04-10 14:31:55.534 INFO  [scheduling-1] DataDownload : 📥 Data stale for SPY [MIN_15]: last candle 2026-04-09T21:45+02:00[Europe/Madrid] vs threshold PT30M
2026-04-10 14:31:55.539 INFO  [scheduling-1] DataDownload : 📥 Data stale for SPY [HOUR_1]: last candle 2026-04-09T21:00+02:00[Europe/Madrid] vs threshold PT2H
2026-04-10 14:31:55.539 INFO  [scheduling-1] DataDownload : 📥 Auto-refreshing data for ticker: SPY
2026-04-10 14:32:12.694 INFO  [scheduling-1] DataDownload : ✅ Refreshed 4 timeframes for SPY
2026-04-10 14:32:12.700 INFO  [scheduling-1] DataDownload : 📥 Data stale for TSLA [MIN_5]: last candle 2026-04-09T21:55+02:00[Europe/Madrid] vs threshold PT15M
2026-04-10 14:32:12.700 INFO  [scheduling-1] DataDownload : 📥 Data stale for TSLA [MIN_15]: last candle 2026-04-09T21:45+02:00[Europe/Madrid] vs threshold PT30M
2026-04-10 14:32:12.705 INFO  [scheduling-1] DataDownload : 📥 Data stale for TSLA [HOUR_1]: last candle 2026-04-09T21:00+02:00[Europe/Madrid] vs threshold PT2H
2026-04-10 14:32:12.705 INFO  [scheduling-1] DataDownload : 📥 Auto-refreshing data for ticker: TSLA
2026-04-10 14:32:22.667 INFO  [scheduling-1] DataDownload : ✅ Refreshed 4 timeframes for TSLA
2026-04-10 14:32:22.671 INFO  [scheduling-1] DataDownload : 📥 Data stale for V [MIN_5]: last candle 2026-04-09T21:55+02:00[Europe/Madrid] vs threshold PT15M
2026-04-10 14:32:22.671 INFO  [scheduling-1] DataDownload : 📥 Data stale for V [MIN_15]: last candle 2026-04-09T21:45+02:00[Europe/Madrid] vs threshold PT30M
2026-04-10 14:32:22.678 INFO  [scheduling-1] DataDownload : 📥 Data stale for V [HOUR_1]: last candle 2026-04-09T21:00+02:00[Europe/Madrid] vs threshold PT2H
2026-04-10 14:32:22.678 INFO  [scheduling-1] DataDownload : 📥 Auto-refreshing data for ticker: V
2026-04-10 14:32:32.742 INFO  [scheduling-1] DataDownload : ✅ Refreshed 4 timeframes for V
2026-04-10 14:32:32.753 INFO  [scheduling-1] DataDownload : 📥 Data stale for XOM [MIN_5]: last candle 2026-04-09T21:55+02:00[Europe/Madrid] vs threshold PT15M
2026-04-10 14:32:32.755 INFO  [scheduling-1] DataDownload : 📥 Data stale for XOM [MIN_15]: last candle 2026-04-09T21:45+02:00[Europe/Madrid] vs threshold PT30M
2026-04-10 14:32:32.757 INFO  [scheduling-1] DataDownload : 📥 Data stale for XOM [HOUR_1]: last candle 2026-04-09T21:00+02:00[Europe/Madrid] vs threshold PT2H
2026-04-10 14:32:32.757 INFO  [scheduling-1] DataDownload : 📥 Auto-refreshing data for ticker: XOM
2026-04-10 14:32:42.897 INFO  [scheduling-1] DataDownload : ✅ Refreshed 4 timeframes for XOM
2026-04-10 14:32:42.909 INFO  [scheduling-1] DataDownload : 📥 Data stale for A [MIN_5]: last candle 2026-04-09T21:55+02:00[Europe/Madrid] vs threshold PT15M
2026-04-10 14:32:42.913 INFO  [scheduling-1] DataDownload : 📥 Data stale for A [MIN_15]: last candle 2026-04-09T21:45+02:00[Europe/Madrid] vs threshold PT30M
2026-04-10 14:32:42.913 INFO  [scheduling-1] DataDownload : 📥 Data stale for A [HOUR_1]: last candle 2026-04-09T21:00+02:00[Europe/Madrid] vs threshold PT2H
2026-04-10 14:32:42.921 INFO  [scheduling-1] DataDownload : 📥 Auto-refreshing data for ticker: A
2026-04-10 14:32:55.464 INFO  [scheduling-1] DataDownload : ✅ Refreshed 4 timeframes for A
2026-04-10 14:32:55.472 INFO  [scheduling-1] DataDownload : 📥 Data stale for AAL [MIN_5]: last candle 2026-04-09T21:55+02:00[Europe/Madrid] vs threshold PT15M
2026-04-10 14:32:55.475 INFO  [scheduling-1] DataDownload : 📥 Data stale for AAL [MIN_15]: last candle 2026-04-09T21:45+02:00[Europe/Madrid] vs threshold PT30M
2026-04-10 14:32:55.477 INFO  [scheduling-1] DataDownload : 📥 Data stale for AAL [HOUR_1]: last candle 2026-04-09T21:00+02:00[Europe/Madrid] vs threshold PT2H
2026-04-10 14:32:55.480 INFO  [scheduling-1] DataDownload : 📥 Auto-refreshing data for ticker: AAL
2026-04-10 14:33:12.495 INFO  [scheduling-1] DataDownload : ✅ Refreshed 4 timeframes for AAL
2026-04-10 14:33:12.506 INFO  [scheduling-1] DataDownload : 📥 Data stale for ABBV [MIN_5]: last candle 2026-04-09T21:55+02:00[Europe/Madrid] vs threshold PT15M
2026-04-10 14:33:12.506 INFO  [scheduling-1] DataDownload : 📥 Data stale for ABBV [MIN_15]: last candle 2026-04-09T21:45+02:00[Europe/Madrid] vs threshold PT30M
2026-04-10 14:33:12.511 INFO  [scheduling-1] DataDownload : 📥 Data stale for ABBV [HOUR_1]: last candle 2026-04-09T21:00+02:00[Europe/Madrid] vs threshold PT2H
2026-04-10 14:33:12.516 INFO  [scheduling-1] DataDownload : 📥 Auto-refreshing data for ticker: ABBV
2026-04-10 14:33:22.909 INFO  [scheduling-1] DataDownload : ✅ Refreshed 4 timeframes for ABBV
2026-04-10 14:33:22.917 INFO  [scheduling-1] DataDownload : 📥 Data stale for ABNB [MIN_5]: last candle 2026-04-09T21:55+02:00[Europe/Madrid] vs threshold PT15M
2026-04-10 14:33:22.919 INFO  [scheduling-1] DataDownload : 📥 Data stale for ABNB [MIN_15]: last candle 2026-04-09T21:45+02:00[Europe/Madrid] vs threshold PT30M
2026-04-10 14:33:22.922 INFO  [scheduling-1] DataDownload : 📥 Data stale for ABNB [HOUR_1]: last candle 2026-04-09T21:00+02:00[Europe/Madrid] vs threshold PT2H
2026-04-10 14:33:22.924 INFO  [scheduling-1] DataDownload : 📥 Auto-refreshing data for ticker: ABNB
2026-04-10 14:33:32.749 INFO  [scheduling-1] DataDownload : ✅ Refreshed 4 timeframes for ABNB
2026-04-10 14:33:32.755 INFO  [scheduling-1] DataDownload : 📥 Data stale for ABT [MIN_5]: last candle 2026-04-09T21:55+02:00[Europe/Madrid] vs threshold PT15M
2026-04-10 14:33:32.757 INFO  [scheduling-1] DataDownload : 📥 Data stale for ABT [MIN_15]: last candle 2026-04-09T21:45+02:00[Europe/Madrid] vs threshold PT30M
2026-04-10 14:33:32.757 INFO  [scheduling-1] DataDownload : 📥 Data stale for ABT [HOUR_1]: last candle 2026-04-09T21:00+02:00[Europe/Madrid] vs threshold PT2H
2026-04-10 14:33:32.761 INFO  [scheduling-1] DataDownload : 📥 Auto-refreshing data for ticker: ABT
2026-04-10 14:33:42.911 INFO  [scheduling-1] DataDownload : ✅ Refreshed 4 timeframes for ABT
2026-04-10 14:33:42.930 INFO  [scheduling-1] DataDownload : 📥 Data stale for ACGL [MIN_5]: last candle 2026-04-09T21:55+02:00[Europe/Madrid] vs threshold PT15M
2026-04-10 14:33:42.930 INFO  [scheduling-1] DataDownload : 📥 Data stale for ACGL [MIN_15]: last candle 2026-04-09T21:45+02:00[Europe/Madrid] vs threshold PT30M
2026-04-10 14:33:42.930 INFO  [scheduling-1] DataDownload : 📥 Data stale for ACGL [HOUR_1]: last candle 2026-04-09T21:00+02:00[Europe/Madrid] vs threshold PT2H
2026-04-10 14:33:42.930 INFO  [scheduling-1] DataDownload : 📥 Auto-refreshing data for ticker: ACGL
2026-04-10 14:33:55.332 INFO  [scheduling-1] DataDownload : ✅ Refreshed 4 timeframes for ACGL
2026-04-10 14:33:55.342 INFO  [scheduling-1] DataDownload : 📥 Data stale for ACN [MIN_5]: last candle 2026-04-09T21:55+02:00[Europe/Madrid] vs threshold PT15M
2026-04-10 14:33:55.342 INFO  [scheduling-1] DataDownload : 📥 Data stale for ACN [MIN_15]: last candle 2026-04-09T21:45+02:00[Europe/Madrid] vs threshold PT30M
2026-04-10 14:33:55.349 INFO  [scheduling-1] DataDownload : 📥 Data stale for ACN [HOUR_1]: last candle 2026-04-09T21:00+02:00[Europe/Madrid] vs threshold PT2H
2026-04-10 14:33:55.351 INFO  [scheduling-1] DataDownload : 📥 Auto-refreshing data for ticker: ACN
2026-04-10 14:34:12.682 INFO  [scheduling-1] DataDownload : ✅ Refreshed 4 timeframes for ACN
2026-04-10 14:34:12.686 INFO  [scheduling-1] DataDownload : 📥 Data stale for ADBE [MIN_5]: last candle 2026-04-09T21:55+02:00[Europe/Madrid] vs threshold PT15M
2026-04-10 14:34:12.686 INFO  [scheduling-1] DataDownload : 📥 Data stale for ADBE [MIN_15]: last candle 2026-04-09T21:45+02:00[Europe/Madrid] vs threshold PT30M
2026-04-10 14:34:12.686 INFO  [scheduling-1] DataDownload : 📥 Data stale for ADBE [HOUR_1]: last candle 2026-04-09T21:00+02:00[Europe/Madrid] vs threshold PT2H
2026-04-10 14:34:12.686 INFO  [scheduling-1] DataDownload : 📥 Auto-refreshing data for ticker: ADBE
2026-04-10 14:34:22.751 INFO  [scheduling-1] DataDownload : ✅ Refreshed 4 timeframes for ADBE
2026-04-10 14:34:22.751 INFO  [scheduling-1] DataDownload : 📥 Data stale for ADI [MIN_5]: last candle 2026-04-09T21:55+02:00[Europe/Madrid] vs threshold PT15M
2026-04-10 14:34:22.762 INFO  [scheduling-1] DataDownload : 📥 Data stale for ADI [MIN_15]: last candle 2026-04-09T21:45+02:00[Europe/Madrid] vs threshold PT30M
2026-04-10 14:34:22.765 INFO  [scheduling-1] DataDownload : 📥 Data stale for ADI [HOUR_1]: last candle 2026-04-09T21:00+02:00[Europe/Madrid] vs threshold PT2H
2026-04-10 14:34:22.767 INFO  [scheduling-1] DataDownload : 📥 Auto-refreshing data for ticker: ADI
2026-04-10 14:34:33.332 INFO  [scheduling-1] DataDownload : ✅ Refreshed 4 timeframes for ADI
2026-04-10 14:34:33.339 INFO  [scheduling-1] DataDownload : 📥 Data stale for ADM [MIN_5]: last candle 2026-04-09T21:55+02:00[Europe/Madrid] vs threshold PT15M
2026-04-10 14:34:33.341 INFO  [scheduling-1] DataDownload : 📥 Data stale for ADM [MIN_15]: last candle 2026-04-09T21:45+02:00[Europe/Madrid] vs threshold PT30M
2026-04-10 14:34:33.343 INFO  [scheduling-1] DataDownload : 📥 Data stale for ADM [HOUR_1]: last candle 2026-04-09T21:00+02:00[Europe/Madrid] vs threshold PT2H
2026-04-10 14:34:33.343 INFO  [scheduling-1] DataDownload : 📥 Auto-refreshing data for ticker: ADM
2026-04-10 14:34:43.623 INFO  [scheduling-1] DataDownload : ✅ Refreshed 4 timeframes for ADM
2026-04-10 14:34:43.633 INFO  [scheduling-1] DataDownload : 📥 Data stale for ADP [MIN_5]: last candle 2026-04-09T21:55+02:00[Europe/Madrid] vs threshold PT15M
2026-04-10 14:34:43.633 INFO  [scheduling-1] DataDownload : 📥 Data stale for ADP [MIN_15]: last candle 2026-04-09T21:45+02:00[Europe/Madrid] vs threshold PT30M
2026-04-10 14:34:43.633 INFO  [scheduling-1] DataDownload : 📥 Data stale for ADP [HOUR_1]: last candle 2026-04-09T21:00+02:00[Europe/Madrid] vs threshold PT2H
2026-04-10 14:34:43.633 INFO  [scheduling-1] DataDownload : 📥 Auto-refreshing data for ticker: ADP
2026-04-10 14:34:55.665 INFO  [scheduling-1] DataDownload : ✅ Refreshed 4 timeframes for ADP
2026-04-10 14:34:55.671 INFO  [scheduling-1] DataDownload : 📥 Data stale for ADSK [MIN_5]: last candle 2026-04-09T21:55+02:00[Europe/Madrid] vs threshold PT15M
2026-04-10 14:34:55.675 INFO  [scheduling-1] DataDownload : 📥 Data stale for ADSK [MIN_15]: last candle 2026-04-09T21:45+02:00[Europe/Madrid] vs threshold PT30M
2026-04-10 14:34:55.675 INFO  [scheduling-1] DataDownload : 📥 Data stale for ADSK [HOUR_1]: last candle 2026-04-09T21:00+02:00[Europe/Madrid] vs threshold PT2H
2026-04-10 14:34:55.675 INFO  [scheduling-1] DataDownload : 📥 Auto-refreshing data for ticker: ADSK
2026-04-10 14:35:12.544 INFO  [scheduling-1] DataDownload : ✅ Refreshed 4 timeframes for ADSK
2026-04-10 14:35:12.554 INFO  [scheduling-1] DataDownload : 📥 Data stale for AEE [MIN_5]: last candle 2026-04-09T21:55+02:00[Europe/Madrid] vs threshold PT15M
2026-04-10 14:35:12.557 INFO  [scheduling-1] DataDownload : 📥 Data stale for AEE [MIN_15]: last candle 2026-04-09T21:45+02:00[Europe/Madrid] vs threshold PT30M
2026-04-10 14:35:12.561 INFO  [scheduling-1] DataDownload : 📥 Data stale for AEE [HOUR_1]: last candle 2026-04-09T21:00+02:00[Europe/Madrid] vs threshold PT2H
2026-04-10 14:35:12.563 INFO  [scheduling-1] DataDownload : 📥 Auto-refreshing data for ticker: AEE
2026-04-10 14:35:22.944 INFO  [scheduling-1] DataDownload : ✅ Refreshed 4 timeframes for AEE
2026-04-10 14:35:22.951 INFO  [scheduling-1] DataDownload : 📥 Data stale for AEP [MIN_5]: last candle 2026-04-09T21:55+02:00[Europe/Madrid] vs threshold PT15M
2026-04-10 14:35:22.953 INFO  [scheduling-1] DataDownload : 📥 Data stale for AEP [MIN_15]: last candle 2026-04-09T21:45+02:00[Europe/Madrid] vs threshold PT30M
2026-04-10 14:35:22.954 INFO  [scheduling-1] DataDownload : 📥 Data stale for AEP [HOUR_1]: last candle 2026-04-09T21:00+02:00[Europe/Madrid] vs threshold PT2H
2026-04-10 14:35:22.956 INFO  [scheduling-1] DataDownload : 📥 Auto-refreshing data for ticker: AEP
2026-04-10 14:35:33.097 INFO  [scheduling-1] DataDownload : ✅ Refreshed 4 timeframes for AEP
2026-04-10 14:35:33.112 INFO  [scheduling-1] DataDownload : 📥 Data stale for AES [MIN_5]: last candle 2026-04-09T21:55+02:00[Europe/Madrid] vs threshold PT15M
2026-04-10 14:35:33.112 INFO  [scheduling-1] DataDownload : 📥 Data stale for AES [MIN_15]: last candle 2026-04-09T21:45+02:00[Europe/Madrid] vs threshold PT30M
2026-04-10 14:35:33.117 INFO  [scheduling-1] DataDownload : 📥 Data stale for AES [HOUR_1]: last candle 2026-04-09T21:00+02:00[Europe/Madrid] vs threshold PT2H
2026-04-10 14:35:33.117 INFO  [scheduling-1] DataDownload : 📥 Auto-refreshing data for ticker: AES
2026-04-10 14:35:43.292 INFO  [scheduling-1] DataDownload : ✅ Refreshed 4 timeframes for AES
2026-04-10 14:35:43.298 INFO  [scheduling-1] DataDownload : 📥 Data stale for AFG [MIN_5]: last candle 2026-04-09T21:55+02:00[Europe/Madrid] vs threshold PT15M
2026-04-10 14:35:43.298 INFO  [scheduling-1] DataDownload : 📥 Data stale for AFG [MIN_15]: last candle 2026-04-09T21:45+02:00[Europe/Madrid] vs threshold PT30M
2026-04-10 14:35:43.298 INFO  [scheduling-1] DataDownload : 📥 Data stale for AFG [HOUR_1]: last candle 2026-04-09T21:00+02:00[Europe/Madrid] vs threshold PT2H
2026-04-10 14:35:43.298 INFO  [scheduling-1] DataDownload : 📥 Auto-refreshing data for ticker: AFG
2026-04-10 14:35:55.473 INFO  [scheduling-1] DataDownload : ✅ Refreshed 4 timeframes for AFG
2026-04-10 14:35:55.480 INFO  [scheduling-1] DataDownload : 📥 Data stale for AFL [MIN_5]: last candle 2026-04-09T21:55+02:00[Europe/Madrid] vs threshold PT15M
2026-04-10 14:35:55.483 INFO  [scheduling-1] DataDownload : 📥 Data stale for AFL [MIN_15]: last candle 2026-04-09T21:45+02:00[Europe/Madrid] vs threshold PT30M
2026-04-10 14:35:55.487 INFO  [scheduling-1] DataDownload : 📥 Data stale for AFL [HOUR_1]: last candle 2026-04-09T21:00+02:00[Europe/Madrid] vs threshold PT2H
2026-04-10 14:35:55.487 INFO  [scheduling-1] DataDownload : 📥 Auto-refreshing data for ticker: AFL
2026-04-10 14:36:12.754 INFO  [scheduling-1] DataDownload : ✅ Refreshed 4 timeframes for AFL
2026-04-10 14:36:12.766 INFO  [scheduling-1] DataDownload : 📥 Data stale for AFRM [MIN_5]: last candle 2026-04-09T21:55+02:00[Europe/Madrid] vs threshold PT15M
2026-04-10 14:36:12.766 INFO  [scheduling-1] DataDownload : 📥 Data stale for AFRM [MIN_15]: last candle 2026-04-09T21:45+02:00[Europe/Madrid] vs threshold PT30M
2026-04-10 14:36:12.769 INFO  [scheduling-1] DataDownload : 📥 Data stale for AFRM [HOUR_1]: last candle 2026-04-09T21:00+02:00[Europe/Madrid] vs threshold PT2H
2026-04-10 14:36:12.769 INFO  [scheduling-1] DataDownload : 📥 Auto-refreshing data for ticker: AFRM
2026-04-10 14:36:22.815 INFO  [scheduling-1] DataDownload : ✅ Refreshed 4 timeframes for AFRM
2026-04-10 14:36:22.823 INFO  [scheduling-1] DataDownload : 📥 Data stale for AIG [MIN_5]: last candle 2026-04-09T21:55+02:00[Europe/Madrid] vs threshold PT15M
2026-04-10 14:36:22.827 INFO  [scheduling-1] DataDownload : 📥 Data stale for AIG [MIN_15]: last candle 2026-04-09T21:45+02:00[Europe/Madrid] vs threshold PT30M
2026-04-10 14:36:22.829 INFO  [scheduling-1] DataDownload : 📥 Data stale for AIG [HOUR_1]: last candle 2026-04-09T21:00+02:00[Europe/Madrid] vs threshold PT2H
2026-04-10 14:36:22.831 INFO  [scheduling-1] DataDownload : 📥 Auto-refreshing data for ticker: AIG
2026-04-10 14:36:32.882 INFO  [scheduling-1] DataDownload : ✅ Refreshed 4 timeframes for AIG
2026-04-10 14:36:32.895 INFO  [scheduling-1] DataDownload : 📥 Data stale for AIZ [MIN_5]: last candle 2026-04-09T21:55+02:00[Europe/Madrid] vs threshold PT15M
2026-04-10 14:36:32.901 INFO  [scheduling-1] DataDownload : 📥 Data stale for AIZ [MIN_15]: last candle 2026-04-09T21:45+02:00[Europe/Madrid] vs threshold PT30M
2026-04-10 14:36:32.905 INFO  [scheduling-1] DataDownload : 📥 Data stale for AIZ [HOUR_1]: last candle 2026-04-09T21:00+02:00[Europe/Madrid] vs threshold PT2H
2026-04-10 14:36:32.907 INFO  [scheduling-1] DataDownload : 📥 Auto-refreshing data for ticker: AIZ
2026-04-10 14:36:43.137 INFO  [scheduling-1] DataDownload : ✅ Refreshed 4 timeframes for AIZ
2026-04-10 14:36:43.152 INFO  [scheduling-1] DataDownload : 📥 Data stale for AJG [MIN_5]: last candle 2026-04-09T21:55+02:00[Europe/Madrid] vs threshold PT15M
2026-04-10 14:36:43.152 INFO  [scheduling-1] DataDownload : 📥 Data stale for AJG [MIN_15]: last candle 2026-04-09T21:45+02:00[Europe/Madrid] vs threshold PT30M
2026-04-10 14:36:43.152 INFO  [scheduling-1] DataDownload : 📥 Data stale for AJG [HOUR_1]: last candle 2026-04-09T21:00+02:00[Europe/Madrid] vs threshold PT2H
2026-04-10 14:36:43.152 INFO  [scheduling-1] DataDownload : 📥 Auto-refreshing data for ticker: AJG
2026-04-10 14:36:55.479 INFO  [scheduling-1] DataDownload : ✅ Refreshed 4 timeframes for AJG
2026-04-10 14:36:55.490 INFO  [scheduling-1] DataDownload : 📥 Data stale for AKAM [MIN_5]: last candle 2026-04-09T21:55+02:00[Europe/Madrid] vs threshold PT15M
2026-04-10 14:36:55.491 INFO  [scheduling-1] DataDownload : 📥 Data stale for AKAM [MIN_15]: last candle 2026-04-09T21:45+02:00[Europe/Madrid] vs threshold PT30M
2026-04-10 14:36:55.492 INFO  [scheduling-1] DataDownload : 📥 Data stale for AKAM [HOUR_1]: last candle 2026-04-09T21:00+02:00[Europe/Madrid] vs threshold PT2H
2026-04-10 14:36:55.492 INFO  [scheduling-1] DataDownload : 📥 Auto-refreshing data for ticker: AKAM
2026-04-10 14:37:12.184 INFO  [scheduling-1] DataDownload : ✅ Refreshed 4 timeframes for AKAM
2026-04-10 14:37:12.190 INFO  [scheduling-1] DataDownload : 📥 Data stale for ALB [MIN_5]: last candle 2026-04-09T21:55+02:00[Europe/Madrid] vs threshold PT15M
2026-04-10 14:37:12.190 INFO  [scheduling-1] DataDownload : 📥 Data stale for ALB [MIN_15]: last candle 2026-04-09T21:45+02:00[Europe/Madrid] vs threshold PT30M
2026-04-10 14:37:12.190 INFO  [scheduling-1] DataDownload : 📥 Data stale for ALB [HOUR_1]: last candle 2026-04-09T21:00+02:00[Europe/Madrid] vs threshold PT2H
2026-04-10 14:37:12.196 INFO  [scheduling-1] DataDownload : 📥 Auto-refreshing data for ticker: ALB
2026-04-10 14:37:22.578 INFO  [scheduling-1] DataDownload : ✅ Refreshed 4 timeframes for ALB
2026-04-10 14:37:22.584 INFO  [scheduling-1] DataDownload : 📥 Data stale for ALGN [MIN_5]: last candle 2026-04-09T21:55+02:00[Europe/Madrid] vs threshold PT15M
2026-04-10 14:37:22.584 INFO  [scheduling-1] DataDownload : 📥 Data stale for ALGN [MIN_15]: last candle 2026-04-09T21:45+02:00[Europe/Madrid] vs threshold PT30M
2026-04-10 14:37:22.589 INFO  [scheduling-1] DataDownload : 📥 Data stale for ALGN [HOUR_1]: last candle 2026-04-09T21:00+02:00[Europe/Madrid] vs threshold PT2H
2026-04-10 14:37:22.589 INFO  [scheduling-1] DataDownload : 📥 Auto-refreshing data for ticker: ALGN
2026-04-10 14:37:32.413 INFO  [scheduling-1] DataDownload : ✅ Refreshed 4 timeframes for ALGN
2026-04-10 14:37:32.416 INFO  [scheduling-1] DataDownload : 📥 Data stale for ALL [MIN_5]: last candle 2026-04-09T21:55+02:00[Europe/Madrid] vs threshold PT15M
2026-04-10 14:37:32.416 INFO  [scheduling-1] DataDownload : 📥 Data stale for ALL [MIN_15]: last candle 2026-04-09T21:45+02:00[Europe/Madrid] vs threshold PT30M
2026-04-10 14:37:32.425 INFO  [scheduling-1] DataDownload : 📥 Data stale for ALL [HOUR_1]: last candle 2026-04-09T21:00+02:00[Europe/Madrid] vs threshold PT2H
2026-04-10 14:37:32.425 INFO  [scheduling-1] DataDownload : 📥 Auto-refreshing data for ticker: ALL
2026-04-10 14:37:42.467 INFO  [scheduling-1] DataDownload : ✅ Refreshed 4 timeframes for ALL
2026-04-10 14:37:42.479 INFO  [scheduling-1] DataDownload : 📥 Data stale for ALLE [MIN_5]: last candle 2026-04-09T21:55+02:00[Europe/Madrid] vs threshold PT15M
2026-04-10 14:37:42.481 INFO  [scheduling-1] DataDownload : 📥 Data stale for ALLE [MIN_15]: last candle 2026-04-09T21:45+02:00[Europe/Madrid] vs threshold PT30M
2026-04-10 14:37:42.483 INFO  [scheduling-1] DataDownload : 📥 Data stale for ALLE [HOUR_1]: last candle 2026-04-09T21:00+02:00[Europe/Madrid] vs threshold PT2H
2026-04-10 14:37:42.483 INFO  [scheduling-1] DataDownload : 📥 Auto-refreshing data for ticker: ALLE
2026-04-10 14:37:55.435 INFO  [scheduling-1] DataDownload : ✅ Refreshed 4 timeframes for ALLE
2026-04-10 14:37:55.445 INFO  [scheduling-1] DataDownload : 📥 Data stale for AMAT [MIN_5]: last candle 2026-04-09T21:55+02:00[Europe/Madrid] vs threshold PT15M
2026-04-10 14:37:55.452 INFO  [scheduling-1] DataDownload : 📥 Data stale for AMAT [MIN_15]: last candle 2026-04-09T21:45+02:00[Europe/Madrid] vs threshold PT30M
2026-04-10 14:37:55.452 INFO  [scheduling-1] DataDownload : 📥 Data stale for AMAT [HOUR_1]: last candle 2026-04-09T21:00+02:00[Europe/Madrid] vs threshold PT2H
2026-04-10 14:37:55.455 INFO  [scheduling-1] DataDownload : 📥 Auto-refreshing data for ticker: AMAT
2026-04-10 14:38:12.712 INFO  [scheduling-1] DataDownload : ✅ Refreshed 4 timeframes for AMAT
2026-04-10 14:38:12.718 INFO  [scheduling-1] DataDownload : 📥 Data stale for AMCR [MIN_5]: last candle 2026-04-09T21:55+02:00[Europe/Madrid] vs threshold PT15M
2026-04-10 14:38:12.720 INFO  [scheduling-1] DataDownload : 📥 Data stale for AMCR [MIN_15]: last candle 2026-04-09T21:45+02:00[Europe/Madrid] vs threshold PT30M
2026-04-10 14:38:12.721 INFO  [scheduling-1] DataDownload : 📥 Data stale for AMCR [HOUR_1]: last candle 2026-04-09T21:00+02:00[Europe/Madrid] vs threshold PT2H
2026-04-10 14:38:12.722 INFO  [scheduling-1] DataDownload : 📥 Auto-refreshing data for ticker: AMCR
2026-04-10 14:38:23.304 INFO  [scheduling-1] DataDownload : ✅ Refreshed 4 timeframes for AMCR
2026-04-10 14:38:23.311 INFO  [scheduling-1] DataDownload : 📥 Data stale for AMDL [MIN_5]: last candle 2026-04-09T21:55+02:00[Europe/Madrid] vs threshold PT15M
2026-04-10 14:38:23.313 INFO  [scheduling-1] DataDownload : 📥 Data stale for AMDL [MIN_15]: last candle 2026-04-09T21:45+02:00[Europe/Madrid] vs threshold PT30M
2026-04-10 14:38:23.317 INFO  [scheduling-1] DataDownload : 📥 Data stale for AMDL [HOUR_1]: last candle 2026-04-09T21:00+02:00[Europe/Madrid] vs threshold PT2H
2026-04-10 14:38:23.317 INFO  [scheduling-1] DataDownload : 📥 Auto-refreshing data for ticker: AMDL
2026-04-10 14:38:33.503 INFO  [scheduling-1] DataDownload : ✅ Refreshed 4 timeframes for AMDL
2026-04-10 14:38:33.510 INFO  [scheduling-1] DataDownload : 📥 Data stale for AME [MIN_5]: last candle 2026-04-09T21:55+02:00[Europe/Madrid] vs threshold PT15M
2026-04-10 14:38:33.513 INFO  [scheduling-1] DataDownload : 📥 Data stale for AME [MIN_15]: last candle 2026-04-09T21:45+02:00[Europe/Madrid] vs threshold PT30M
2026-04-10 14:38:33.515 INFO  [scheduling-1] DataDownload : 📥 Data stale for AME [HOUR_1]: last candle 2026-04-09T21:00+02:00[Europe/Madrid] vs threshold PT2H
2026-04-10 14:38:33.518 INFO  [scheduling-1] DataDownload : 📥 Auto-refreshing data for ticker: AME
2026-04-10 14:38:43.747 INFO  [scheduling-1] DataDownload : ✅ Refreshed 4 timeframes for AME
2026-04-10 14:38:43.759 INFO  [scheduling-1] DataDownload : 📥 Data stale for AMGN [MIN_5]: last candle 2026-04-09T21:55+02:00[Europe/Madrid] vs threshold PT15M
2026-04-10 14:38:43.759 INFO  [scheduling-1] DataDownload : 📥 Data stale for AMGN [MIN_15]: last candle 2026-04-09T21:45+02:00[Europe/Madrid] vs threshold PT30M
2026-04-10 14:38:43.759 INFO  [scheduling-1] DataDownload : 📥 Data stale for AMGN [HOUR_1]: last candle 2026-04-09T21:00+02:00[Europe/Madrid] vs threshold PT2H
2026-04-10 14:38:43.759 INFO  [scheduling-1] DataDownload : 📥 Auto-refreshing data for ticker: AMGN
2026-04-10 14:39:07.408 INFO  [scheduling-1] DataDownload : ✅ Refreshed 4 timeframes for AMGN
2026-04-10 14:39:07.412 INFO  [scheduling-1] DataDownload : 📥 Data stale for AMP [MIN_5]: last candle 2026-04-09T21:55+02:00[Europe/Madrid] vs threshold PT15M
2026-04-10 14:39:07.414 INFO  [scheduling-1] DataDownload : 📥 Data stale for AMP [MIN_15]: last candle 2026-04-09T21:45+02:00[Europe/Madrid] vs threshold PT30M
2026-04-10 14:39:07.416 INFO  [scheduling-1] DataDownload : 📥 Data stale for AMP [HOUR_1]: last candle 2026-04-09T21:00+02:00[Europe/Madrid] vs threshold PT2H
2026-04-10 14:39:07.416 INFO  [scheduling-1] DataDownload : 📥 Auto-refreshing data for ticker: AMP
2026-04-10 14:39:17.559 INFO  [scheduling-1] DataDownload : ✅ Refreshed 4 timeframes for AMP
2026-04-10 14:39:17.568 INFO  [scheduling-1] DataDownload : 📥 Data stale for AMT [MIN_5]: last candle 2026-04-09T21:55+02:00[Europe/Madrid] vs threshold PT15M
2026-04-10 14:39:17.569 INFO  [scheduling-1] DataDownload : 📥 Data stale for AMT [MIN_15]: last candle 2026-04-09T21:45+02:00[Europe/Madrid] vs threshold PT30M
2026-04-10 14:39:17.569 INFO  [scheduling-1] DataDownload : 📥 Data stale for AMT [HOUR_1]: last candle 2026-04-09T21:00+02:00[Europe/Madrid] vs threshold PT2H
2026-04-10 14:39:17.569 INFO  [scheduling-1] DataDownload : 📥 Auto-refreshing data for ticker: AMT
2026-04-10 14:39:27.738 INFO  [scheduling-1] DataDownload : ✅ Refreshed 4 timeframes for AMT
2026-04-10 14:39:27.741 INFO  [scheduling-1] DataDownload : 📥 Data stale for ANET [MIN_5]: last candle 2026-04-09T21:55+02:00[Europe/Madrid] vs threshold PT15M
2026-04-10 14:39:27.741 INFO  [scheduling-1] DataDownload : 📥 Data stale for ANET [MIN_15]: last candle 2026-04-09T21:45+02:00[Europe/Madrid] vs threshold PT30M
2026-04-10 14:39:27.744 INFO  [scheduling-1] DataDownload : 📥 Data stale for ANET [HOUR_1]: last candle 2026-04-09T21:00+02:00[Europe/Madrid] vs threshold PT2H
2026-04-10 14:39:27.744 INFO  [scheduling-1] DataDownload : 📥 Auto-refreshing data for ticker: ANET
2026-04-10 14:39:37.663 INFO  [scheduling-1] DataDownload : ✅ Refreshed 4 timeframes for ANET
2026-04-10 14:39:37.674 INFO  [scheduling-1] DataDownload : 📥 Data stale for AON [MIN_5]: last candle 2026-04-09T21:55+02:00[Europe/Madrid] vs threshold PT15M
2026-04-10 14:39:37.674 INFO  [scheduling-1] DataDownload : 📥 Data stale for AON [MIN_15]: last candle 2026-04-09T21:45+02:00[Europe/Madrid] vs threshold PT30M
2026-04-10 14:39:37.674 INFO  [scheduling-1] DataDownload : 📥 Data stale for AON [HOUR_1]: last candle 2026-04-09T21:00+02:00[Europe/Madrid] vs threshold PT2H
2026-04-10 14:39:37.674 INFO  [scheduling-1] DataDownload : 📥 Auto-refreshing data for ticker: AON
2026-04-10 14:39:47.750 INFO  [scheduling-1] DataDownload : ✅ Refreshed 4 timeframes for AON
2026-04-10 14:39:47.752 INFO  [scheduling-1] DataDownload : 📥 Data stale for AOS [MIN_5]: last candle 2026-04-09T21:55+02:00[Europe/Madrid] vs threshold PT15M
2026-04-10 14:39:47.757 INFO  [scheduling-1] DataDownload : 📥 Data stale for AOS [MIN_15]: last candle 2026-04-09T21:45+02:00[Europe/Madrid] vs threshold PT30M
2026-04-10 14:39:47.757 INFO  [scheduling-1] DataDownload : 📥 Data stale for AOS [HOUR_1]: last candle 2026-04-09T21:00+02:00[Europe/Madrid] vs threshold PT2H
2026-04-10 14:39:47.757 INFO  [scheduling-1] DataDownload : 📥 Auto-refreshing data for ticker: AOS
2026-04-10 14:40:07.481 INFO  [scheduling-1] DataDownload : ✅ Refreshed 4 timeframes for AOS
2026-04-10 14:40:07.487 INFO  [scheduling-1] DataDownload : 📥 Data stale for APA [MIN_5]: last candle 2026-04-09T21:55+02:00[Europe/Madrid] vs threshold PT15M
2026-04-10 14:40:07.487 INFO  [scheduling-1] DataDownload : 📥 Data stale for APA [MIN_15]: last candle 2026-04-09T21:45+02:00[Europe/Madrid] vs threshold PT30M
2026-04-10 14:40:07.492 INFO  [scheduling-1] DataDownload : 📥 Data stale for APA [HOUR_1]: last candle 2026-04-09T21:00+02:00[Europe/Madrid] vs threshold PT2H
2026-04-10 14:40:07.494 INFO  [scheduling-1] DataDownload : 📥 Auto-refreshing data for ticker: APA
2026-04-10 14:40:17.857 INFO  [scheduling-1] DataDownload : ✅ Refreshed 4 timeframes for APA
2026-04-10 14:40:17.867 INFO  [scheduling-1] DataDownload : 📥 Data stale for APD [MIN_5]: last candle 2026-04-09T21:55+02:00[Europe/Madrid] vs threshold PT15M
2026-04-10 14:40:17.871 INFO  [scheduling-1] DataDownload : 📥 Data stale for APD [MIN_15]: last candle 2026-04-09T21:45+02:00[Europe/Madrid] vs threshold PT30M
2026-04-10 14:40:17.874 INFO  [scheduling-1] DataDownload : 📥 Data stale for APD [HOUR_1]: last candle 2026-04-09T21:00+02:00[Europe/Madrid] vs threshold PT2H
2026-04-10 14:40:17.874 INFO  [scheduling-1] DataDownload : 📥 Auto-refreshing data for ticker: APD
2026-04-10 14:40:28.244 INFO  [scheduling-1] DataDownload : ✅ Refreshed 4 timeframes for APD
2026-04-10 14:40:28.251 INFO  [scheduling-1] DataDownload : 📥 Data stale for APH [MIN_5]: last candle 2026-04-09T21:55+02:00[Europe/Madrid] vs threshold PT15M
2026-04-10 14:40:28.253 INFO  [scheduling-1] DataDownload : 📥 Data stale for APH [MIN_15]: last candle 2026-04-09T21:45+02:00[Europe/Madrid] vs threshold PT30M
2026-04-10 14:40:28.257 INFO  [scheduling-1] DataDownload : 📥 Data stale for APH [HOUR_1]: last candle 2026-04-09T21:00+02:00[Europe/Madrid] vs threshold PT2H
2026-04-10 14:40:28.257 INFO  [scheduling-1] DataDownload : 📥 Auto-refreshing data for ticker: APH
2026-04-10 14:40:38.379 INFO  [scheduling-1] DataDownload : ✅ Refreshed 4 timeframes for APH
2026-04-10 14:40:38.386 INFO  [scheduling-1] DataDownload : 📥 Data stale for APTV [MIN_5]: last candle 2026-04-09T21:55+02:00[Europe/Madrid] vs threshold PT15M
2026-04-10 14:40:38.390 INFO  [scheduling-1] DataDownload : 📥 Data stale for APTV [MIN_15]: last candle 2026-04-09T21:45+02:00[Europe/Madrid] vs threshold PT30M
2026-04-10 14:40:38.390 INFO  [scheduling-1] DataDownload : 📥 Data stale for APTV [HOUR_1]: last candle 2026-04-09T21:00+02:00[Europe/Madrid] vs threshold PT2H
2026-04-10 14:40:38.392 INFO  [scheduling-1] DataDownload : 📥 Auto-refreshing data for ticker: APTV
2026-04-10 14:40:48.409 INFO  [scheduling-1] DataDownload : ✅ Refreshed 4 timeframes for APTV
2026-04-10 14:40:48.423 INFO  [scheduling-1] DataDownload : 📥 Data stale for ARE [MIN_5]: last candle 2026-04-09T21:55+02:00[Europe/Madrid] vs threshold PT15M
2026-04-10 14:40:48.424 INFO  [scheduling-1] DataDownload : 📥 Data stale for ARE [MIN_15]: last candle 2026-04-09T21:45+02:00[Europe/Madrid] vs threshold PT30M
2026-04-10 14:40:48.429 INFO  [scheduling-1] DataDownload : 📥 Data stale for ARE [HOUR_1]: last candle 2026-04-09T21:00+02:00[Europe/Madrid] vs threshold PT2H
2026-04-10 14:40:48.429 INFO  [scheduling-1] DataDownload : 📥 Auto-refreshing data for ticker: ARE
2026-04-10 14:41:07.474 INFO  [scheduling-1] DataDownload : ✅ Refreshed 4 timeframes for ARE
2026-04-10 14:41:07.484 INFO  [scheduling-1] DataDownload : 📥 Data stale for ARKK [MIN_5]: last candle 2026-04-09T21:55+02:00[Europe/Madrid] vs threshold PT15M
2026-04-10 14:41:07.484 INFO  [scheduling-1] DataDownload : 📥 Data stale for ARKK [MIN_15]: last candle 2026-04-09T21:45+02:00[Europe/Madrid] vs threshold PT30M
2026-04-10 14:41:07.488 INFO  [scheduling-1] DataDownload : 📥 Data stale for ARKK [HOUR_1]: last candle 2026-04-09T21:00+02:00[Europe/Madrid] vs threshold PT2H
2026-04-10 14:41:07.488 INFO  [scheduling-1] DataDownload : 📥 Auto-refreshing data for ticker: ARKK
2026-04-10 14:41:17.427 INFO  [scheduling-1] DataDownload : ✅ Refreshed 4 timeframes for ARKK
2026-04-10 14:41:17.435 INFO  [scheduling-1] DataDownload : 📥 Data stale for ARM [MIN_5]: last candle 2026-04-09T21:55+02:00[Europe/Madrid] vs threshold PT15M
2026-04-10 14:41:17.439 INFO  [scheduling-1] DataDownload : 📥 Data stale for ARM [MIN_15]: last candle 2026-04-09T21:45+02:00[Europe/Madrid] vs threshold PT30M
2026-04-10 14:41:17.442 INFO  [scheduling-1] DataDownload : 📥 Data stale for ARM [HOUR_1]: last candle 2026-04-09T21:00+02:00[Europe/Madrid] vs threshold PT2H
2026-04-10 14:41:17.442 INFO  [scheduling-1] DataDownload : 📥 Auto-refreshing data for ticker: ARM
2026-04-10 14:41:27.507 INFO  [scheduling-1] DataDownload : ✅ Refreshed 4 timeframes for ARM
2026-04-10 14:41:27.518 INFO  [scheduling-1] DataDownload : 📥 Data stale for ATO [MIN_5]: last candle 2026-04-09T21:55+02:00[Europe/Madrid] vs threshold PT15M
2026-04-10 14:41:27.518 INFO  [scheduling-1] DataDownload : 📥 Data stale for ATO [MIN_15]: last candle 2026-04-09T21:45+02:00[Europe/Madrid] vs threshold PT30M
2026-04-10 14:41:27.523 INFO  [scheduling-1] DataDownload : 📥 Data stale for ATO [HOUR_1]: last candle 2026-04-09T21:00+02:00[Europe/Madrid] vs threshold PT2H
2026-04-10 14:41:27.526 INFO  [scheduling-1] DataDownload : 📥 Auto-refreshing data for ticker: ATO
2026-04-10 14:41:37.756 INFO  [scheduling-1] DataDownload : ✅ Refreshed 4 timeframes for ATO
2026-04-10 14:41:37.765 INFO  [scheduling-1] DataDownload : 📥 Data stale for AVB [MIN_5]: last candle 2026-04-09T21:55+02:00[Europe/Madrid] vs threshold PT15M
2026-04-10 14:41:37.766 INFO  [scheduling-1] DataDownload : 📥 Data stale for AVB [MIN_15]: last candle 2026-04-09T21:45+02:00[Europe/Madrid] vs threshold PT30M
2026-04-10 14:41:37.770 INFO  [scheduling-1] DataDownload : 📥 Data stale for AVB [HOUR_1]: last candle 2026-04-09T21:00+02:00[Europe/Madrid] vs threshold PT2H
2026-04-10 14:41:37.771 INFO  [scheduling-1] DataDownload : 📥 Auto-refreshing data for ticker: AVB
2026-04-10 14:41:47.766 INFO  [scheduling-1] DataDownload : ✅ Refreshed 4 timeframes for AVB
2026-04-10 14:41:47.766 INFO  [scheduling-1] DataDownload : 📥 Data stale for AVGO [MIN_5]: last candle 2026-04-09T21:55+02:00[Europe/Madrid] vs threshold PT15M
2026-04-10 14:41:47.766 INFO  [scheduling-1] DataDownload : 📥 Data stale for AVGO [MIN_15]: last candle 2026-04-09T21:45+02:00[Europe/Madrid] vs threshold PT30M
2026-04-10 14:41:47.776 INFO  [scheduling-1] DataDownload : 📥 Data stale for AVGO [HOUR_1]: last candle 2026-04-09T21:00+02:00[Europe/Madrid] vs threshold PT2H
2026-04-10 14:41:47.776 INFO  [scheduling-1] DataDownload : 📥 Auto-refreshing data for ticker: AVGO
2026-04-10 14:42:07.468 INFO  [scheduling-1] DataDownload : ✅ Refreshed 4 timeframes for AVGO
2026-04-10 14:42:07.473 INFO  [scheduling-1] DataDownload : 📥 Data stale for AVY [MIN_5]: last candle 2026-04-09T21:55+02:00[Europe/Madrid] vs threshold PT15M
2026-04-10 14:42:07.474 INFO  [scheduling-1] DataDownload : 📥 Data stale for AVY [MIN_15]: last candle 2026-04-09T21:45+02:00[Europe/Madrid] vs threshold PT30M
2026-04-10 14:42:07.476 INFO  [scheduling-1] DataDownload : 📥 Data stale for AVY [HOUR_1]: last candle 2026-04-09T21:00+02:00[Europe/Madrid] vs threshold PT2H
2026-04-10 14:42:07.477 INFO  [scheduling-1] DataDownload : 📥 Auto-refreshing data for ticker: AVY
2026-04-10 14:42:17.495 INFO  [scheduling-1] DataDownload : ✅ Refreshed 4 timeframes for AVY
2026-04-10 14:42:17.504 INFO  [scheduling-1] DataDownload : 📥 Data stale for AWK [MIN_5]: last candle 2026-04-09T21:55+02:00[Europe/Madrid] vs threshold PT15M
2026-04-10 14:42:17.505 INFO  [scheduling-1] DataDownload : 📥 Data stale for AWK [MIN_15]: last candle 2026-04-09T21:45+02:00[Europe/Madrid] vs threshold PT30M
2026-04-10 14:42:17.509 INFO  [scheduling-1] DataDownload : 📥 Data stale for AWK [HOUR_1]: last candle 2026-04-09T21:00+02:00[Europe/Madrid] vs threshold PT2H
2026-04-10 14:42:17.509 INFO  [scheduling-1] DataDownload : 📥 Auto-refreshing data for ticker: AWK
2026-04-10 14:42:28.298 INFO  [scheduling-1] DataDownload : ✅ Refreshed 4 timeframes for AWK
2026-04-10 14:42:28.303 INFO  [scheduling-1] DataDownload : 📥 Data stale for AXON [MIN_5]: last candle 2026-04-09T21:55+02:00[Europe/Madrid] vs threshold PT15M
2026-04-10 14:42:28.305 INFO  [scheduling-1] DataDownload : 📥 Data stale for AXON [MIN_15]: last candle 2026-04-09T21:45+02:00[Europe/Madrid] vs threshold PT30M
2026-04-10 14:42:28.309 INFO  [scheduling-1] DataDownload : 📥 Data stale for AXON [HOUR_1]: last candle 2026-04-09T21:00+02:00[Europe/Madrid] vs threshold PT2H
2026-04-10 14:42:28.309 INFO  [scheduling-1] DataDownload : 📥 Auto-refreshing data for ticker: AXON
2026-04-10 14:42:38.309 INFO  [scheduling-1] DataDownload : ✅ Refreshed 4 timeframes for AXON
2026-04-10 14:42:38.322 INFO  [scheduling-1] DataDownload : 📥 Data stale for AXP [MIN_5]: last candle 2026-04-09T21:55+02:00[Europe/Madrid] vs threshold PT15M
2026-04-10 14:42:38.325 INFO  [scheduling-1] DataDownload : 📥 Data stale for AXP [MIN_15]: last candle 2026-04-09T21:45+02:00[Europe/Madrid] vs threshold PT30M
2026-04-10 14:42:38.329 INFO  [scheduling-1] DataDownload : 📥 Data stale for AXP [HOUR_1]: last candle 2026-04-09T21:00+02:00[Europe/Madrid] vs threshold PT2H
2026-04-10 14:42:38.329 INFO  [scheduling-1] DataDownload : 📥 Auto-refreshing data for ticker: AXP
2026-04-10 14:42:48.684 INFO  [scheduling-1] DataDownload : ✅ Refreshed 4 timeframes for AXP
2026-04-10 14:42:48.694 INFO  [scheduling-1] DataDownload : 📥 Data stale for AYI [MIN_5]: last candle 2026-04-09T21:55+02:00[Europe/Madrid] vs threshold PT15M
2026-04-10 14:42:48.697 INFO  [scheduling-1] DataDownload : 📥 Data stale for AYI [MIN_15]: last candle 2026-04-09T21:45+02:00[Europe/Madrid] vs threshold PT30M
2026-04-10 14:42:48.702 INFO  [scheduling-1] DataDownload : 📥 Data stale for AYI [HOUR_1]: last candle 2026-04-09T21:00+02:00[Europe/Madrid] vs threshold PT2H
2026-04-10 14:42:48.704 INFO  [scheduling-1] DataDownload : 📥 Auto-refreshing data for ticker: AYI
2026-04-10 14:43:07.478 INFO  [scheduling-1] DataDownload : ✅ Refreshed 4 timeframes for AYI
2026-04-10 14:43:07.481 INFO  [scheduling-1] DataDownload : 📥 Data stale for AZO [MIN_5]: last candle 2026-04-09T21:55+02:00[Europe/Madrid] vs threshold PT15M
2026-04-10 14:43:07.482 INFO  [scheduling-1] DataDownload : 📥 Data stale for AZO [MIN_15]: last candle 2026-04-09T21:45+02:00[Europe/Madrid] vs threshold PT30M
2026-04-10 14:43:07.483 INFO  [scheduling-1] DataDownload : 📥 Data stale for AZO [HOUR_1]: last candle 2026-04-09T21:00+02:00[Europe/Madrid] vs threshold PT2H
2026-04-10 14:43:07.483 INFO  [scheduling-1] DataDownload : 📥 Auto-refreshing data for ticker: AZO
2026-04-10 14:43:17.294 INFO  [scheduling-1] DataDownload : ✅ Refreshed 4 timeframes for AZO
2026-04-10 14:43:17.306 INFO  [scheduling-1] DataDownload : 📥 Data stale for BA [MIN_5]: last candle 2026-04-09T21:55+02:00[Europe/Madrid] vs threshold PT15M
2026-04-10 14:43:17.311 INFO  [scheduling-1] DataDownload : 📥 Data stale for BA [MIN_15]: last candle 2026-04-09T21:45+02:00[Europe/Madrid] vs threshold PT30M
2026-04-10 14:43:17.314 INFO  [scheduling-1] DataDownload : 📥 Data stale for BA [HOUR_1]: last candle 2026-04-09T21:00+02:00[Europe/Madrid] vs threshold PT2H
2026-04-10 14:43:17.316 INFO  [scheduling-1] DataDownload : 📥 Auto-refreshing data for ticker: BA
2026-04-10 14:43:28.661 INFO  [scheduling-1] DataDownload : ✅ Refreshed 4 timeframes for BA
2026-04-10 14:43:28.675 INFO  [scheduling-1] DataDownload : 📥 Data stale for BABA [MIN_5]: last candle 2026-04-09T21:55+02:00[Europe/Madrid] vs threshold PT15M
2026-04-10 14:43:28.678 INFO  [scheduling-1] DataDownload : 📥 Data stale for BABA [MIN_15]: last candle 2026-04-09T21:45+02:00[Europe/Madrid] vs threshold PT30M
2026-04-10 14:43:28.684 INFO  [scheduling-1] DataDownload : 📥 Data stale for BABA [HOUR_1]: last candle 2026-04-09T21:00+02:00[Europe/Madrid] vs threshold PT2H
2026-04-10 14:43:28.686 INFO  [scheduling-1] DataDownload : 📥 Auto-refreshing data for ticker: BABA
2026-04-10 14:43:38.699 INFO  [scheduling-1] DataDownload : ✅ Refreshed 4 timeframes for BABA
2026-04-10 14:43:38.710 INFO  [scheduling-1] DataDownload : 📥 Data stale for BAC [MIN_5]: last candle 2026-04-09T21:55+02:00[Europe/Madrid] vs threshold PT15M
2026-04-10 14:43:38.717 INFO  [scheduling-1] DataDownload : 📥 Data stale for BAC [MIN_15]: last candle 2026-04-09T21:45+02:00[Europe/Madrid] vs threshold PT30M
2026-04-10 14:43:38.722 INFO  [scheduling-1] DataDownload : 📥 Data stale for BAC [HOUR_1]: last candle 2026-04-09T21:00+02:00[Europe/Madrid] vs threshold PT2H
2026-04-10 14:43:38.734 INFO  [scheduling-1] DataDownload : 📥 Auto-refreshing data for ticker: BAC
2026-04-10 14:43:48.968 INFO  [scheduling-1] DataDownload : ✅ Refreshed 4 timeframes for BAC
2026-04-10 14:43:48.979 INFO  [scheduling-1] DataDownload : 📥 Data stale for BALL [MIN_5]: last candle 2026-04-09T21:55+02:00[Europe/Madrid] vs threshold PT15M
2026-04-10 14:43:48.983 INFO  [scheduling-1] DataDownload : 📥 Data stale for BALL [MIN_15]: last candle 2026-04-09T21:45+02:00[Europe/Madrid] vs threshold PT30M
2026-04-10 14:43:48.987 INFO  [scheduling-1] DataDownload : 📥 Data stale for BALL [HOUR_1]: last candle 2026-04-09T21:00+02:00[Europe/Madrid] vs threshold PT2H
2026-04-10 14:43:48.989 INFO  [scheduling-1] DataDownload : 📥 Auto-refreshing data for ticker: BALL
2026-04-10 14:44:07.492 INFO  [scheduling-1] DataDownload : ✅ Refreshed 4 timeframes for BALL
2026-04-10 14:44:07.500 INFO  [scheduling-1] DataDownload : 📥 Data stale for BAX [MIN_5]: last candle 2026-04-09T21:55+02:00[Europe/Madrid] vs threshold PT15M
2026-04-10 14:44:07.503 INFO  [scheduling-1] DataDownload : 📥 Data stale for BAX [MIN_15]: last candle 2026-04-09T21:45+02:00[Europe/Madrid] vs threshold PT30M
2026-04-10 14:44:07.507 INFO  [scheduling-1] DataDownload : 📥 Data stale for BAX [HOUR_1]: last candle 2026-04-09T21:00+02:00[Europe/Madrid] vs threshold PT2H
2026-04-10 14:44:07.508 INFO  [scheduling-1] DataDownload : 📥 Auto-refreshing data for ticker: BAX
2026-04-10 14:44:17.758 INFO  [scheduling-1] DataDownload : ✅ Refreshed 4 timeframes for BAX
2026-04-10 14:44:17.764 INFO  [scheduling-1] DataDownload : 📥 Data stale for BBWI [MIN_5]: last candle 2026-04-09T21:55+02:00[Europe/Madrid] vs threshold PT15M
2026-04-10 14:44:17.766 INFO  [scheduling-1] DataDownload : 📥 Data stale for BBWI [MIN_15]: last candle 2026-04-09T21:45+02:00[Europe/Madrid] vs threshold PT30M
2026-04-10 14:44:17.769 INFO  [scheduling-1] DataDownload : 📥 Data stale for BBWI [HOUR_1]: last candle 2026-04-09T21:00+02:00[Europe/Madrid] vs threshold PT2H
2026-04-10 14:44:17.771 INFO  [scheduling-1] DataDownload : 📥 Auto-refreshing data for ticker: BBWI
2026-04-10 14:44:28.019 INFO  [scheduling-1] DataDownload : ✅ Refreshed 4 timeframes for BBWI
2026-04-10 14:44:28.035 INFO  [scheduling-1] DataDownload : 📥 Data stale for BBY [MIN_5]: last candle 2026-04-09T21:55+02:00[Europe/Madrid] vs threshold PT15M
2026-04-10 14:44:28.038 INFO  [scheduling-1] DataDownload : 📥 Data stale for BBY [MIN_15]: last candle 2026-04-09T21:45+02:00[Europe/Madrid] vs threshold PT30M
2026-04-10 14:44:28.042 INFO  [scheduling-1] DataDownload : 📥 Data stale for BBY [HOUR_1]: last candle 2026-04-09T21:00+02:00[Europe/Madrid] vs threshold PT2H
2026-04-10 14:44:28.045 INFO  [scheduling-1] DataDownload : 📥 Auto-refreshing data for ticker: BBY
2026-04-10 14:44:38.360 INFO  [scheduling-1] DataDownload : ✅ Refreshed 4 timeframes for BBY
2026-04-10 14:44:38.376 INFO  [scheduling-1] DataDownload : 📥 Data stale for BDX [MIN_5]: last candle 2026-04-09T21:55+02:00[Europe/Madrid] vs threshold PT15M
2026-04-10 14:44:38.382 INFO  [scheduling-1] DataDownload : 📥 Data stale for BDX [MIN_15]: last candle 2026-04-09T21:45+02:00[Europe/Madrid] vs threshold PT30M
2026-04-10 14:44:38.384 INFO  [scheduling-1] DataDownload : 📥 Data stale for BDX [HOUR_1]: last candle 2026-04-09T21:00+02:00[Europe/Madrid] vs threshold PT2H
2026-04-10 14:44:38.384 INFO  [scheduling-1] DataDownload : 📥 Auto-refreshing data for ticker: BDX
2026-04-10 14:44:49.004 INFO  [scheduling-1] DataDownload : ✅ Refreshed 4 timeframes for BDX
2026-04-10 14:44:49.013 INFO  [scheduling-1] DataDownload : 📥 Data stale for BEN [MIN_5]: last candle 2026-04-09T21:55+02:00[Europe/Madrid] vs threshold PT15M
2026-04-10 14:44:49.015 INFO  [scheduling-1] DataDownload : 📥 Data stale for BEN [MIN_15]: last candle 2026-04-09T21:45+02:00[Europe/Madrid] vs threshold PT30M
2026-04-10 14:44:49.020 INFO  [scheduling-1] DataDownload : 📥 Data stale for BEN [HOUR_1]: last candle 2026-04-09T21:00+02:00[Europe/Madrid] vs threshold PT2H
2026-04-10 14:44:49.020 INFO  [scheduling-1] DataDownload : 📥 Auto-refreshing data for ticker: BEN
2026-04-10 14:45:07.475 INFO  [scheduling-1] DataDownload : ✅ Refreshed 4 timeframes for BEN
2026-04-10 14:45:07.485 INFO  [scheduling-1] DataDownload : 📥 Data stale for BG [MIN_5]: last candle 2026-04-09T21:55+02:00[Europe/Madrid] vs threshold PT15M
2026-04-10 14:45:07.487 INFO  [scheduling-1] DataDownload : 📥 Data stale for BG [MIN_15]: last candle 2026-04-09T21:45+02:00[Europe/Madrid] vs threshold PT30M
2026-04-10 14:45:07.489 INFO  [scheduling-1] DataDownload : 📥 Data stale for BG [HOUR_1]: last candle 2026-04-09T21:00+02:00[Europe/Madrid] vs threshold PT2H
2026-04-10 14:45:07.495 INFO  [scheduling-1] DataDownload : 📥 Auto-refreshing data for ticker: BG
2026-04-10 14:45:17.546 INFO  [scheduling-1] DataDownload : ✅ Refreshed 4 timeframes for BG
2026-04-10 14:45:17.550 INFO  [scheduling-1] DataDownload : 📥 Data stale for BIIB [MIN_5]: last candle 2026-04-09T21:55+02:00[Europe/Madrid] vs threshold PT15M
2026-04-10 14:45:17.552 INFO  [scheduling-1] DataDownload : 📥 Data stale for BIIB [MIN_15]: last candle 2026-04-09T21:45+02:00[Europe/Madrid] vs threshold PT30M
2026-04-10 14:45:17.554 INFO  [scheduling-1] DataDownload : 📥 Data stale for BIIB [HOUR_1]: last candle 2026-04-09T21:00+02:00[Europe/Madrid] vs threshold PT2H
2026-04-10 14:45:17.555 INFO  [scheduling-1] DataDownload : 📥 Auto-refreshing data for ticker: BIIB
2026-04-10 14:45:27.596 INFO  [scheduling-1] DataDownload : ✅ Refreshed 4 timeframes for BIIB
2026-04-10 14:45:27.600 INFO  [scheduling-1] DataDownload : 📥 Data stale for BIO [MIN_5]: last candle 2026-04-09T21:55+02:00[Europe/Madrid] vs threshold PT15M
2026-04-10 14:45:27.602 INFO  [scheduling-1] DataDownload : 📥 Data stale for BIO [MIN_15]: last candle 2026-04-09T21:45+02:00[Europe/Madrid] vs threshold PT30M
2026-04-10 14:45:27.603 INFO  [scheduling-1] DataDownload : 📥 Data stale for BIO [HOUR_1]: last candle 2026-04-09T21:00+02:00[Europe/Madrid] vs threshold PT2H
2026-04-10 14:45:27.604 INFO  [scheduling-1] DataDownload : 📥 Auto-refreshing data for ticker: BIO
2026-04-10 14:45:37.636 INFO  [scheduling-1] DataDownload : ✅ Refreshed 4 timeframes for BIO
2026-04-10 14:45:37.642 INFO  [scheduling-1] DataDownload : 📥 Data stale for BITX [MIN_5]: last candle 2026-04-09T21:55+02:00[Europe/Madrid] vs threshold PT15M
2026-04-10 14:45:37.644 INFO  [scheduling-1] DataDownload : 📥 Data stale for BITX [MIN_15]: last candle 2026-04-09T21:45+02:00[Europe/Madrid] vs threshold PT30M
2026-04-10 14:45:37.645 INFO  [scheduling-1] DataDownload : 📥 Data stale for BITX [HOUR_1]: last candle 2026-04-09T21:00+02:00[Europe/Madrid] vs threshold PT2H
2026-04-10 14:45:37.646 INFO  [scheduling-1] DataDownload : 📥 Auto-refreshing data for ticker: BITX
2026-04-10 14:45:48.615 INFO  [scheduling-1] DataDownload : ✅ Refreshed 4 timeframes for BITX
2026-04-10 14:45:48.623 INFO  [scheduling-1] DataDownload : 📥 Data stale for BK [MIN_5]: last candle 2026-04-09T21:55+02:00[Europe/Madrid] vs threshold PT15M
2026-04-10 14:45:48.627 INFO  [scheduling-1] DataDownload : 📥 Data stale for BK [MIN_15]: last candle 2026-04-09T21:45+02:00[Europe/Madrid] vs threshold PT30M
2026-04-10 14:45:48.632 INFO  [scheduling-1] DataDownload : 📥 Data stale for BK [HOUR_1]: last candle 2026-04-09T21:00+02:00[Europe/Madrid] vs threshold PT2H
2026-04-10 14:45:48.637 INFO  [scheduling-1] DataDownload : 📥 Auto-refreshing data for ticker: BK
2026-04-10 14:46:07.456 INFO  [scheduling-1] DataDownload : ✅ Refreshed 4 timeframes for BK
2026-04-10 14:46:07.466 INFO  [scheduling-1] DataDownload : 📥 Data stale for BKNG [MIN_5]: last candle 2026-04-09T21:55+02:00[Europe/Madrid] vs threshold PT15M
2026-04-10 14:46:07.471 INFO  [scheduling-1] DataDownload : 📥 Data stale for BKNG [MIN_15]: last candle 2026-04-09T21:45+02:00[Europe/Madrid] vs threshold PT30M
2026-04-10 14:46:07.478 INFO  [scheduling-1] DataDownload : 📥 Data stale for BKNG [HOUR_1]: last candle 2026-04-09T21:00+02:00[Europe/Madrid] vs threshold PT2H
2026-04-10 14:46:07.481 INFO  [scheduling-1] DataDownload : 📥 Auto-refreshing data for ticker: BKNG
2026-04-10 14:46:17.813 INFO  [scheduling-1] DataDownload : ✅ Refreshed 4 timeframes for BKNG
2026-04-10 14:46:17.817 INFO  [scheduling-1] DataDownload : 📥 Data stale for BKR [MIN_5]: last candle 2026-04-09T21:55+02:00[Europe/Madrid] vs threshold PT15M
2026-04-10 14:46:17.819 INFO  [scheduling-1] DataDownload : 📥 Data stale for BKR [MIN_15]: last candle 2026-04-09T21:45+02:00[Europe/Madrid] vs threshold PT30M
2026-04-10 14:46:17.822 INFO  [scheduling-1] DataDownload : 📥 Data stale for BKR [HOUR_1]: last candle 2026-04-09T21:00+02:00[Europe/Madrid] vs threshold PT2H
2026-04-10 14:46:17.823 INFO  [scheduling-1] DataDownload : 📥 Auto-refreshing data for ticker: BKR
2026-04-10 14:46:28.776 INFO  [scheduling-1] DataDownload : ✅ Refreshed 4 timeframes for BKR
2026-04-10 14:46:28.781 INFO  [scheduling-1] DataDownload : 📥 Data stale for BLDR [MIN_5]: last candle 2026-04-09T21:55+02:00[Europe/Madrid] vs threshold PT15M
2026-04-10 14:46:28.782 INFO  [scheduling-1] DataDownload : 📥 Data stale for BLDR [MIN_15]: last candle 2026-04-09T21:45+02:00[Europe/Madrid] vs threshold PT30M
2026-04-10 14:46:28.785 INFO  [scheduling-1] DataDownload : 📥 Data stale for BLDR [HOUR_1]: last candle 2026-04-09T21:00+02:00[Europe/Madrid] vs threshold PT2H
2026-04-10 14:46:28.786 INFO  [scheduling-1] DataDownload : 📥 Auto-refreshing data for ticker: BLDR
2026-04-10 14:46:38.952 INFO  [scheduling-1] DataDownload : ✅ Refreshed 4 timeframes for BLDR
2026-04-10 14:46:38.964 INFO  [scheduling-1] DataDownload : 📥 Data stale for BLK [MIN_5]: last candle 2026-04-09T21:55+02:00[Europe/Madrid] vs threshold PT15M
2026-04-10 14:46:38.967 INFO  [scheduling-1] DataDownload : 📥 Data stale for BLK [MIN_15]: last candle 2026-04-09T21:45+02:00[Europe/Madrid] vs threshold PT30M
2026-04-10 14:46:38.971 INFO  [scheduling-1] DataDownload : 📥 Data stale for BLK [HOUR_1]: last candle 2026-04-09T21:00+02:00[Europe/Madrid] vs threshold PT2H
2026-04-10 14:46:38.975 INFO  [scheduling-1] DataDownload : 📥 Auto-refreshing data for ticker: BLK
2026-04-10 14:46:49.506 INFO  [scheduling-1] DataDownload : ✅ Refreshed 4 timeframes for BLK
2026-04-10 14:46:49.514 INFO  [scheduling-1] DataDownload : 📥 Data stale for BMY [MIN_5]: last candle 2026-04-09T21:55+02:00[Europe/Madrid] vs threshold PT15M
2026-04-10 14:46:49.518 INFO  [scheduling-1] DataDownload : 📥 Data stale for BMY [MIN_15]: last candle 2026-04-09T21:45+02:00[Europe/Madrid] vs threshold PT30M
2026-04-10 14:46:49.523 INFO  [scheduling-1] DataDownload : 📥 Data stale for BMY [HOUR_1]: last candle 2026-04-09T21:00+02:00[Europe/Madrid] vs threshold PT2H
2026-04-10 14:46:49.527 INFO  [scheduling-1] DataDownload : 📥 Auto-refreshing data for ticker: BMY
2026-04-10 14:47:07.596 INFO  [scheduling-1] DataDownload : ✅ Refreshed 4 timeframes for BMY
2026-04-10 14:47:07.606 INFO  [scheduling-1] DataDownload : 📥 Data stale for BR [MIN_5]: last candle 2026-04-09T21:55+02:00[Europe/Madrid] vs threshold PT15M
2026-04-10 14:47:07.614 INFO  [scheduling-1] DataDownload : 📥 Data stale for BR [MIN_15]: last candle 2026-04-09T21:45+02:00[Europe/Madrid] vs threshold PT30M
2026-04-10 14:47:07.620 INFO  [scheduling-1] DataDownload : 📥 Data stale for BR [HOUR_1]: last candle 2026-04-09T21:00+02:00[Europe/Madrid] vs threshold PT2H
2026-04-10 14:47:07.622 INFO  [scheduling-1] DataDownload : 📥 Auto-refreshing data for ticker: BR
2026-04-10 14:47:17.893 INFO  [scheduling-1] DataDownload : ✅ Refreshed 4 timeframes for BR
2026-04-10 14:47:17.896 INFO  [scheduling-1] DataDownload : 📥 Data stale for BSX [MIN_5]: last candle 2026-04-09T21:55+02:00[Europe/Madrid] vs threshold PT15M
2026-04-10 14:47:17.896 INFO  [scheduling-1] DataDownload : 📥 Data stale for BSX [MIN_15]: last candle 2026-04-09T21:45+02:00[Europe/Madrid] vs threshold PT30M
2026-04-10 14:47:17.897 INFO  [scheduling-1] DataDownload : 📥 Data stale for BSX [HOUR_1]: last candle 2026-04-09T21:00+02:00[Europe/Madrid] vs threshold PT2H
2026-04-10 14:47:17.898 INFO  [scheduling-1] DataDownload : 📥 Auto-refreshing data for ticker: BSX
2026-04-10 14:47:28.167 INFO  [scheduling-1] DataDownload : ✅ Refreshed 4 timeframes for BSX
2026-04-10 14:47:28.173 INFO  [scheduling-1] DataDownload : 📥 Data stale for BWA [MIN_5]: last candle 2026-04-09T21:55+02:00[Europe/Madrid] vs threshold PT15M
2026-04-10 14:47:28.176 INFO  [scheduling-1] DataDownload : 📥 Data stale for BWA [MIN_15]: last candle 2026-04-09T21:45+02:00[Europe/Madrid] vs threshold PT30M
2026-04-10 14:47:28.177 INFO  [scheduling-1] DataDownload : 📥 Data stale for BWA [HOUR_1]: last candle 2026-04-09T21:00+02:00[Europe/Madrid] vs threshold PT2H
2026-04-10 14:47:28.180 INFO  [scheduling-1] DataDownload : 📥 Auto-refreshing data for ticker: BWA
2026-04-10 14:47:38.317 INFO  [scheduling-1] DataDownload : ✅ Refreshed 4 timeframes for BWA
2026-04-10 14:47:38.322 INFO  [scheduling-1] DataDownload : 📥 Data stale for BX [MIN_5]: last candle 2026-04-09T21:55+02:00[Europe/Madrid] vs threshold PT15M
2026-04-10 14:47:38.324 INFO  [scheduling-1] DataDownload : 📥 Data stale for BX [MIN_15]: last candle 2026-04-09T21:45+02:00[Europe/Madrid] vs threshold PT30M
2026-04-10 14:47:38.325 INFO  [scheduling-1] DataDownload : 📥 Data stale for BX [HOUR_1]: last candle 2026-04-09T21:00+02:00[Europe/Madrid] vs threshold PT2H
2026-04-10 14:47:38.326 INFO  [scheduling-1] DataDownload : 📥 Auto-refreshing data for ticker: BX
2026-04-10 14:47:48.358 INFO  [scheduling-1] DataDownload : ✅ Refreshed 4 timeframes for BX
2026-04-10 14:47:48.361 INFO  [scheduling-1] DataDownload : 📥 Data stale for BYND [MIN_5]: last candle 2026-04-09T21:55+02:00[Europe/Madrid] vs threshold PT15M
2026-04-10 14:47:48.363 INFO  [scheduling-1] DataDownload : 📥 Data stale for BYND [MIN_15]: last candle 2026-04-09T21:45+02:00[Europe/Madrid] vs threshold PT30M
2026-04-10 14:47:48.364 INFO  [scheduling-1] DataDownload : 📥 Data stale for BYND [HOUR_1]: last candle 2026-04-09T21:00+02:00[Europe/Madrid] vs threshold PT2H
2026-04-10 14:47:48.366 INFO  [scheduling-1] DataDownload : 📥 Auto-refreshing data for ticker: BYND
2026-04-10 14:48:07.358 INFO  [scheduling-1] DataDownload : ✅ Refreshed 4 timeframes for BYND
2026-04-10 14:48:07.363 INFO  [scheduling-1] DataDownload : 📥 Data stale for C [MIN_5]: last candle 2026-04-09T21:55+02:00[Europe/Madrid] vs threshold PT15M
2026-04-10 14:48:07.364 INFO  [scheduling-1] DataDownload : 📥 Data stale for C [MIN_15]: last candle 2026-04-09T21:45+02:00[Europe/Madrid] vs threshold PT30M
2026-04-10 14:48:07.366 INFO  [scheduling-1] DataDownload : 📥 Data stale for C [HOUR_1]: last candle 2026-04-09T21:00+02:00[Europe/Madrid] vs threshold PT2H
2026-04-10 14:48:07.367 INFO  [scheduling-1] DataDownload : 📥 Auto-refreshing data for ticker: C
2026-04-10 14:48:17.913 INFO  [scheduling-1] DataDownload : ✅ Refreshed 4 timeframes for C
2026-04-10 14:48:17.921 INFO  [scheduling-1] DataDownload : 📥 Data stale for CAG [MIN_5]: last candle 2026-04-09T21:55+02:00[Europe/Madrid] vs threshold PT15M
2026-04-10 14:48:17.923 INFO  [scheduling-1] DataDownload : 📥 Data stale for CAG [MIN_15]: last candle 2026-04-09T21:45+02:00[Europe/Madrid] vs threshold PT30M
2026-04-10 14:48:17.926 INFO  [scheduling-1] DataDownload : 📥 Data stale for CAG [HOUR_1]: last candle 2026-04-09T21:00+02:00[Europe/Madrid] vs threshold PT2H
2026-04-10 14:48:17.927 INFO  [scheduling-1] DataDownload : 📥 Auto-refreshing data for ticker: CAG
2026-04-10 14:48:28.067 INFO  [scheduling-1] DataDownload : ✅ Refreshed 4 timeframes for CAG
2026-04-10 14:48:28.075 INFO  [scheduling-1] DataDownload : 📥 Data stale for CAH [MIN_5]: last candle 2026-04-09T21:55+02:00[Europe/Madrid] vs threshold PT15M
2026-04-10 14:48:28.077 INFO  [scheduling-1] DataDownload : 📥 Data stale for CAH [MIN_15]: last candle 2026-04-09T21:45+02:00[Europe/Madrid] vs threshold PT30M
2026-04-10 14:48:28.079 INFO  [scheduling-1] DataDownload : 📥 Data stale for CAH [HOUR_1]: last candle 2026-04-09T21:00+02:00[Europe/Madrid] vs threshold PT2H
2026-04-10 14:48:28.081 INFO  [scheduling-1] DataDownload : 📥 Auto-refreshing data for ticker: CAH
2026-04-10 14:48:38.203 INFO  [scheduling-1] DataDownload : ✅ Refreshed 4 timeframes for CAH
2026-04-10 14:48:38.218 INFO  [scheduling-1] DataDownload : 📥 Data stale for CARR [MIN_5]: last candle 2026-04-09T21:55+02:00[Europe/Madrid] vs threshold PT15M
2026-04-10 14:48:38.222 INFO  [scheduling-1] DataDownload : 📥 Data stale for CARR [MIN_15]: last candle 2026-04-09T21:45+02:00[Europe/Madrid] vs threshold PT30M
2026-04-10 14:48:38.228 INFO  [scheduling-1] DataDownload : 📥 Data stale for CARR [HOUR_1]: last candle 2026-04-09T21:00+02:00[Europe/Madrid] vs threshold PT2H
2026-04-10 14:48:38.230 INFO  [scheduling-1] DataDownload : 📥 Auto-refreshing data for ticker: CARR
2026-04-10 14:48:49.159 INFO  [scheduling-1] DataDownload : ✅ Refreshed 4 timeframes for CARR
2026-04-10 14:48:49.165 INFO  [scheduling-1] DataDownload : 📥 Data stale for CAT [MIN_5]: last candle 2026-04-09T21:55+02:00[Europe/Madrid] vs threshold PT15M
2026-04-10 14:48:49.167 INFO  [scheduling-1] DataDownload : 📥 Data stale for CAT [MIN_15]: last candle 2026-04-09T21:45+02:00[Europe/Madrid] vs threshold PT30M
2026-04-10 14:48:49.169 INFO  [scheduling-1] DataDownload : 📥 Data stale for CAT [HOUR_1]: last candle 2026-04-09T21:00+02:00[Europe/Madrid] vs threshold PT2H
2026-04-10 14:48:49.170 INFO  [scheduling-1] DataDownload : 📥 Auto-refreshing data for ticker: CAT
2026-04-10 15:16:26.851 INFO  [main] DataDownload : 📥 Data stale for AAPL [MIN_5]: last candle 2026-04-09T21:55+02:00[Europe/Madrid] vs threshold PT15M
2026-04-10 15:16:26.857 INFO  [main] DataDownload : 📥 Data stale for AAPL [MIN_15]: last candle 2026-04-09T21:45+02:00[Europe/Madrid] vs threshold PT30M
2026-04-10 15:16:26.868 INFO  [main] DataDownload : 📥 Data stale for AAPL [HOUR_1]: last candle 2026-04-09T21:00+02:00[Europe/Madrid] vs threshold PT2H
2026-04-10 15:16:26.872 INFO  [main] DataDownload : 📥 Auto-refreshing data for ticker: AAPL
2026-04-10 15:16:37.441 INFO  [main] DataDownload : ✅ Refreshed 4 timeframes for AAPL
2026-04-10 15:16:37.471 INFO  [main] DataDownload : 📥 Data stale for AMD [MIN_5]: last candle 2026-04-09T21:55+02:00[Europe/Madrid] vs threshold PT15M
2026-04-10 15:16:37.474 INFO  [main] DataDownload : 📥 Data stale for AMD [MIN_15]: last candle 2026-04-09T21:45+02:00[Europe/Madrid] vs threshold PT30M
2026-04-10 15:16:37.479 INFO  [main] DataDownload : 📥 Data stale for AMD [HOUR_1]: last candle 2026-04-09T21:00+02:00[Europe/Madrid] vs threshold PT2H
2026-04-10 15:16:37.483 INFO  [main] DataDownload : 📥 Auto-refreshing data for ticker: AMD
2026-04-10 15:16:47.893 INFO  [main] DataDownload : ✅ Refreshed 4 timeframes for AMD
2026-04-10 15:16:47.935 INFO  [main] DataDownload : 📥 Data stale for AMZN [MIN_5]: last candle 2026-04-09T21:55+02:00[Europe/Madrid] vs threshold PT15M
2026-04-10 15:16:47.943 INFO  [main] DataDownload : 📥 Data stale for AMZN [MIN_15]: last candle 2026-04-09T21:45+02:00[Europe/Madrid] vs threshold PT30M
2026-04-10 15:16:47.951 INFO  [main] DataDownload : 📥 Data stale for AMZN [HOUR_1]: last candle 2026-04-09T21:00+02:00[Europe/Madrid] vs threshold PT2H
2026-04-10 15:16:47.955 INFO  [main] DataDownload : 📥 Auto-refreshing data for ticker: AMZN
2026-04-10 15:16:58.100 INFO  [main] DataDownload : ✅ Refreshed 4 timeframes for AMZN
2026-04-10 15:16:58.110 INFO  [main] DataDownload : 📥 Data stale for GOOGL [MIN_5]: last candle 2026-04-09T21:55+02:00[Europe/Madrid] vs threshold PT15M
2026-04-10 15:16:58.113 INFO  [main] DataDownload : 📥 Data stale for GOOGL [MIN_15]: last candle 2026-04-09T21:45+02:00[Europe/Madrid] vs threshold PT30M
2026-04-10 15:16:58.117 INFO  [main] DataDownload : 📥 Data stale for GOOGL [HOUR_1]: last candle 2026-04-09T21:00+02:00[Europe/Madrid] vs threshold PT2H
2026-04-10 15:16:58.118 INFO  [main] DataDownload : 📥 Auto-refreshing data for ticker: GOOGL
2026-04-10 15:17:08.166 INFO  [main] DataDownload : ✅ Refreshed 4 timeframes for GOOGL
2026-04-10 15:17:08.175 INFO  [main] DataDownload : 📥 Data stale for JNJ [MIN_5]: last candle 2026-04-09T21:55+02:00[Europe/Madrid] vs threshold PT15M
2026-04-10 15:17:08.178 INFO  [main] DataDownload : 📥 Data stale for JNJ [MIN_15]: last candle 2026-04-09T21:45+02:00[Europe/Madrid] vs threshold PT30M
2026-04-10 15:17:08.180 INFO  [main] DataDownload : 📥 Data stale for JNJ [HOUR_1]: last candle 2026-04-09T21:00+02:00[Europe/Madrid] vs threshold PT2H
2026-04-10 15:17:08.183 INFO  [main] DataDownload : 📥 Auto-refreshing data for ticker: JNJ
2026-04-10 15:17:20.237 INFO  [main] DataDownload : ✅ Refreshed 4 timeframes for JNJ
2026-04-10 15:17:20.251 INFO  [main] DataDownload : 📥 Data stale for JPM [MIN_5]: last candle 2026-04-09T21:55+02:00[Europe/Madrid] vs threshold PT15M
2026-04-10 15:17:20.255 INFO  [main] DataDownload : 📥 Data stale for JPM [MIN_15]: last candle 2026-04-09T21:45+02:00[Europe/Madrid] vs threshold PT30M
2026-04-10 15:17:20.259 INFO  [main] DataDownload : 📥 Data stale for JPM [HOUR_1]: last candle 2026-04-09T21:00+02:00[Europe/Madrid] vs threshold PT2H
2026-04-10 15:17:20.262 INFO  [main] DataDownload : 📥 Auto-refreshing data for ticker: JPM
2026-04-10 15:17:37.665 INFO  [main] DataDownload : ✅ Refreshed 4 timeframes for JPM
2026-04-10 15:17:37.677 INFO  [main] DataDownload : 📥 Data stale for META [MIN_5]: last candle 2026-04-09T21:55+02:00[Europe/Madrid] vs threshold PT15M
2026-04-10 15:17:37.679 INFO  [main] DataDownload : 📥 Data stale for META [MIN_15]: last candle 2026-04-09T21:45+02:00[Europe/Madrid] vs threshold PT30M
2026-04-10 15:17:37.682 INFO  [main] DataDownload : 📥 Data stale for META [HOUR_1]: last candle 2026-04-09T21:00+02:00[Europe/Madrid] vs threshold PT2H
2026-04-10 15:17:37.684 INFO  [main] DataDownload : 📥 Auto-refreshing data for ticker: META
2026-04-10 15:17:47.836 INFO  [main] DataDownload : ✅ Refreshed 4 timeframes for META
2026-04-10 15:17:47.847 INFO  [main] DataDownload : 📥 Data stale for MSFT [MIN_5]: last candle 2026-04-09T21:55+02:00[Europe/Madrid] vs threshold PT15M
2026-04-10 15:17:47.849 INFO  [main] DataDownload : 📥 Data stale for MSFT [MIN_15]: last candle 2026-04-09T21:45+02:00[Europe/Madrid] vs threshold PT30M
2026-04-10 15:17:47.853 INFO  [main] DataDownload : 📥 Data stale for MSFT [HOUR_1]: last candle 2026-04-09T21:00+02:00[Europe/Madrid] vs threshold PT2H
2026-04-10 15:17:47.855 INFO  [main] DataDownload : 📥 Auto-refreshing data for ticker: MSFT
2026-04-10 15:17:58.300 INFO  [main] DataDownload : ✅ Refreshed 4 timeframes for MSFT
2026-04-10 15:17:58.315 INFO  [main] DataDownload : 📥 Data stale for NVDA [MIN_5]: last candle 2026-04-09T21:55+02:00[Europe/Madrid] vs threshold PT15M
2026-04-10 15:17:58.316 INFO  [main] DataDownload : 📥 Data stale for NVDA [MIN_15]: last candle 2026-04-09T21:45+02:00[Europe/Madrid] vs threshold PT30M
2026-04-10 15:17:58.319 INFO  [main] DataDownload : 📥 Data stale for NVDA [HOUR_1]: last candle 2026-04-09T21:00+02:00[Europe/Madrid] vs threshold PT2H
2026-04-10 15:17:58.320 INFO  [main] DataDownload : 📥 Auto-refreshing data for ticker: NVDA
2026-04-10 15:18:08.764 INFO  [main] DataDownload : ✅ Refreshed 4 timeframes for NVDA
2026-04-10 15:18:08.772 INFO  [main] DataDownload : 📥 Data stale for QQQ [MIN_5]: last candle 2026-04-09T21:55+02:00[Europe/Madrid] vs threshold PT15M
2026-04-10 15:18:08.774 INFO  [main] DataDownload : 📥 Data stale for QQQ [MIN_15]: last candle 2026-04-09T21:45+02:00[Europe/Madrid] vs threshold PT30M
2026-04-10 15:18:08.777 INFO  [main] DataDownload : 📥 Data stale for QQQ [HOUR_1]: last candle 2026-04-09T21:00+02:00[Europe/Madrid] vs threshold PT2H
2026-04-10 15:18:08.777 INFO  [main] DataDownload : 📥 Auto-refreshing data for ticker: QQQ
2026-04-10 15:18:20.227 INFO  [main] DataDownload : ✅ Refreshed 4 timeframes for QQQ
2026-04-10 15:18:20.235 INFO  [main] DataDownload : 📥 Data stale for SPY [MIN_5]: last candle 2026-04-09T21:55+02:00[Europe/Madrid] vs threshold PT15M
2026-04-10 15:18:20.236 INFO  [main] DataDownload : 📥 Data stale for SPY [MIN_15]: last candle 2026-04-09T21:45+02:00[Europe/Madrid] vs threshold PT30M
2026-04-10 15:18:20.239 INFO  [main] DataDownload : 📥 Data stale for SPY [HOUR_1]: last candle 2026-04-09T21:00+02:00[Europe/Madrid] vs threshold PT2H
2026-04-10 15:18:20.240 INFO  [main] DataDownload : 📥 Auto-refreshing data for ticker: SPY
2026-04-10 15:18:37.628 INFO  [main] DataDownload : ✅ Refreshed 4 timeframes for SPY
2026-04-10 15:18:37.639 INFO  [main] DataDownload : 📥 Data stale for TSLA [MIN_5]: last candle 2026-04-09T21:55+02:00[Europe/Madrid] vs threshold PT15M
2026-04-10 15:18:37.641 INFO  [main] DataDownload : 📥 Data stale for TSLA [MIN_15]: last candle 2026-04-09T21:45+02:00[Europe/Madrid] vs threshold PT30M
2026-04-10 15:18:37.644 INFO  [main] DataDownload : 📥 Data stale for TSLA [HOUR_1]: last candle 2026-04-09T21:00+02:00[Europe/Madrid] vs threshold PT2H
2026-04-10 15:18:37.645 INFO  [main] DataDownload : 📥 Auto-refreshing data for ticker: TSLA
2026-04-10 15:18:47.885 INFO  [main] DataDownload : ✅ Refreshed 4 timeframes for TSLA
2026-04-10 15:18:47.891 INFO  [main] DataDownload : 📥 Data stale for V [MIN_5]: last candle 2026-04-09T21:55+02:00[Europe/Madrid] vs threshold PT15M
2026-04-10 15:18:47.892 INFO  [main] DataDownload : 📥 Data stale for V [MIN_15]: last candle 2026-04-09T21:45+02:00[Europe/Madrid] vs threshold PT30M
2026-04-10 15:18:47.894 INFO  [main] DataDownload : 📥 Data stale for V [HOUR_1]: last candle 2026-04-09T21:00+02:00[Europe/Madrid] vs threshold PT2H
2026-04-10 15:18:47.895 INFO  [main] DataDownload : 📥 Auto-refreshing data for ticker: V
2026-04-10 15:18:58.538 INFO  [main] DataDownload : ✅ Refreshed 4 timeframes for V
2026-04-10 15:18:58.546 INFO  [main] DataDownload : 📥 Data stale for XOM [MIN_5]: last candle 2026-04-09T21:55+02:00[Europe/Madrid] vs threshold PT15M
2026-04-10 15:18:58.547 INFO  [main] DataDownload : 📥 Data stale for XOM [MIN_15]: last candle 2026-04-09T21:45+02:00[Europe/Madrid] vs threshold PT30M
2026-04-10 15:18:58.549 INFO  [main] DataDownload : 📥 Data stale for XOM [HOUR_1]: last candle 2026-04-09T21:00+02:00[Europe/Madrid] vs threshold PT2H
2026-04-10 15:18:58.550 INFO  [main] DataDownload : 📥 Auto-refreshing data for ticker: XOM
2026-04-10 15:19:08.699 INFO  [main] DataDownload : ✅ Refreshed 4 timeframes for XOM
2026-04-10 15:19:08.708 INFO  [main] DataDownload : 📥 Data stale for A [MIN_5]: last candle 2026-04-09T21:55+02:00[Europe/Madrid] vs threshold PT15M
2026-04-10 15:19:08.710 INFO  [main] DataDownload : 📥 Data stale for A [MIN_15]: last candle 2026-04-09T21:45+02:00[Europe/Madrid] vs threshold PT30M
2026-04-10 15:19:08.713 INFO  [main] DataDownload : 📥 Data stale for A [HOUR_1]: last candle 2026-04-09T21:00+02:00[Europe/Madrid] vs threshold PT2H
2026-04-10 15:19:08.714 INFO  [main] DataDownload : 📥 Auto-refreshing data for ticker: A
2026-04-10 15:19:20.257 INFO  [main] DataDownload : ✅ Refreshed 4 timeframes for A
2026-04-10 15:19:20.264 INFO  [main] DataDownload : 📥 Data stale for AAL [MIN_5]: last candle 2026-04-09T21:55+02:00[Europe/Madrid] vs threshold PT15M
2026-04-10 15:19:20.267 INFO  [main] DataDownload : 📥 Data stale for AAL [MIN_15]: last candle 2026-04-09T21:45+02:00[Europe/Madrid] vs threshold PT30M
2026-04-10 15:19:20.269 INFO  [main] DataDownload : 📥 Data stale for AAL [HOUR_1]: last candle 2026-04-09T21:00+02:00[Europe/Madrid] vs threshold PT2H
2026-04-10 15:19:20.270 INFO  [main] DataDownload : 📥 Auto-refreshing data for ticker: AAL
2026-04-10 15:19:37.255 INFO  [main] DataDownload : ✅ Refreshed 4 timeframes for AAL
2026-04-10 15:19:37.268 INFO  [main] DataDownload : 📥 Data stale for ABBV [MIN_5]: last candle 2026-04-09T21:55+02:00[Europe/Madrid] vs threshold PT15M
2026-04-10 15:19:37.270 INFO  [main] DataDownload : 📥 Data stale for ABBV [MIN_15]: last candle 2026-04-09T21:45+02:00[Europe/Madrid] vs threshold PT30M
2026-04-10 15:19:37.272 INFO  [main] DataDownload : 📥 Data stale for ABBV [HOUR_1]: last candle 2026-04-09T21:00+02:00[Europe/Madrid] vs threshold PT2H
2026-04-10 15:19:37.274 INFO  [main] DataDownload : 📥 Auto-refreshing data for ticker: ABBV
2026-04-10 15:19:47.522 INFO  [main] DataDownload : ✅ Refreshed 4 timeframes for ABBV
2026-04-10 15:19:47.529 INFO  [main] DataDownload : 📥 Data stale for ABNB [MIN_5]: last candle 2026-04-09T21:55+02:00[Europe/Madrid] vs threshold PT15M
2026-04-10 15:19:47.531 INFO  [main] DataDownload : 📥 Data stale for ABNB [MIN_15]: last candle 2026-04-09T21:45+02:00[Europe/Madrid] vs threshold PT30M
2026-04-10 15:19:47.542 INFO  [main] DataDownload : 📥 Data stale for ABNB [HOUR_1]: last candle 2026-04-09T21:00+02:00[Europe/Madrid] vs threshold PT2H
2026-04-10 15:19:47.543 INFO  [main] DataDownload : 📥 Auto-refreshing data for ticker: ABNB
2026-04-10 15:19:57.598 INFO  [main] DataDownload : ✅ Refreshed 4 timeframes for ABNB
2026-04-10 15:19:57.607 INFO  [main] DataDownload : 📥 Data stale for ABT [MIN_5]: last candle 2026-04-09T21:55+02:00[Europe/Madrid] vs threshold PT15M
2026-04-10 15:19:57.609 INFO  [main] DataDownload : 📥 Data stale for ABT [MIN_15]: last candle 2026-04-09T21:45+02:00[Europe/Madrid] vs threshold PT30M
2026-04-10 15:19:57.612 INFO  [main] DataDownload : 📥 Data stale for ABT [HOUR_1]: last candle 2026-04-09T21:00+02:00[Europe/Madrid] vs threshold PT2H
2026-04-10 15:19:57.613 INFO  [main] DataDownload : 📥 Auto-refreshing data for ticker: ABT
2026-04-10 15:20:07.880 INFO  [main] DataDownload : ✅ Refreshed 4 timeframes for ABT
2026-04-10 15:20:07.899 INFO  [main] DataDownload : 📥 Data stale for ACGL [MIN_5]: last candle 2026-04-09T21:55+02:00[Europe/Madrid] vs threshold PT15M
2026-04-10 15:20:07.905 INFO  [main] DataDownload : 📥 Data stale for ACGL [MIN_15]: last candle 2026-04-09T21:45+02:00[Europe/Madrid] vs threshold PT30M
2026-04-10 15:20:07.913 INFO  [main] DataDownload : 📥 Data stale for ACGL [HOUR_1]: last candle 2026-04-09T21:00+02:00[Europe/Madrid] vs threshold PT2H
2026-04-10 15:20:07.916 INFO  [main] DataDownload : 📥 Auto-refreshing data for ticker: ACGL
2026-04-10 15:20:20.172 INFO  [main] DataDownload : ✅ Refreshed 4 timeframes for ACGL
2026-04-10 15:20:20.183 INFO  [main] DataDownload : 📥 Data stale for ACN [MIN_5]: last candle 2026-04-09T21:55+02:00[Europe/Madrid] vs threshold PT15M
2026-04-10 15:20:20.186 INFO  [main] DataDownload : 📥 Data stale for ACN [MIN_15]: last candle 2026-04-09T21:45+02:00[Europe/Madrid] vs threshold PT30M
2026-04-10 15:20:20.190 INFO  [main] DataDownload : 📥 Data stale for ACN [HOUR_1]: last candle 2026-04-09T21:00+02:00[Europe/Madrid] vs threshold PT2H
2026-04-10 15:20:20.192 INFO  [main] DataDownload : 📥 Auto-refreshing data for ticker: ACN
2026-04-10 15:20:37.476 INFO  [main] DataDownload : ✅ Refreshed 4 timeframes for ACN
2026-04-10 15:20:37.536 INFO  [main] DataDownload : 📥 Data stale for ADBE [MIN_5]: last candle 2026-04-09T21:55+02:00[Europe/Madrid] vs threshold PT15M
2026-04-10 15:20:37.543 INFO  [main] DataDownload : 📥 Data stale for ADBE [MIN_15]: last candle 2026-04-09T21:45+02:00[Europe/Madrid] vs threshold PT30M
2026-04-10 15:20:37.549 INFO  [main] DataDownload : 📥 Data stale for ADBE [HOUR_1]: last candle 2026-04-09T21:00+02:00[Europe/Madrid] vs threshold PT2H
2026-04-10 15:20:37.555 INFO  [main] DataDownload : 📥 Auto-refreshing data for ticker: ADBE
2026-04-10 15:20:47.802 INFO  [main] DataDownload : ✅ Refreshed 4 timeframes for ADBE
2026-04-10 15:20:47.814 INFO  [main] DataDownload : 📥 Data stale for ADI [MIN_5]: last candle 2026-04-09T21:55+02:00[Europe/Madrid] vs threshold PT15M
2026-04-10 15:20:47.818 INFO  [main] DataDownload : 📥 Data stale for ADI [MIN_15]: last candle 2026-04-09T21:45+02:00[Europe/Madrid] vs threshold PT30M
2026-04-10 15:20:47.822 INFO  [main] DataDownload : 📥 Data stale for ADI [HOUR_1]: last candle 2026-04-09T21:00+02:00[Europe/Madrid] vs threshold PT2H
2026-04-10 15:20:47.823 INFO  [main] DataDownload : 📥 Auto-refreshing data for ticker: ADI
2026-04-10 15:20:58.077 INFO  [main] DataDownload : ✅ Refreshed 4 timeframes for ADI
2026-04-10 15:20:58.085 INFO  [main] DataDownload : 📥 Data stale for ADM [MIN_5]: last candle 2026-04-09T21:55+02:00[Europe/Madrid] vs threshold PT15M
2026-04-10 15:20:58.087 INFO  [main] DataDownload : 📥 Data stale for ADM [MIN_15]: last candle 2026-04-09T21:45+02:00[Europe/Madrid] vs threshold PT30M
2026-04-10 15:20:58.090 INFO  [main] DataDownload : 📥 Data stale for ADM [HOUR_1]: last candle 2026-04-09T21:00+02:00[Europe/Madrid] vs threshold PT2H
2026-04-10 15:20:58.091 INFO  [main] DataDownload : 📥 Auto-refreshing data for ticker: ADM
2026-04-10 15:21:08.330 INFO  [main] DataDownload : ✅ Refreshed 4 timeframes for ADM
2026-04-10 15:21:08.339 INFO  [main] DataDownload : 📥 Data stale for ADP [MIN_5]: last candle 2026-04-09T21:55+02:00[Europe/Madrid] vs threshold PT15M
2026-04-10 15:21:08.341 INFO  [main] DataDownload : 📥 Data stale for ADP [MIN_15]: last candle 2026-04-09T21:45+02:00[Europe/Madrid] vs threshold PT30M
2026-04-10 15:21:08.343 INFO  [main] DataDownload : 📥 Data stale for ADP [HOUR_1]: last candle 2026-04-09T21:00+02:00[Europe/Madrid] vs threshold PT2H
2026-04-10 15:21:08.344 INFO  [main] DataDownload : 📥 Auto-refreshing data for ticker: ADP
2026-04-10 15:21:20.106 INFO  [main] DataDownload : ✅ Refreshed 4 timeframes for ADP
2026-04-10 15:21:20.116 INFO  [main] DataDownload : 📥 Data stale for ADSK [MIN_5]: last candle 2026-04-09T21:55+02:00[Europe/Madrid] vs threshold PT15M
2026-04-10 15:21:20.117 INFO  [main] DataDownload : 📥 Data stale for ADSK [MIN_15]: last candle 2026-04-09T21:45+02:00[Europe/Madrid] vs threshold PT30M
2026-04-10 15:21:20.122 INFO  [main] DataDownload : 📥 Data stale for ADSK [HOUR_1]: last candle 2026-04-09T21:00+02:00[Europe/Madrid] vs threshold PT2H
2026-04-10 15:21:20.123 INFO  [main] DataDownload : 📥 Auto-refreshing data for ticker: ADSK
2026-04-10 15:21:37.206 INFO  [main] DataDownload : ✅ Refreshed 4 timeframes for ADSK
2026-04-10 15:21:37.213 INFO  [main] DataDownload : 📥 Data stale for AEE [MIN_5]: last candle 2026-04-09T21:55+02:00[Europe/Madrid] vs threshold PT15M
2026-04-10 15:21:37.214 INFO  [main] DataDownload : 📥 Data stale for AEE [MIN_15]: last candle 2026-04-09T21:45+02:00[Europe/Madrid] vs threshold PT30M
2026-04-10 15:21:37.216 INFO  [main] DataDownload : 📥 Data stale for AEE [HOUR_1]: last candle 2026-04-09T21:00+02:00[Europe/Madrid] vs threshold PT2H
2026-04-10 15:21:37.218 INFO  [main] DataDownload : 📥 Auto-refreshing data for ticker: AEE
2026-04-10 15:21:47.260 INFO  [main] DataDownload : ✅ Refreshed 4 timeframes for AEE
2026-04-10 15:21:47.267 INFO  [main] DataDownload : 📥 Data stale for AEP [MIN_5]: last candle 2026-04-09T21:55+02:00[Europe/Madrid] vs threshold PT15M
2026-04-10 15:21:47.269 INFO  [main] DataDownload : 📥 Data stale for AEP [MIN_15]: last candle 2026-04-09T21:45+02:00[Europe/Madrid] vs threshold PT30M
2026-04-10 15:21:47.271 INFO  [main] DataDownload : 📥 Data stale for AEP [HOUR_1]: last candle 2026-04-09T21:00+02:00[Europe/Madrid] vs threshold PT2H
2026-04-10 15:21:47.272 INFO  [main] DataDownload : 📥 Auto-refreshing data for ticker: AEP
2026-04-10 15:21:57.322 INFO  [main] DataDownload : ✅ Refreshed 4 timeframes for AEP
2026-04-10 15:21:57.329 INFO  [main] DataDownload : 📥 Data stale for AES [MIN_5]: last candle 2026-04-09T21:55+02:00[Europe/Madrid] vs threshold PT15M
2026-04-10 15:21:57.331 INFO  [main] DataDownload : 📥 Data stale for AES [MIN_15]: last candle 2026-04-09T21:45+02:00[Europe/Madrid] vs threshold PT30M
2026-04-10 15:21:57.334 INFO  [main] DataDownload : 📥 Data stale for AES [HOUR_1]: last candle 2026-04-09T21:00+02:00[Europe/Madrid] vs threshold PT2H
2026-04-10 15:21:57.334 INFO  [main] DataDownload : 📥 Auto-refreshing data for ticker: AES
2026-04-10 15:22:07.574 INFO  [main] DataDownload : ✅ Refreshed 4 timeframes for AES
2026-04-10 15:22:07.579 INFO  [main] DataDownload : 📥 Data stale for AFG [MIN_5]: last candle 2026-04-09T21:55+02:00[Europe/Madrid] vs threshold PT15M
2026-04-10 15:22:07.582 INFO  [main] DataDownload : 📥 Data stale for AFG [MIN_15]: last candle 2026-04-09T21:45+02:00[Europe/Madrid] vs threshold PT30M
2026-04-10 15:22:07.584 INFO  [main] DataDownload : 📥 Data stale for AFG [HOUR_1]: last candle 2026-04-09T21:00+02:00[Europe/Madrid] vs threshold PT2H
2026-04-10 15:22:07.586 INFO  [main] DataDownload : 📥 Auto-refreshing data for ticker: AFG
2026-04-10 15:22:20.345 INFO  [main] DataDownload : ✅ Refreshed 4 timeframes for AFG
2026-04-10 15:22:20.351 INFO  [main] DataDownload : 📥 Data stale for AFL [MIN_5]: last candle 2026-04-09T21:55+02:00[Europe/Madrid] vs threshold PT15M
2026-04-10 15:22:20.353 INFO  [main] DataDownload : 📥 Data stale for AFL [MIN_15]: last candle 2026-04-09T21:45+02:00[Europe/Madrid] vs threshold PT30M
2026-04-10 15:22:20.359 INFO  [main] DataDownload : 📥 Data stale for AFL [HOUR_1]: last candle 2026-04-09T21:00+02:00[Europe/Madrid] vs threshold PT2H
2026-04-10 15:22:20.360 INFO  [main] DataDownload : 📥 Auto-refreshing data for ticker: AFL
2026-04-10 15:22:37.542 INFO  [main] DataDownload : ✅ Refreshed 4 timeframes for AFL
2026-04-10 15:22:37.548 INFO  [main] DataDownload : 📥 Data stale for AFRM [MIN_5]: last candle 2026-04-09T21:55+02:00[Europe/Madrid] vs threshold PT15M
2026-04-10 15:22:37.550 INFO  [main] DataDownload : 📥 Data stale for AFRM [MIN_15]: last candle 2026-04-09T21:45+02:00[Europe/Madrid] vs threshold PT30M
2026-04-10 15:22:37.552 INFO  [main] DataDownload : 📥 Data stale for AFRM [HOUR_1]: last candle 2026-04-09T21:00+02:00[Europe/Madrid] vs threshold PT2H
2026-04-10 15:22:37.553 INFO  [main] DataDownload : 📥 Auto-refreshing data for ticker: AFRM
2026-04-10 15:22:47.596 INFO  [main] DataDownload : ✅ Refreshed 4 timeframes for AFRM
2026-04-10 15:22:47.604 INFO  [main] DataDownload : 📥 Data stale for AIG [MIN_5]: last candle 2026-04-09T21:55+02:00[Europe/Madrid] vs threshold PT15M
2026-04-10 15:22:47.607 INFO  [main] DataDownload : 📥 Data stale for AIG [MIN_15]: last candle 2026-04-09T21:45+02:00[Europe/Madrid] vs threshold PT30M
2026-04-10 15:22:47.611 INFO  [main] DataDownload : 📥 Data stale for AIG [HOUR_1]: last candle 2026-04-09T21:00+02:00[Europe/Madrid] vs threshold PT2H
2026-04-10 15:22:47.612 INFO  [main] DataDownload : 📥 Auto-refreshing data for ticker: AIG
2026-04-10 15:22:57.959 INFO  [main] DataDownload : ✅ Refreshed 4 timeframes for AIG
2026-04-10 15:22:57.967 INFO  [main] DataDownload : 📥 Data stale for AIZ [MIN_5]: last candle 2026-04-09T21:55+02:00[Europe/Madrid] vs threshold PT15M
2026-04-10 15:22:57.971 INFO  [main] DataDownload : 📥 Data stale for AIZ [MIN_15]: last candle 2026-04-09T21:45+02:00[Europe/Madrid] vs threshold PT30M
2026-04-10 15:22:57.974 INFO  [main] DataDownload : 📥 Data stale for AIZ [HOUR_1]: last candle 2026-04-09T21:00+02:00[Europe/Madrid] vs threshold PT2H
2026-04-10 15:22:57.974 INFO  [main] DataDownload : 📥 Auto-refreshing data for ticker: AIZ
2026-04-10 15:23:08.110 INFO  [main] DataDownload : ✅ Refreshed 4 timeframes for AIZ
2026-04-10 15:23:08.116 INFO  [main] DataDownload : 📥 Data stale for AJG [MIN_5]: last candle 2026-04-09T21:55+02:00[Europe/Madrid] vs threshold PT15M
2026-04-10 15:23:08.118 INFO  [main] DataDownload : 📥 Data stale for AJG [MIN_15]: last candle 2026-04-09T21:45+02:00[Europe/Madrid] vs threshold PT30M
2026-04-10 15:23:08.120 INFO  [main] DataDownload : 📥 Data stale for AJG [HOUR_1]: last candle 2026-04-09T21:00+02:00[Europe/Madrid] vs threshold PT2H
2026-04-10 15:23:08.121 INFO  [main] DataDownload : 📥 Auto-refreshing data for ticker: AJG
2026-04-10 15:23:20.167 INFO  [main] DataDownload : ✅ Refreshed 4 timeframes for AJG
2026-04-10 15:23:20.172 INFO  [main] DataDownload : 📥 Data stale for AKAM [MIN_5]: last candle 2026-04-09T21:55+02:00[Europe/Madrid] vs threshold PT15M
2026-04-10 15:23:20.174 INFO  [main] DataDownload : 📥 Data stale for AKAM [MIN_15]: last candle 2026-04-09T21:45+02:00[Europe/Madrid] vs threshold PT30M
2026-04-10 15:23:20.175 INFO  [main] DataDownload : 📥 Data stale for AKAM [HOUR_1]: last candle 2026-04-09T21:00+02:00[Europe/Madrid] vs threshold PT2H
2026-04-10 15:23:20.176 INFO  [main] DataDownload : 📥 Auto-refreshing data for ticker: AKAM
2026-04-10 15:23:36.950 INFO  [main] DataDownload : ✅ Refreshed 4 timeframes for AKAM
2026-04-10 15:23:36.956 INFO  [main] DataDownload : 📥 Data stale for ALB [MIN_5]: last candle 2026-04-09T21:55+02:00[Europe/Madrid] vs threshold PT15M
2026-04-10 15:23:36.957 INFO  [main] DataDownload : 📥 Data stale for ALB [MIN_15]: last candle 2026-04-09T21:45+02:00[Europe/Madrid] vs threshold PT30M
2026-04-10 15:23:36.959 INFO  [main] DataDownload : 📥 Data stale for ALB [HOUR_1]: last candle 2026-04-09T21:00+02:00[Europe/Madrid] vs threshold PT2H
2026-04-10 15:23:36.959 INFO  [main] DataDownload : 📥 Auto-refreshing data for ticker: ALB
2026-04-10 15:23:46.999 INFO  [main] DataDownload : ✅ Refreshed 4 timeframes for ALB
2026-04-10 15:23:47.003 INFO  [main] DataDownload : 📥 Data stale for ALGN [MIN_5]: last candle 2026-04-09T21:55+02:00[Europe/Madrid] vs threshold PT15M
2026-04-10 15:23:47.005 INFO  [main] DataDownload : 📥 Data stale for ALGN [MIN_15]: last candle 2026-04-09T21:45+02:00[Europe/Madrid] vs threshold PT30M
2026-04-10 15:23:47.006 INFO  [main] DataDownload : 📥 Data stale for ALGN [HOUR_1]: last candle 2026-04-09T21:00+02:00[Europe/Madrid] vs threshold PT2H
2026-04-10 15:23:47.007 INFO  [main] DataDownload : 📥 Auto-refreshing data for ticker: ALGN
2026-04-10 15:23:57.041 INFO  [main] DataDownload : ✅ Refreshed 4 timeframes for ALGN
2026-04-10 15:23:57.048 INFO  [main] DataDownload : 📥 Data stale for ALL [MIN_5]: last candle 2026-04-09T21:55+02:00[Europe/Madrid] vs threshold PT15M
2026-04-10 15:23:57.049 INFO  [main] DataDownload : 📥 Data stale for ALL [MIN_15]: last candle 2026-04-09T21:45+02:00[Europe/Madrid] vs threshold PT30M
2026-04-10 15:23:57.050 INFO  [main] DataDownload : 📥 Data stale for ALL [HOUR_1]: last candle 2026-04-09T21:00+02:00[Europe/Madrid] vs threshold PT2H
2026-04-10 15:23:57.051 INFO  [main] DataDownload : 📥 Auto-refreshing data for ticker: ALL
2026-04-10 15:24:07.187 INFO  [main] DataDownload : ✅ Refreshed 4 timeframes for ALL
2026-04-10 15:24:07.192 INFO  [main] DataDownload : 📥 Data stale for ALLE [MIN_5]: last candle 2026-04-09T21:55+02:00[Europe/Madrid] vs threshold PT15M
2026-04-10 15:24:07.194 INFO  [main] DataDownload : 📥 Data stale for ALLE [MIN_15]: last candle 2026-04-09T21:45+02:00[Europe/Madrid] vs threshold PT30M
2026-04-10 15:24:07.196 INFO  [main] DataDownload : 📥 Data stale for ALLE [HOUR_1]: last candle 2026-04-09T21:00+02:00[Europe/Madrid] vs threshold PT2H
2026-04-10 15:24:07.196 INFO  [main] DataDownload : 📥 Auto-refreshing data for ticker: ALLE
2026-04-10 15:24:20.046 INFO  [main] DataDownload : ✅ Refreshed 4 timeframes for ALLE
2026-04-10 15:24:20.052 INFO  [main] DataDownload : 📥 Data stale for AMAT [MIN_5]: last candle 2026-04-09T21:55+02:00[Europe/Madrid] vs threshold PT15M
2026-04-10 15:24:20.059 INFO  [main] DataDownload : 📥 Data stale for AMAT [MIN_15]: last candle 2026-04-09T21:45+02:00[Europe/Madrid] vs threshold PT30M
2026-04-10 15:24:20.061 INFO  [main] DataDownload : 📥 Data stale for AMAT [HOUR_1]: last candle 2026-04-09T21:00+02:00[Europe/Madrid] vs threshold PT2H
2026-04-10 15:24:20.062 INFO  [main] DataDownload : 📥 Auto-refreshing data for ticker: AMAT
2026-04-10 15:24:37.233 INFO  [main] DataDownload : ✅ Refreshed 4 timeframes for AMAT
2026-04-10 15:24:37.239 INFO  [main] DataDownload : 📥 Data stale for AMCR [MIN_5]: last candle 2026-04-09T21:55+02:00[Europe/Madrid] vs threshold PT15M
2026-04-10 15:24:37.240 INFO  [main] DataDownload : 📥 Data stale for AMCR [MIN_15]: last candle 2026-04-09T21:45+02:00[Europe/Madrid] vs threshold PT30M
2026-04-10 15:24:37.242 INFO  [main] DataDownload : 📥 Data stale for AMCR [HOUR_1]: last candle 2026-04-09T21:00+02:00[Europe/Madrid] vs threshold PT2H
2026-04-10 15:24:37.243 INFO  [main] DataDownload : 📥 Auto-refreshing data for ticker: AMCR
2026-04-10 15:24:47.984 INFO  [main] DataDownload : ✅ Refreshed 4 timeframes for AMCR
2026-04-10 15:24:47.989 INFO  [main] DataDownload : 📥 Data stale for AMDL [MIN_5]: last candle 2026-04-09T21:55+02:00[Europe/Madrid] vs threshold PT15M
2026-04-10 15:24:47.990 INFO  [main] DataDownload : 📥 Data stale for AMDL [MIN_15]: last candle 2026-04-09T21:45+02:00[Europe/Madrid] vs threshold PT30M
2026-04-10 15:24:47.992 INFO  [main] DataDownload : 📥 Data stale for AMDL [HOUR_1]: last candle 2026-04-09T21:00+02:00[Europe/Madrid] vs threshold PT2H
2026-04-10 15:24:47.992 INFO  [main] DataDownload : 📥 Auto-refreshing data for ticker: AMDL
2026-04-10 15:24:58.032 INFO  [main] DataDownload : ✅ Refreshed 4 timeframes for AMDL
2026-04-10 15:24:58.039 INFO  [main] DataDownload : 📥 Data stale for AME [MIN_5]: last candle 2026-04-09T21:55+02:00[Europe/Madrid] vs threshold PT15M
2026-04-10 15:24:58.041 INFO  [main] DataDownload : 📥 Data stale for AME [MIN_15]: last candle 2026-04-09T21:45+02:00[Europe/Madrid] vs threshold PT30M
2026-04-10 15:24:58.044 INFO  [main] DataDownload : 📥 Data stale for AME [HOUR_1]: last candle 2026-04-09T21:00+02:00[Europe/Madrid] vs threshold PT2H
2026-04-10 15:24:58.046 INFO  [main] DataDownload : 📥 Auto-refreshing data for ticker: AME
2026-04-10 15:25:08.284 INFO  [main] DataDownload : ✅ Refreshed 4 timeframes for AME
2026-04-10 15:25:08.293 INFO  [main] DataDownload : 📥 Data stale for AMGN [MIN_5]: last candle 2026-04-09T21:55+02:00[Europe/Madrid] vs threshold PT15M
2026-04-10 15:25:08.295 INFO  [main] DataDownload : 📥 Data stale for AMGN [MIN_15]: last candle 2026-04-09T21:45+02:00[Europe/Madrid] vs threshold PT30M
2026-04-10 15:25:08.296 INFO  [main] DataDownload : 📥 Data stale for AMGN [HOUR_1]: last candle 2026-04-09T21:00+02:00[Europe/Madrid] vs threshold PT2H
2026-04-10 15:25:08.297 INFO  [main] DataDownload : 📥 Auto-refreshing data for ticker: AMGN
2026-04-10 15:25:32.115 INFO  [main] DataDownload : ✅ Refreshed 4 timeframes for AMGN
2026-04-10 15:25:32.121 INFO  [main] DataDownload : 📥 Data stale for AMP [MIN_5]: last candle 2026-04-09T21:55+02:00[Europe/Madrid] vs threshold PT15M
2026-04-10 15:25:32.122 INFO  [main] DataDownload : 📥 Data stale for AMP [MIN_15]: last candle 2026-04-09T21:45+02:00[Europe/Madrid] vs threshold PT30M
2026-04-10 15:25:32.123 INFO  [main] DataDownload : 📥 Data stale for AMP [HOUR_1]: last candle 2026-04-09T21:00+02:00[Europe/Madrid] vs threshold PT2H
2026-04-10 15:25:32.124 INFO  [main] DataDownload : 📥 Auto-refreshing data for ticker: AMP
2026-04-10 15:25:42.470 INFO  [main] DataDownload : ✅ Refreshed 4 timeframes for AMP
2026-04-10 15:25:42.475 INFO  [main] DataDownload : 📥 Data stale for AMT [MIN_5]: last candle 2026-04-09T21:55+02:00[Europe/Madrid] vs threshold PT15M
2026-04-10 15:25:42.477 INFO  [main] DataDownload : 📥 Data stale for AMT [MIN_15]: last candle 2026-04-09T21:45+02:00[Europe/Madrid] vs threshold PT30M
2026-04-10 15:25:42.478 INFO  [main] DataDownload : 📥 Data stale for AMT [HOUR_1]: last candle 2026-04-09T21:00+02:00[Europe/Madrid] vs threshold PT2H
2026-04-10 15:25:42.479 INFO  [main] DataDownload : 📥 Auto-refreshing data for ticker: AMT
2026-04-10 15:25:52.410 INFO  [main] DataDownload : ✅ Refreshed 4 timeframes for AMT
2026-04-10 15:25:52.416 INFO  [main] DataDownload : 📥 Data stale for ANET [MIN_5]: last candle 2026-04-09T21:55+02:00[Europe/Madrid] vs threshold PT15M
2026-04-10 15:25:52.417 INFO  [main] DataDownload : 📥 Data stale for ANET [MIN_15]: last candle 2026-04-09T21:45+02:00[Europe/Madrid] vs threshold PT30M
2026-04-10 15:25:52.419 INFO  [main] DataDownload : 📥 Data stale for ANET [HOUR_1]: last candle 2026-04-09T21:00+02:00[Europe/Madrid] vs threshold PT2H
2026-04-10 15:25:52.420 INFO  [main] DataDownload : 📥 Auto-refreshing data for ticker: ANET
2026-04-10 15:26:02.254 INFO  [main] DataDownload : ✅ Refreshed 4 timeframes for ANET
2026-04-10 15:26:02.259 INFO  [main] DataDownload : 📥 Data stale for AON [MIN_5]: last candle 2026-04-09T21:55+02:00[Europe/Madrid] vs threshold PT15M
2026-04-10 15:26:02.260 INFO  [main] DataDownload : 📥 Data stale for AON [MIN_15]: last candle 2026-04-09T21:45+02:00[Europe/Madrid] vs threshold PT30M
2026-04-10 15:26:02.262 INFO  [main] DataDownload : 📥 Data stale for AON [HOUR_1]: last candle 2026-04-09T21:00+02:00[Europe/Madrid] vs threshold PT2H
2026-04-10 15:26:02.263 INFO  [main] DataDownload : 📥 Auto-refreshing data for ticker: AON
2026-04-10 15:26:12.505 INFO  [main] DataDownload : ✅ Refreshed 4 timeframes for AON
2026-04-10 15:26:12.511 INFO  [main] DataDownload : 📥 Data stale for AOS [MIN_5]: last candle 2026-04-09T21:55+02:00[Europe/Madrid] vs threshold PT15M
2026-04-10 15:26:12.513 INFO  [main] DataDownload : 📥 Data stale for AOS [MIN_15]: last candle 2026-04-09T21:45+02:00[Europe/Madrid] vs threshold PT30M
2026-04-10 15:26:12.515 INFO  [main] DataDownload : 📥 Data stale for AOS [HOUR_1]: last candle 2026-04-09T21:00+02:00[Europe/Madrid] vs threshold PT2H
2026-04-10 15:26:12.516 INFO  [main] DataDownload : 📥 Auto-refreshing data for ticker: AOS
2026-04-10 15:26:32.222 INFO  [main] DataDownload : ✅ Refreshed 4 timeframes for AOS
2026-04-10 15:26:32.227 INFO  [main] DataDownload : 📥 Data stale for APA [MIN_5]: last candle 2026-04-09T21:55+02:00[Europe/Madrid] vs threshold PT15M
2026-04-10 15:26:32.228 INFO  [main] DataDownload : 📥 Data stale for APA [MIN_15]: last candle 2026-04-09T21:45+02:00[Europe/Madrid] vs threshold PT30M
2026-04-10 15:26:32.230 INFO  [main] DataDownload : 📥 Data stale for APA [HOUR_1]: last candle 2026-04-09T21:00+02:00[Europe/Madrid] vs threshold PT2H
2026-04-10 15:26:32.230 INFO  [main] DataDownload : 📥 Auto-refreshing data for ticker: APA
2026-04-10 15:26:42.566 INFO  [main] DataDownload : ✅ Refreshed 4 timeframes for APA
2026-04-10 15:26:42.571 INFO  [main] DataDownload : 📥 Data stale for APD [MIN_5]: last candle 2026-04-09T21:55+02:00[Europe/Madrid] vs threshold PT15M
2026-04-10 15:26:42.572 INFO  [main] DataDownload : 📥 Data stale for APD [MIN_15]: last candle 2026-04-09T21:45+02:00[Europe/Madrid] vs threshold PT30M
2026-04-10 15:26:42.574 INFO  [main] DataDownload : 📥 Data stale for APD [HOUR_1]: last candle 2026-04-09T21:00+02:00[Europe/Madrid] vs threshold PT2H
2026-04-10 15:26:42.575 INFO  [main] DataDownload : 📥 Auto-refreshing data for ticker: APD
2026-04-10 15:26:52.712 INFO  [main] DataDownload : ✅ Refreshed 4 timeframes for APD
2026-04-10 15:26:52.717 INFO  [main] DataDownload : 📥 Data stale for APH [MIN_5]: last candle 2026-04-09T21:55+02:00[Europe/Madrid] vs threshold PT15M
2026-04-10 15:26:52.718 INFO  [main] DataDownload : 📥 Data stale for APH [MIN_15]: last candle 2026-04-09T21:45+02:00[Europe/Madrid] vs threshold PT30M
2026-04-10 15:26:52.720 INFO  [main] DataDownload : 📥 Data stale for APH [HOUR_1]: last candle 2026-04-09T21:00+02:00[Europe/Madrid] vs threshold PT2H
2026-04-10 15:26:52.720 INFO  [main] DataDownload : 📥 Auto-refreshing data for ticker: APH
2026-04-10 15:27:02.965 INFO  [main] DataDownload : ✅ Refreshed 4 timeframes for APH
2026-04-10 15:27:02.972 INFO  [main] DataDownload : 📥 Data stale for APTV [MIN_5]: last candle 2026-04-09T21:55+02:00[Europe/Madrid] vs threshold PT15M
2026-04-10 15:27:02.974 INFO  [main] DataDownload : 📥 Data stale for APTV [MIN_15]: last candle 2026-04-09T21:45+02:00[Europe/Madrid] vs threshold PT30M
2026-04-10 15:27:02.976 INFO  [main] DataDownload : 📥 Data stale for APTV [HOUR_1]: last candle 2026-04-09T21:00+02:00[Europe/Madrid] vs threshold PT2H
2026-04-10 15:27:02.977 INFO  [main] DataDownload : 📥 Auto-refreshing data for ticker: APTV
2026-04-10 15:27:13.011 INFO  [main] DataDownload : ✅ Refreshed 4 timeframes for APTV
2026-04-10 15:27:13.016 INFO  [main] DataDownload : 📥 Data stale for ARE [MIN_5]: last candle 2026-04-09T21:55+02:00[Europe/Madrid] vs threshold PT15M
2026-04-10 15:27:13.017 INFO  [main] DataDownload : 📥 Data stale for ARE [MIN_15]: last candle 2026-04-09T21:45+02:00[Europe/Madrid] vs threshold PT30M
2026-04-10 15:27:13.019 INFO  [main] DataDownload : 📥 Data stale for ARE [HOUR_1]: last candle 2026-04-09T21:00+02:00[Europe/Madrid] vs threshold PT2H
2026-04-10 15:27:13.021 INFO  [main] DataDownload : 📥 Auto-refreshing data for ticker: ARE
2026-04-10 15:27:32.121 INFO  [main] DataDownload : ✅ Refreshed 4 timeframes for ARE
2026-04-10 15:27:32.126 INFO  [main] DataDownload : 📥 Data stale for ARKK [MIN_5]: last candle 2026-04-09T21:55+02:00[Europe/Madrid] vs threshold PT15M
2026-04-10 15:27:32.127 INFO  [main] DataDownload : 📥 Data stale for ARKK [MIN_15]: last candle 2026-04-09T21:45+02:00[Europe/Madrid] vs threshold PT30M
2026-04-10 15:27:32.128 INFO  [main] DataDownload : 📥 Data stale for ARKK [HOUR_1]: last candle 2026-04-09T21:00+02:00[Europe/Madrid] vs threshold PT2H
2026-04-10 15:27:32.129 INFO  [main] DataDownload : 📥 Auto-refreshing data for ticker: ARKK
2026-04-10 15:27:41.973 INFO  [main] DataDownload : ✅ Refreshed 4 timeframes for ARKK
2026-04-10 15:27:41.979 INFO  [main] DataDownload : 📥 Data stale for ARM [MIN_5]: last candle 2026-04-09T21:55+02:00[Europe/Madrid] vs threshold PT15M
2026-04-10 15:27:41.980 INFO  [main] DataDownload : 📥 Data stale for ARM [MIN_15]: last candle 2026-04-09T21:45+02:00[Europe/Madrid] vs threshold PT30M
2026-04-10 15:27:41.982 INFO  [main] DataDownload : 📥 Data stale for ARM [HOUR_1]: last candle 2026-04-09T21:00+02:00[Europe/Madrid] vs threshold PT2H
2026-04-10 15:27:41.982 INFO  [main] DataDownload : 📥 Auto-refreshing data for ticker: ARM
2026-04-10 15:27:51.729 INFO  [main] DataDownload : ✅ Refreshed 4 timeframes for ARM
2026-04-10 15:27:51.735 INFO  [main] DataDownload : 📥 Data stale for ATO [MIN_5]: last candle 2026-04-09T21:55+02:00[Europe/Madrid] vs threshold PT15M
2026-04-10 15:27:51.736 INFO  [main] DataDownload : 📥 Data stale for ATO [MIN_15]: last candle 2026-04-09T21:45+02:00[Europe/Madrid] vs threshold PT30M
2026-04-10 15:27:51.744 INFO  [main] DataDownload : 📥 Data stale for ATO [HOUR_1]: last candle 2026-04-09T21:00+02:00[Europe/Madrid] vs threshold PT2H
2026-04-10 15:27:51.745 INFO  [main] DataDownload : 📥 Auto-refreshing data for ticker: ATO
2026-04-10 15:28:01.779 INFO  [main] DataDownload : ✅ Refreshed 4 timeframes for ATO
2026-04-10 15:28:01.784 INFO  [main] DataDownload : 📥 Data stale for AVB [MIN_5]: last candle 2026-04-09T21:55+02:00[Europe/Madrid] vs threshold PT15M
2026-04-10 15:28:01.785 INFO  [main] DataDownload : 📥 Data stale for AVB [MIN_15]: last candle 2026-04-09T21:45+02:00[Europe/Madrid] vs threshold PT30M
2026-04-10 15:28:01.788 INFO  [main] DataDownload : 📥 Data stale for AVB [HOUR_1]: last candle 2026-04-09T21:00+02:00[Europe/Madrid] vs threshold PT2H
2026-04-10 15:28:01.789 INFO  [main] DataDownload : 📥 Auto-refreshing data for ticker: AVB
2026-04-10 15:28:12.224 INFO  [main] DataDownload : ✅ Refreshed 4 timeframes for AVB
2026-04-10 15:28:12.229 INFO  [main] DataDownload : 📥 Data stale for AVGO [MIN_5]: last candle 2026-04-09T21:55+02:00[Europe/Madrid] vs threshold PT15M
2026-04-10 15:28:12.230 INFO  [main] DataDownload : 📥 Data stale for AVGO [MIN_15]: last candle 2026-04-09T21:45+02:00[Europe/Madrid] vs threshold PT30M
2026-04-10 15:28:12.231 INFO  [main] DataDownload : 📥 Data stale for AVGO [HOUR_1]: last candle 2026-04-09T21:00+02:00[Europe/Madrid] vs threshold PT2H
2026-04-10 15:28:12.232 INFO  [main] DataDownload : 📥 Auto-refreshing data for ticker: AVGO
2026-04-10 15:28:32.429 INFO  [main] DataDownload : ✅ Refreshed 4 timeframes for AVGO
2026-04-10 15:28:32.435 INFO  [main] DataDownload : 📥 Data stale for AVY [MIN_5]: last candle 2026-04-09T21:55+02:00[Europe/Madrid] vs threshold PT15M
2026-04-10 15:28:32.436 INFO  [main] DataDownload : 📥 Data stale for AVY [MIN_15]: last candle 2026-04-09T21:45+02:00[Europe/Madrid] vs threshold PT30M
2026-04-10 15:28:32.438 INFO  [main] DataDownload : 📥 Data stale for AVY [HOUR_1]: last candle 2026-04-09T21:00+02:00[Europe/Madrid] vs threshold PT2H
2026-04-10 15:28:32.440 INFO  [main] DataDownload : 📥 Auto-refreshing data for ticker: AVY
2026-04-10 15:28:43.076 INFO  [main] DataDownload : ✅ Refreshed 4 timeframes for AVY
2026-04-10 15:28:43.082 INFO  [main] DataDownload : 📥 Data stale for AWK [MIN_5]: last candle 2026-04-09T21:55+02:00[Europe/Madrid] vs threshold PT15M
2026-04-10 15:28:43.082 INFO  [main] DataDownload : 📥 Data stale for AWK [MIN_15]: last candle 2026-04-09T21:45+02:00[Europe/Madrid] vs threshold PT30M
2026-04-10 15:28:43.084 INFO  [main] DataDownload : 📥 Data stale for AWK [HOUR_1]: last candle 2026-04-09T21:00+02:00[Europe/Madrid] vs threshold PT2H
2026-04-10 15:28:43.085 INFO  [main] DataDownload : 📥 Auto-refreshing data for ticker: AWK
2026-04-10 15:28:53.219 INFO  [main] DataDownload : ✅ Refreshed 4 timeframes for AWK
2026-04-10 15:28:53.224 INFO  [main] DataDownload : 📥 Data stale for AXON [MIN_5]: last candle 2026-04-09T21:55+02:00[Europe/Madrid] vs threshold PT15M
2026-04-10 15:28:53.225 INFO  [main] DataDownload : 📥 Data stale for AXON [MIN_15]: last candle 2026-04-09T21:45+02:00[Europe/Madrid] vs threshold PT30M
2026-04-10 15:28:53.226 INFO  [main] DataDownload : 📥 Data stale for AXON [HOUR_1]: last candle 2026-04-09T21:00+02:00[Europe/Madrid] vs threshold PT2H
2026-04-10 15:28:53.227 INFO  [main] DataDownload : 📥 Auto-refreshing data for ticker: AXON
2026-04-10 15:29:03.463 INFO  [main] DataDownload : ✅ Refreshed 4 timeframes for AXON
2026-04-10 15:29:03.480 INFO  [main] DataDownload : 📥 Data stale for AXP [MIN_5]: last candle 2026-04-09T21:55+02:00[Europe/Madrid] vs threshold PT15M
2026-04-10 15:29:03.482 INFO  [main] DataDownload : 📥 Data stale for AXP [MIN_15]: last candle 2026-04-09T21:45+02:00[Europe/Madrid] vs threshold PT30M
2026-04-10 15:29:03.483 INFO  [main] DataDownload : 📥 Data stale for AXP [HOUR_1]: last candle 2026-04-09T21:00+02:00[Europe/Madrid] vs threshold PT2H
2026-04-10 15:29:03.484 INFO  [main] DataDownload : 📥 Auto-refreshing data for ticker: AXP
2026-04-10 15:29:13.825 INFO  [main] DataDownload : ✅ Refreshed 4 timeframes for AXP
2026-04-10 15:29:13.830 INFO  [main] DataDownload : 📥 Data stale for AYI [MIN_5]: last candle 2026-04-09T21:55+02:00[Europe/Madrid] vs threshold PT15M
2026-04-10 15:29:13.831 INFO  [main] DataDownload : 📥 Data stale for AYI [MIN_15]: last candle 2026-04-09T21:45+02:00[Europe/Madrid] vs threshold PT30M
2026-04-10 15:29:13.833 INFO  [main] DataDownload : 📥 Data stale for AYI [HOUR_1]: last candle 2026-04-09T21:00+02:00[Europe/Madrid] vs threshold PT2H
2026-04-10 15:29:13.834 INFO  [main] DataDownload : 📥 Auto-refreshing data for ticker: AYI
2026-04-10 15:29:32.316 INFO  [main] DataDownload : ✅ Refreshed 4 timeframes for AYI
2026-04-10 15:29:32.321 INFO  [main] DataDownload : 📥 Data stale for AZO [MIN_5]: last candle 2026-04-09T21:55+02:00[Europe/Madrid] vs threshold PT15M
2026-04-10 15:29:32.322 INFO  [main] DataDownload : 📥 Data stale for AZO [MIN_15]: last candle 2026-04-09T21:45+02:00[Europe/Madrid] vs threshold PT30M
2026-04-10 15:29:32.326 INFO  [main] DataDownload : 📥 Data stale for AZO [HOUR_1]: last candle 2026-04-09T21:00+02:00[Europe/Madrid] vs threshold PT2H
2026-04-10 15:29:32.329 INFO  [main] DataDownload : 📥 Auto-refreshing data for ticker: AZO
2026-04-10 15:29:42.460 INFO  [main] DataDownload : ✅ Refreshed 4 timeframes for AZO
2026-04-10 15:29:42.465 INFO  [main] DataDownload : 📥 Data stale for BA [MIN_5]: last candle 2026-04-09T21:55+02:00[Europe/Madrid] vs threshold PT15M
2026-04-10 15:29:42.466 INFO  [main] DataDownload : 📥 Data stale for BA [MIN_15]: last candle 2026-04-09T21:45+02:00[Europe/Madrid] vs threshold PT30M
2026-04-10 15:29:42.467 INFO  [main] DataDownload : 📥 Data stale for BA [HOUR_1]: last candle 2026-04-09T21:00+02:00[Europe/Madrid] vs threshold PT2H
2026-04-10 15:29:42.468 INFO  [main] DataDownload : 📥 Auto-refreshing data for ticker: BA
2026-04-10 15:29:52.602 INFO  [main] DataDownload : ✅ Refreshed 4 timeframes for BA
2026-04-10 15:29:52.607 INFO  [main] DataDownload : 📥 Data stale for BABA [MIN_5]: last candle 2026-04-09T21:55+02:00[Europe/Madrid] vs threshold PT15M
2026-04-10 15:29:52.608 INFO  [main] DataDownload : 📥 Data stale for BABA [MIN_15]: last candle 2026-04-09T21:45+02:00[Europe/Madrid] vs threshold PT30M
2026-04-10 15:29:52.610 INFO  [main] DataDownload : 📥 Data stale for BABA [HOUR_1]: last candle 2026-04-09T21:00+02:00[Europe/Madrid] vs threshold PT2H
2026-04-10 15:29:52.611 INFO  [main] DataDownload : 📥 Auto-refreshing data for ticker: BABA
2026-04-10 15:30:02.084 INFO  [scheduling-1] DataDownload : 📥 Data stale for AAPL [MIN_5]: last candle 2026-04-09T21:55+02:00[Europe/Madrid] vs threshold PT15M
2026-04-10 15:30:02.089 INFO  [scheduling-1] DataDownload : 📥 Data stale for AAPL [MIN_5]: last candle 2026-04-09T21:55+02:00[Europe/Madrid] vs threshold PT15M
2026-04-10 15:30:02.090 INFO  [scheduling-1] DataDownload : 📥 Data stale for AAPL [MIN_15]: last candle 2026-04-09T21:45+02:00[Europe/Madrid] vs threshold PT30M
2026-04-10 15:30:02.090 INFO  [scheduling-1] DataDownload : 📥 Data stale for AAPL [MIN_15]: last candle 2026-04-09T21:45+02:00[Europe/Madrid] vs threshold PT30M
2026-04-10 15:30:02.092 INFO  [scheduling-1] DataDownload : 📥 Data stale for AAPL [HOUR_1]: last candle 2026-04-09T21:00+02:00[Europe/Madrid] vs threshold PT2H
2026-04-10 15:30:02.092 INFO  [scheduling-1] DataDownload : 📥 Auto-refreshing data for ticker: AAPL
2026-04-10 15:30:02.097 INFO  [scheduling-1] DataDownload : 📥 Data stale for AAPL [HOUR_1]: last candle 2026-04-09T21:00+02:00[Europe/Madrid] vs threshold PT2H
2026-04-10 15:30:02.099 INFO  [scheduling-1] DataDownload : 📥 Auto-refreshing data for ticker: AAPL
2026-04-10 15:30:02.952 INFO  [main] DataDownload : ✅ Refreshed 4 timeframes for BABA
2026-04-10 15:30:02.960 INFO  [main] DataDownload : 📥 Data stale for BAC [MIN_5]: last candle 2026-04-09T21:55+02:00[Europe/Madrid] vs threshold PT15M
2026-04-10 15:30:02.962 INFO  [main] DataDownload : 📥 Data stale for BAC [MIN_15]: last candle 2026-04-09T21:45+02:00[Europe/Madrid] vs threshold PT30M
2026-04-10 15:30:02.965 INFO  [main] DataDownload : 📥 Data stale for BAC [HOUR_1]: last candle 2026-04-09T21:00+02:00[Europe/Madrid] vs threshold PT2H
2026-04-10 15:30:02.965 INFO  [main] DataDownload : 📥 Auto-refreshing data for ticker: BAC
2026-04-10 15:30:14.243 INFO  [scheduling-1] DataDownload : ✅ Refreshed 4 timeframes for AAPL
2026-04-10 15:30:14.247 INFO  [scheduling-1] DataDownload : 📥 Data stale for AMD [MIN_5]: last candle 2026-04-09T21:55+02:00[Europe/Madrid] vs threshold PT15M
2026-04-10 15:30:14.248 INFO  [scheduling-1] DataDownload : 📥 Data stale for AMD [MIN_15]: last candle 2026-04-09T21:45+02:00[Europe/Madrid] vs threshold PT30M
2026-04-10 15:30:14.250 INFO  [scheduling-1] DataDownload : 📥 Data stale for AMD [HOUR_1]: last candle 2026-04-09T21:00+02:00[Europe/Madrid] vs threshold PT2H
2026-04-10 15:30:14.250 INFO  [scheduling-1] DataDownload : 📥 Auto-refreshing data for ticker: AMD
2026-04-10 15:30:32.118 ERROR [scheduling-1] DataDownload : ❌ Failed to download data for AAPL: Connection timeout after 30 seconds
2026-04-10 15:30:32.121 INFO  [scheduling-1] DataDownload : 📥 Data stale for AMD [MIN_5]: last candle 2026-04-09T21:55+02:00[Europe/Madrid] vs threshold PT15M
2026-04-10 15:30:32.122 INFO  [scheduling-1] DataDownload : 📥 Data stale for AMD [MIN_15]: last candle 2026-04-09T21:45+02:00[Europe/Madrid] vs threshold PT30M
2026-04-10 15:30:32.123 INFO  [scheduling-1] DataDownload : 📥 Data stale for AMD [HOUR_1]: last candle 2026-04-09T21:00+02:00[Europe/Madrid] vs threshold PT2H
2026-04-10 15:30:32.123 INFO  [scheduling-1] DataDownload : 📥 Auto-refreshing data for ticker: AMD
2026-04-10 15:30:32.517 INFO  [main] DataDownload : ✅ Refreshed 4 timeframes for BAC
2026-04-10 15:30:32.522 INFO  [main] DataDownload : 📥 Data stale for BALL [MIN_5]: last candle 2026-04-09T21:55+02:00[Europe/Madrid] vs threshold PT15M
2026-04-10 15:30:32.523 INFO  [main] DataDownload : 📥 Data stale for BALL [MIN_15]: last candle 2026-04-09T21:45+02:00[Europe/Madrid] vs threshold PT30M
2026-04-10 15:30:32.526 INFO  [main] DataDownload : 📥 Data stale for BALL [HOUR_1]: last candle 2026-04-09T21:00+02:00[Europe/Madrid] vs threshold PT2H
2026-04-10 15:30:32.527 INFO  [main] DataDownload : 📥 Auto-refreshing data for ticker: BALL
2026-04-10 15:30:37.148 INFO  [scheduling-1] DataDownload : ✅ Refreshed 4 timeframes for AMD
2026-04-10 15:30:37.153 INFO  [scheduling-1] DataDownload : 📥 Data stale for AMZN [MIN_5]: last candle 2026-04-09T21:55+02:00[Europe/Madrid] vs threshold PT15M
2026-04-10 15:30:37.155 INFO  [scheduling-1] DataDownload : 📥 Data stale for AMZN [MIN_15]: last candle 2026-04-09T21:45+02:00[Europe/Madrid] vs threshold PT30M
2026-04-10 15:30:37.157 INFO  [scheduling-1] DataDownload : 📥 Data stale for AMZN [HOUR_1]: last candle 2026-04-09T21:00+02:00[Europe/Madrid] vs threshold PT2H
2026-04-10 15:30:37.157 INFO  [scheduling-1] DataDownload : 📥 Auto-refreshing data for ticker: AMZN
2026-04-10 15:30:44.273 INFO  [main] DataDownload : ✅ Refreshed 4 timeframes for BALL
2026-04-10 15:30:44.278 INFO  [main] DataDownload : 📥 Data stale for BAX [MIN_5]: last candle 2026-04-09T21:55+02:00[Europe/Madrid] vs threshold PT15M
2026-04-10 15:30:44.279 INFO  [main] DataDownload : 📥 Data stale for BAX [MIN_15]: last candle 2026-04-09T21:45+02:00[Europe/Madrid] vs threshold PT30M
2026-04-10 15:30:44.280 INFO  [main] DataDownload : 📥 Data stale for BAX [HOUR_1]: last candle 2026-04-09T21:00+02:00[Europe/Madrid] vs threshold PT2H
2026-04-10 15:30:44.281 INFO  [main] DataDownload : 📥 Auto-refreshing data for ticker: BAX
2026-04-10 15:30:47.190 INFO  [scheduling-1] DataDownload : ✅ Refreshed 4 timeframes for AMZN
2026-04-10 15:30:47.195 INFO  [scheduling-1] DataDownload : 📥 Data stale for GOOGL [MIN_5]: last candle 2026-04-09T21:55+02:00[Europe/Madrid] vs threshold PT15M
2026-04-10 15:30:47.197 INFO  [scheduling-1] DataDownload : 📥 Data stale for GOOGL [MIN_15]: last candle 2026-04-09T21:45+02:00[Europe/Madrid] vs threshold PT30M
2026-04-10 15:30:47.198 INFO  [scheduling-1] DataDownload : 📥 Data stale for GOOGL [HOUR_1]: last candle 2026-04-09T21:00+02:00[Europe/Madrid] vs threshold PT2H
2026-04-10 15:30:47.199 INFO  [scheduling-1] DataDownload : 📥 Auto-refreshing data for ticker: GOOGL
2026-04-10 15:31:02.142 ERROR [scheduling-1] DataDownload : ❌ Failed to download data for AMD: Connection timeout after 30 seconds
2026-04-10 15:31:02.143 INFO  [scheduling-1] DataDownload : 📥 Data stale for AMZN [MIN_5]: last candle 2026-04-09T21:55+02:00[Europe/Madrid] vs threshold PT15M
2026-04-10 15:31:02.144 INFO  [scheduling-1] DataDownload : 📥 Data stale for AMZN [MIN_15]: last candle 2026-04-09T21:45+02:00[Europe/Madrid] vs threshold PT30M
2026-04-10 15:31:02.145 INFO  [scheduling-1] DataDownload : 📥 Data stale for AMZN [HOUR_1]: last candle 2026-04-09T21:00+02:00[Europe/Madrid] vs threshold PT2H
2026-04-10 15:31:02.145 INFO  [scheduling-1] DataDownload : 📥 Auto-refreshing data for ticker: AMZN
2026-04-10 15:31:08.105 INFO  [main] DataDownload : ✅ Refreshed 4 timeframes for BAX
2026-04-10 15:31:08.109 INFO  [main] DataDownload : 📥 Data stale for BBWI [MIN_5]: last candle 2026-04-09T21:55+02:00[Europe/Madrid] vs threshold PT15M
2026-04-10 15:31:08.110 INFO  [main] DataDownload : 📥 Data stale for BBWI [MIN_15]: last candle 2026-04-09T21:45+02:00[Europe/Madrid] vs threshold PT30M
2026-04-10 15:31:08.112 INFO  [main] DataDownload : 📥 Data stale for BBWI [HOUR_1]: last candle 2026-04-09T21:00+02:00[Europe/Madrid] vs threshold PT2H
2026-04-10 15:31:08.113 INFO  [main] DataDownload : 📥 Auto-refreshing data for ticker: BBWI
2026-04-10 15:31:32.161 ERROR [scheduling-1] DataDownload : ❌ Failed to download data for AMZN: Connection timeout after 30 seconds
2026-04-10 15:31:32.162 INFO  [scheduling-1] DataDownload : 📥 Data stale for GOOGL [MIN_5]: last candle 2026-04-09T21:55+02:00[Europe/Madrid] vs threshold PT15M
2026-04-10 15:31:32.164 INFO  [scheduling-1] DataDownload : 📥 Data stale for GOOGL [MIN_15]: last candle 2026-04-09T21:45+02:00[Europe/Madrid] vs threshold PT30M
2026-04-10 15:31:32.164 INFO  [scheduling-1] DataDownload : 📥 Data stale for GOOGL [HOUR_1]: last candle 2026-04-09T21:00+02:00[Europe/Madrid] vs threshold PT2H
2026-04-10 15:31:32.165 INFO  [scheduling-1] DataDownload : 📥 Auto-refreshing data for ticker: GOOGL
2026-04-10 15:31:35.076 INFO  [main] DataDownload : ✅ Refreshed 4 timeframes for BBWI
2026-04-10 15:31:35.082 INFO  [scheduling-1] DataDownload : ✅ Refreshed 4 timeframes for GOOGL
2026-04-10 15:31:35.087 INFO  [main] DataDownload : 📥 Data stale for BBY [MIN_5]: last candle 2026-04-09T21:55+02:00[Europe/Madrid] vs threshold PT15M
2026-04-10 15:31:35.090 INFO  [main] DataDownload : 📥 Data stale for BBY [MIN_15]: last candle 2026-04-09T21:45+02:00[Europe/Madrid] vs threshold PT30M
2026-04-10 15:31:35.092 INFO  [scheduling-1] DataDownload : 📥 Data stale for JNJ [MIN_5]: last candle 2026-04-09T21:55+02:00[Europe/Madrid] vs threshold PT15M
2026-04-10 15:31:35.094 INFO  [main] DataDownload : 📥 Data stale for BBY [HOUR_1]: last candle 2026-04-09T21:00+02:00[Europe/Madrid] vs threshold PT2H
2026-04-10 15:31:35.094 INFO  [scheduling-1] DataDownload : 📥 Data stale for JNJ [MIN_15]: last candle 2026-04-09T21:45+02:00[Europe/Madrid] vs threshold PT30M
2026-04-10 15:31:35.096 INFO  [main] DataDownload : 📥 Auto-refreshing data for ticker: BBY
2026-04-10 15:31:35.101 INFO  [scheduling-1] DataDownload : 📥 Data stale for JNJ [HOUR_1]: last candle 2026-04-09T21:00+02:00[Europe/Madrid] vs threshold PT2H
2026-04-10 15:31:35.102 INFO  [scheduling-1] DataDownload : 📥 Auto-refreshing data for ticker: JNJ
2026-04-10 15:31:46.032 INFO  [main] DataDownload : ✅ Refreshed 4 timeframes for BBY
2026-04-10 15:31:46.038 INFO  [main] DataDownload : 📥 Data stale for BDX [MIN_5]: last candle 2026-04-09T21:55+02:00[Europe/Madrid] vs threshold PT15M
2026-04-10 15:31:46.039 INFO  [main] DataDownload : 📥 Data stale for BDX [MIN_15]: last candle 2026-04-09T21:45+02:00[Europe/Madrid] vs threshold PT30M
2026-04-10 15:31:46.041 INFO  [main] DataDownload : 📥 Data stale for BDX [HOUR_1]: last candle 2026-04-09T21:00+02:00[Europe/Madrid] vs threshold PT2H
2026-04-10 15:31:46.042 INFO  [main] DataDownload : 📥 Auto-refreshing data for ticker: BDX
2026-04-10 15:31:46.141 INFO  [scheduling-1] DataDownload : ✅ Refreshed 4 timeframes for JNJ
2026-04-10 15:31:46.147 INFO  [scheduling-1] DataDownload : 📥 Data stale for JPM [MIN_5]: last candle 2026-04-09T21:55+02:00[Europe/Madrid] vs threshold PT15M
2026-04-10 15:31:46.149 INFO  [scheduling-1] DataDownload : 📥 Data stale for JPM [MIN_15]: last candle 2026-04-09T21:45+02:00[Europe/Madrid] vs threshold PT30M
2026-04-10 15:31:46.153 INFO  [scheduling-1] DataDownload : 📥 Data stale for JPM [HOUR_1]: last candle 2026-04-09T21:00+02:00[Europe/Madrid] vs threshold PT2H
2026-04-10 15:31:46.154 INFO  [scheduling-1] DataDownload : 📥 Auto-refreshing data for ticker: JPM
2026-04-10 15:32:02.177 ERROR [scheduling-1] DataDownload : ❌ Failed to download data for GOOGL: Connection timeout after 30 seconds
2026-04-10 15:32:02.234 INFO  [scheduling-1] DataDownload : 📥 Data stale for JNJ [MIN_5]: last candle 2026-04-09T21:55+02:00[Europe/Madrid] vs threshold PT15M
2026-04-10 15:32:02.279 INFO  [scheduling-1] DataDownload : 📥 Data stale for JNJ [MIN_15]: last candle 2026-04-09T21:45+02:00[Europe/Madrid] vs threshold PT30M
2026-04-10 15:32:02.350 INFO  [scheduling-1] DataDownload : 📥 Data stale for JNJ [HOUR_1]: last candle 2026-04-09T21:00+02:00[Europe/Madrid] vs threshold PT2H
2026-04-10 15:32:02.351 INFO  [scheduling-1] DataDownload : 📥 Auto-refreshing data for ticker: JNJ
2026-04-10 15:32:08.456 INFO  [main] DataDownload : ✅ Refreshed 4 timeframes for BDX
2026-04-10 15:32:08.461 INFO  [main] DataDownload : 📥 Data stale for BEN [MIN_5]: last candle 2026-04-09T21:55+02:00[Europe/Madrid] vs threshold PT15M
2026-04-10 15:32:08.463 INFO  [main] DataDownload : 📥 Data stale for BEN [MIN_15]: last candle 2026-04-09T21:45+02:00[Europe/Madrid] vs threshold PT30M
2026-04-10 15:32:08.466 INFO  [main] DataDownload : 📥 Data stale for BEN [HOUR_1]: last candle 2026-04-09T21:00+02:00[Europe/Madrid] vs threshold PT2H
2026-04-10 15:32:08.466 INFO  [main] DataDownload : 📥 Auto-refreshing data for ticker: BEN
2026-04-10 15:32:19.194 INFO  [main] DataDownload : 📥 Data stale for AAPL [MIN_5]: last candle 2026-04-09T21:55+02:00[Europe/Madrid] vs threshold PT15M
2026-04-10 15:32:19.197 INFO  [main] DataDownload : 📥 Data stale for AAPL [MIN_15]: last candle 2026-04-09T21:45+02:00[Europe/Madrid] vs threshold PT30M
2026-04-10 15:32:19.206 INFO  [main] DataDownload : 📥 Data stale for AAPL [HOUR_1]: last candle 2026-04-09T21:00+02:00[Europe/Madrid] vs threshold PT2H
2026-04-10 15:32:19.208 INFO  [main] DataDownload : 📥 Auto-refreshing data for ticker: AAPL
2026-04-10 15:32:32.366 ERROR [scheduling-1] DataDownload : ❌ Failed to download data for JNJ: Connection timeout after 30 seconds
2026-04-10 15:32:32.367 INFO  [scheduling-1] DataDownload : 📥 Data stale for JPM [MIN_5]: last candle 2026-04-09T21:55+02:00[Europe/Madrid] vs threshold PT15M
2026-04-10 15:32:32.369 INFO  [scheduling-1] DataDownload : 📥 Data stale for JPM [MIN_15]: last candle 2026-04-09T21:45+02:00[Europe/Madrid] vs threshold PT30M
2026-04-10 15:32:32.370 INFO  [scheduling-1] DataDownload : 📥 Data stale for JPM [HOUR_1]: last candle 2026-04-09T21:00+02:00[Europe/Madrid] vs threshold PT2H
2026-04-10 15:32:32.370 INFO  [scheduling-1] DataDownload : 📥 Auto-refreshing data for ticker: JPM
2026-04-10 15:32:38.449 INFO  [main] DataDownload : ✅ Refreshed 4 timeframes for AAPL
2026-04-10 15:32:38.467 INFO  [main] DataDownload : 📥 Data stale for AMD [MIN_5]: last candle 2026-04-09T21:55+02:00[Europe/Madrid] vs threshold PT15M
2026-04-10 15:32:38.469 INFO  [main] DataDownload : 📥 Data stale for AMD [MIN_15]: last candle 2026-04-09T21:45+02:00[Europe/Madrid] vs threshold PT30M
2026-04-10 15:32:38.472 INFO  [main] DataDownload : 📥 Data stale for AMD [HOUR_1]: last candle 2026-04-09T21:00+02:00[Europe/Madrid] vs threshold PT2H
2026-04-10 15:32:38.473 INFO  [main] DataDownload : 📥 Auto-refreshing data for ticker: AMD
2026-04-10 15:32:48.517 INFO  [main] DataDownload : ✅ Refreshed 4 timeframes for AMD
2026-04-10 15:32:48.525 INFO  [main] DataDownload : 📥 Data stale for AMZN [MIN_5]: last candle 2026-04-09T21:55+02:00[Europe/Madrid] vs threshold PT15M
2026-04-10 15:32:48.528 INFO  [main] DataDownload : 📥 Data stale for AMZN [MIN_15]: last candle 2026-04-09T21:45+02:00[Europe/Madrid] vs threshold PT30M
2026-04-10 15:32:48.533 INFO  [main] DataDownload : 📥 Data stale for AMZN [HOUR_1]: last candle 2026-04-09T21:00+02:00[Europe/Madrid] vs threshold PT2H
2026-04-10 15:32:48.535 INFO  [main] DataDownload : 📥 Auto-refreshing data for ticker: AMZN
2026-04-10 15:32:58.474 INFO  [main] DataDownload : ✅ Refreshed 4 timeframes for AMZN
2026-04-10 15:32:58.486 INFO  [main] DataDownload : 📥 Data stale for GOOGL [MIN_5]: last candle 2026-04-09T21:55+02:00[Europe/Madrid] vs threshold PT15M
2026-04-10 15:32:58.487 INFO  [main] DataDownload : 📥 Data stale for GOOGL [MIN_15]: last candle 2026-04-09T21:45+02:00[Europe/Madrid] vs threshold PT30M
2026-04-10 15:32:58.491 INFO  [main] DataDownload : 📥 Data stale for GOOGL [HOUR_1]: last candle 2026-04-09T21:00+02:00[Europe/Madrid] vs threshold PT2H
2026-04-10 15:32:58.492 INFO  [main] DataDownload : 📥 Auto-refreshing data for ticker: GOOGL
2026-04-10 15:33:02.384 ERROR [scheduling-1] DataDownload : ❌ Failed to download data for JPM: Connection timeout after 30 seconds
2026-04-10 15:33:02.386 INFO  [scheduling-1] DataDownload : 📥 Data stale for META [MIN_5]: last candle 2026-04-09T21:55+02:00[Europe/Madrid] vs threshold PT15M
2026-04-10 15:33:02.387 INFO  [scheduling-1] DataDownload : 📥 Data stale for META [MIN_15]: last candle 2026-04-09T21:45+02:00[Europe/Madrid] vs threshold PT30M
2026-04-10 15:33:02.389 INFO  [scheduling-1] DataDownload : 📥 Data stale for META [HOUR_1]: last candle 2026-04-09T21:00+02:00[Europe/Madrid] vs threshold PT2H
2026-04-10 15:33:02.390 INFO  [scheduling-1] DataDownload : 📥 Auto-refreshing data for ticker: META
2026-04-10 15:33:08.832 INFO  [main] DataDownload : ✅ Refreshed 4 timeframes for GOOGL
2026-04-10 15:33:08.846 INFO  [main] DataDownload : 📥 Data stale for JNJ [MIN_5]: last candle 2026-04-09T21:55+02:00[Europe/Madrid] vs threshold PT15M
2026-04-10 15:33:08.847 INFO  [main] DataDownload : 📥 Data stale for JNJ [MIN_15]: last candle 2026-04-09T21:45+02:00[Europe/Madrid] vs threshold PT30M
2026-04-10 15:33:08.851 INFO  [main] DataDownload : 📥 Data stale for JNJ [HOUR_1]: last candle 2026-04-09T21:00+02:00[Europe/Madrid] vs threshold PT2H
2026-04-10 15:33:08.852 INFO  [main] DataDownload : 📥 Auto-refreshing data for ticker: JNJ
2026-04-10 15:33:32.170 INFO  [main] DataDownload : ✅ Refreshed 4 timeframes for JNJ
2026-04-10 15:33:32.186 INFO  [main] DataDownload : 📥 Data stale for JPM [MIN_5]: last candle 2026-04-09T21:55+02:00[Europe/Madrid] vs threshold PT15M
2026-04-10 15:33:32.188 INFO  [main] DataDownload : 📥 Data stale for JPM [MIN_15]: last candle 2026-04-09T21:45+02:00[Europe/Madrid] vs threshold PT30M
2026-04-10 15:33:32.191 INFO  [main] DataDownload : 📥 Data stale for JPM [HOUR_1]: last candle 2026-04-09T21:00+02:00[Europe/Madrid] vs threshold PT2H
2026-04-10 15:33:32.193 INFO  [main] DataDownload : 📥 Auto-refreshing data for ticker: JPM
2026-04-10 15:33:32.421 ERROR [scheduling-1] DataDownload : ❌ Failed to download data for META: Connection timeout after 30 seconds
2026-04-10 15:33:32.423 INFO  [scheduling-1] DataDownload : 📥 Data stale for MSFT [MIN_5]: last candle 2026-04-09T21:55+02:00[Europe/Madrid] vs threshold PT15M
2026-04-10 15:33:32.424 INFO  [scheduling-1] DataDownload : 📥 Data stale for MSFT [MIN_15]: last candle 2026-04-09T21:45+02:00[Europe/Madrid] vs threshold PT30M
2026-04-10 15:33:32.424 INFO  [scheduling-1] DataDownload : 📥 Data stale for MSFT [HOUR_1]: last candle 2026-04-09T21:00+02:00[Europe/Madrid] vs threshold PT2H
2026-04-10 15:33:32.424 INFO  [scheduling-1] DataDownload : 📥 Auto-refreshing data for ticker: MSFT
2026-04-10 15:33:42.334 INFO  [main] DataDownload : ✅ Refreshed 4 timeframes for JPM
2026-04-10 15:33:42.355 INFO  [main] DataDownload : 📥 Data stale for META [MIN_5]: last candle 2026-04-09T21:55+02:00[Europe/Madrid] vs threshold PT15M
2026-04-10 15:33:42.364 INFO  [main] DataDownload : 📥 Data stale for META [MIN_15]: last candle 2026-04-09T21:45+02:00[Europe/Madrid] vs threshold PT30M
2026-04-10 15:33:42.369 INFO  [main] DataDownload : 📥 Data stale for META [HOUR_1]: last candle 2026-04-09T21:00+02:00[Europe/Madrid] vs threshold PT2H
2026-04-10 15:33:42.370 INFO  [main] DataDownload : 📥 Auto-refreshing data for ticker: META
2026-04-10 15:33:52.612 INFO  [main] DataDownload : ✅ Refreshed 4 timeframes for META
2026-04-10 15:33:52.619 INFO  [main] DataDownload : 📥 Data stale for MSFT [MIN_5]: last candle 2026-04-09T21:55+02:00[Europe/Madrid] vs threshold PT15M
2026-04-10 15:33:52.620 INFO  [main] DataDownload : 📥 Data stale for MSFT [MIN_15]: last candle 2026-04-09T21:45+02:00[Europe/Madrid] vs threshold PT30M
2026-04-10 15:33:52.623 INFO  [main] DataDownload : 📥 Data stale for MSFT [HOUR_1]: last candle 2026-04-09T21:00+02:00[Europe/Madrid] vs threshold PT2H
2026-04-10 15:33:52.623 INFO  [main] DataDownload : 📥 Auto-refreshing data for ticker: MSFT
2026-04-10 15:34:02.442 ERROR [scheduling-1] DataDownload : ❌ Failed to download data for MSFT: Connection timeout after 30 seconds
2026-04-10 15:34:02.443 INFO  [scheduling-1] DataDownload : 📥 Data stale for NVDA [MIN_5]: last candle 2026-04-09T21:55+02:00[Europe/Madrid] vs threshold PT15M
2026-04-10 15:34:02.444 INFO  [scheduling-1] DataDownload : 📥 Data stale for NVDA [MIN_15]: last candle 2026-04-09T21:45+02:00[Europe/Madrid] vs threshold PT30M
2026-04-10 15:34:02.444 INFO  [scheduling-1] DataDownload : 📥 Data stale for NVDA [HOUR_1]: last candle 2026-04-09T21:00+02:00[Europe/Madrid] vs threshold PT2H
2026-04-10 15:34:02.445 INFO  [scheduling-1] DataDownload : 📥 Auto-refreshing data for ticker: NVDA
2026-04-10 15:34:03.170 INFO  [main] DataDownload : ✅ Refreshed 4 timeframes for MSFT
2026-04-10 15:34:03.190 INFO  [main] DataDownload : 📥 Data stale for NVDA [MIN_5]: last candle 2026-04-09T21:55+02:00[Europe/Madrid] vs threshold PT15M
2026-04-10 15:34:03.192 INFO  [main] DataDownload : 📥 Data stale for NVDA [MIN_15]: last candle 2026-04-09T21:45+02:00[Europe/Madrid] vs threshold PT30M
2026-04-10 15:34:03.194 INFO  [main] DataDownload : 📥 Data stale for NVDA [HOUR_1]: last candle 2026-04-09T21:00+02:00[Europe/Madrid] vs threshold PT2H
2026-04-10 15:34:03.195 INFO  [main] DataDownload : 📥 Auto-refreshing data for ticker: NVDA
2026-04-10 15:34:13.334 INFO  [main] DataDownload : ✅ Refreshed 4 timeframes for NVDA
2026-04-10 15:34:13.342 INFO  [main] DataDownload : 📥 Data stale for QQQ [MIN_5]: last candle 2026-04-09T21:55+02:00[Europe/Madrid] vs threshold PT15M
2026-04-10 15:34:13.344 INFO  [main] DataDownload : 📥 Data stale for QQQ [MIN_15]: last candle 2026-04-09T21:45+02:00[Europe/Madrid] vs threshold PT30M
2026-04-10 15:34:13.346 INFO  [main] DataDownload : 📥 Data stale for QQQ [HOUR_1]: last candle 2026-04-09T21:00+02:00[Europe/Madrid] vs threshold PT2H
2026-04-10 15:34:13.347 INFO  [main] DataDownload : 📥 Auto-refreshing data for ticker: QQQ
2026-04-10 15:34:32.236 INFO  [main] DataDownload : ✅ Refreshed 4 timeframes for QQQ
2026-04-10 15:34:32.244 INFO  [main] DataDownload : 📥 Data stale for SPY [MIN_5]: last candle 2026-04-09T21:55+02:00[Europe/Madrid] vs threshold PT15M
2026-04-10 15:34:32.246 INFO  [main] DataDownload : 📥 Data stale for SPY [MIN_15]: last candle 2026-04-09T21:45+02:00[Europe/Madrid] vs threshold PT30M
2026-04-10 15:34:32.249 INFO  [main] DataDownload : 📥 Data stale for SPY [HOUR_1]: last candle 2026-04-09T21:00+02:00[Europe/Madrid] vs threshold PT2H
2026-04-10 15:34:32.249 INFO  [main] DataDownload : 📥 Auto-refreshing data for ticker: SPY
2026-04-10 15:34:32.458 ERROR [scheduling-1] DataDownload : ❌ Failed to download data for NVDA: Connection timeout after 30 seconds
2026-04-10 15:34:32.460 INFO  [scheduling-1] DataDownload : 📥 Data stale for QQQ [MIN_5]: last candle 2026-04-09T21:55+02:00[Europe/Madrid] vs threshold PT15M
2026-04-10 15:34:32.461 INFO  [scheduling-1] DataDownload : 📥 Data stale for QQQ [MIN_15]: last candle 2026-04-09T21:45+02:00[Europe/Madrid] vs threshold PT30M
2026-04-10 15:34:32.462 INFO  [scheduling-1] DataDownload : 📥 Data stale for QQQ [HOUR_1]: last candle 2026-04-09T21:00+02:00[Europe/Madrid] vs threshold PT2H
2026-04-10 15:34:32.462 INFO  [scheduling-1] DataDownload : 📥 Auto-refreshing data for ticker: QQQ
2026-04-10 15:34:42.495 INFO  [main] DataDownload : ✅ Refreshed 4 timeframes for SPY
2026-04-10 15:34:42.502 INFO  [main] DataDownload : 📥 Data stale for TSLA [MIN_5]: last candle 2026-04-09T21:55+02:00[Europe/Madrid] vs threshold PT15M
2026-04-10 15:34:42.504 INFO  [main] DataDownload : 📥 Data stale for TSLA [MIN_15]: last candle 2026-04-09T21:45+02:00[Europe/Madrid] vs threshold PT30M
2026-04-10 15:34:42.508 INFO  [main] DataDownload : 📥 Data stale for TSLA [HOUR_1]: last candle 2026-04-09T21:00+02:00[Europe/Madrid] vs threshold PT2H
2026-04-10 15:34:42.508 INFO  [main] DataDownload : 📥 Auto-refreshing data for ticker: TSLA
2026-04-10 15:34:52.557 INFO  [main] DataDownload : ✅ Refreshed 4 timeframes for TSLA
2026-04-10 15:34:52.564 INFO  [main] DataDownload : 📥 Data stale for V [MIN_5]: last candle 2026-04-09T21:55+02:00[Europe/Madrid] vs threshold PT15M
2026-04-10 15:34:52.567 INFO  [main] DataDownload : 📥 Data stale for V [MIN_15]: last candle 2026-04-09T21:45+02:00[Europe/Madrid] vs threshold PT30M
2026-04-10 15:34:52.569 INFO  [main] DataDownload : 📥 Data stale for V [HOUR_1]: last candle 2026-04-09T21:00+02:00[Europe/Madrid] vs threshold PT2H
2026-04-10 15:34:52.570 INFO  [main] DataDownload : 📥 Auto-refreshing data for ticker: V
2026-04-10 15:35:02.476 ERROR [scheduling-1] DataDownload : ❌ Failed to download data for QQQ: Connection timeout after 30 seconds
2026-04-10 15:35:02.477 INFO  [scheduling-1] DataDownload : 📥 Data stale for SPY [MIN_5]: last candle 2026-04-09T21:55+02:00[Europe/Madrid] vs threshold PT15M
2026-04-10 15:35:02.478 INFO  [scheduling-1] DataDownload : 📥 Data stale for SPY [MIN_15]: last candle 2026-04-09T21:45+02:00[Europe/Madrid] vs threshold PT30M
2026-04-10 15:35:02.479 INFO  [scheduling-1] DataDownload : 📥 Data stale for SPY [HOUR_1]: last candle 2026-04-09T21:00+02:00[Europe/Madrid] vs threshold PT2H
2026-04-10 15:35:02.480 INFO  [scheduling-1] DataDownload : 📥 Auto-refreshing data for ticker: SPY
2026-04-10 15:35:02.708 INFO  [main] DataDownload : ✅ Refreshed 4 timeframes for V
2026-04-10 15:35:02.716 INFO  [main] DataDownload : 📥 Data stale for XOM [MIN_5]: last candle 2026-04-09T21:55+02:00[Europe/Madrid] vs threshold PT15M
2026-04-10 15:35:02.718 INFO  [main] DataDownload : 📥 Data stale for XOM [MIN_15]: last candle 2026-04-09T21:45+02:00[Europe/Madrid] vs threshold PT30M
2026-04-10 15:35:02.720 INFO  [main] DataDownload : 📥 Data stale for XOM [HOUR_1]: last candle 2026-04-09T21:00+02:00[Europe/Madrid] vs threshold PT2H
2026-04-10 15:35:02.721 INFO  [main] DataDownload : 📥 Auto-refreshing data for ticker: XOM
2026-04-10 15:35:13.062 INFO  [main] DataDownload : ✅ Refreshed 4 timeframes for XOM
2026-04-10 15:35:13.069 INFO  [main] DataDownload : 📥 Data stale for A [MIN_5]: last candle 2026-04-09T21:55+02:00[Europe/Madrid] vs threshold PT15M
2026-04-10 15:35:13.071 INFO  [main] DataDownload : 📥 Data stale for A [MIN_15]: last candle 2026-04-09T21:45+02:00[Europe/Madrid] vs threshold PT30M
2026-04-10 15:35:13.074 INFO  [main] DataDownload : 📥 Data stale for A [HOUR_1]: last candle 2026-04-09T21:00+02:00[Europe/Madrid] vs threshold PT2H
2026-04-10 15:35:13.075 INFO  [main] DataDownload : 📥 Auto-refreshing data for ticker: A
2026-04-10 15:35:32.257 INFO  [main] DataDownload : ✅ Refreshed 4 timeframes for A
2026-04-10 15:35:32.265 INFO  [main] DataDownload : 📥 Data stale for AAL [MIN_5]: last candle 2026-04-09T21:55+02:00[Europe/Madrid] vs threshold PT15M
2026-04-10 15:35:32.266 INFO  [main] DataDownload : 📥 Data stale for AAL [MIN_15]: last candle 2026-04-09T21:45+02:00[Europe/Madrid] vs threshold PT30M
2026-04-10 15:35:32.268 INFO  [main] DataDownload : 📥 Data stale for AAL [HOUR_1]: last candle 2026-04-09T21:00+02:00[Europe/Madrid] vs threshold PT2H
2026-04-10 15:35:32.269 INFO  [main] DataDownload : 📥 Auto-refreshing data for ticker: AAL
2026-04-10 15:35:32.497 ERROR [scheduling-1] DataDownload : ❌ Failed to download data for SPY: Connection timeout after 30 seconds
2026-04-10 15:35:32.498 INFO  [scheduling-1] DataDownload : 📥 Data stale for TSLA [MIN_5]: last candle 2026-04-09T21:55+02:00[Europe/Madrid] vs threshold PT15M
2026-04-10 15:35:32.500 INFO  [scheduling-1] DataDownload : 📥 Data stale for TSLA [MIN_15]: last candle 2026-04-09T21:45+02:00[Europe/Madrid] vs threshold PT30M
2026-04-10 15:35:32.501 INFO  [scheduling-1] DataDownload : 📥 Data stale for TSLA [HOUR_1]: last candle 2026-04-09T21:00+02:00[Europe/Madrid] vs threshold PT2H
2026-04-10 15:35:32.501 INFO  [scheduling-1] DataDownload : 📥 Auto-refreshing data for ticker: TSLA
2026-04-10 15:35:42.104 INFO  [main] DataDownload : ✅ Refreshed 4 timeframes for AAL
2026-04-10 15:35:42.112 INFO  [main] DataDownload : 📥 Data stale for ABBV [MIN_5]: last candle 2026-04-09T21:55+02:00[Europe/Madrid] vs threshold PT15M
2026-04-10 15:35:42.113 INFO  [main] DataDownload : 📥 Data stale for ABBV [MIN_15]: last candle 2026-04-09T21:45+02:00[Europe/Madrid] vs threshold PT30M
2026-04-10 15:35:42.115 INFO  [main] DataDownload : 📥 Data stale for ABBV [HOUR_1]: last candle 2026-04-09T21:00+02:00[Europe/Madrid] vs threshold PT2H
2026-04-10 15:35:42.116 INFO  [main] DataDownload : 📥 Auto-refreshing data for ticker: ABBV
2026-04-10 15:35:52.171 INFO  [main] DataDownload : ✅ Refreshed 4 timeframes for ABBV
2026-04-10 15:35:52.178 INFO  [main] DataDownload : 📥 Data stale for ABNB [MIN_5]: last candle 2026-04-09T21:55+02:00[Europe/Madrid] vs threshold PT15M
2026-04-10 15:35:52.182 INFO  [main] DataDownload : 📥 Data stale for ABNB [MIN_15]: last candle 2026-04-09T21:45+02:00[Europe/Madrid] vs threshold PT30M
2026-04-10 15:35:52.184 INFO  [main] DataDownload : 📥 Data stale for ABNB [HOUR_1]: last candle 2026-04-09T21:00+02:00[Europe/Madrid] vs threshold PT2H
2026-04-10 15:35:52.185 INFO  [main] DataDownload : 📥 Auto-refreshing data for ticker: ABNB
2026-04-10 15:36:02.126 INFO  [main] DataDownload : ✅ Refreshed 4 timeframes for ABNB
2026-04-10 15:36:02.135 INFO  [main] DataDownload : 📥 Data stale for ABT [MIN_5]: last candle 2026-04-09T21:55+02:00[Europe/Madrid] vs threshold PT15M
2026-04-10 15:36:02.139 INFO  [main] DataDownload : 📥 Data stale for ABT [MIN_15]: last candle 2026-04-09T21:45+02:00[Europe/Madrid] vs threshold PT30M
2026-04-10 15:36:02.142 INFO  [main] DataDownload : 📥 Data stale for ABT [HOUR_1]: last candle 2026-04-09T21:00+02:00[Europe/Madrid] vs threshold PT2H
2026-04-10 15:36:02.143 INFO  [main] DataDownload : 📥 Auto-refreshing data for ticker: ABT
2026-04-10 15:36:02.516 ERROR [scheduling-1] DataDownload : ❌ Failed to download data for TSLA: Connection timeout after 30 seconds
2026-04-10 15:36:02.517 INFO  [scheduling-1] DataDownload : 📥 Data stale for V [MIN_5]: last candle 2026-04-09T21:55+02:00[Europe/Madrid] vs threshold PT15M
2026-04-10 15:36:02.518 INFO  [scheduling-1] DataDownload : 📥 Data stale for V [MIN_15]: last candle 2026-04-09T21:45+02:00[Europe/Madrid] vs threshold PT30M
2026-04-10 15:36:02.520 INFO  [scheduling-1] DataDownload : 📥 Data stale for V [HOUR_1]: last candle 2026-04-09T21:00+02:00[Europe/Madrid] vs threshold PT2H
2026-04-10 15:36:02.520 INFO  [scheduling-1] DataDownload : 📥 Auto-refreshing data for ticker: V
2026-04-10 15:36:12.384 INFO  [main] DataDownload : ✅ Refreshed 4 timeframes for ABT
2026-04-10 15:36:12.392 INFO  [main] DataDownload : 📥 Data stale for ACGL [MIN_5]: last candle 2026-04-09T21:55+02:00[Europe/Madrid] vs threshold PT15M
2026-04-10 15:36:12.394 INFO  [main] DataDownload : 📥 Data stale for ACGL [MIN_15]: last candle 2026-04-09T21:45+02:00[Europe/Madrid] vs threshold PT30M
2026-04-10 15:36:12.397 INFO  [main] DataDownload : 📥 Data stale for ACGL [HOUR_1]: last candle 2026-04-09T21:00+02:00[Europe/Madrid] vs threshold PT2H
2026-04-10 15:36:12.398 INFO  [main] DataDownload : 📥 Auto-refreshing data for ticker: ACGL
2026-04-10 15:36:32.200 INFO  [main] DataDownload : ✅ Refreshed 4 timeframes for ACGL
2026-04-10 15:36:32.208 INFO  [main] DataDownload : 📥 Data stale for ACN [MIN_5]: last candle 2026-04-09T21:55+02:00[Europe/Madrid] vs threshold PT15M
2026-04-10 15:36:32.210 INFO  [main] DataDownload : 📥 Data stale for ACN [MIN_15]: last candle 2026-04-09T21:45+02:00[Europe/Madrid] vs threshold PT30M
2026-04-10 15:36:32.213 INFO  [main] DataDownload : 📥 Data stale for ACN [HOUR_1]: last candle 2026-04-09T21:00+02:00[Europe/Madrid] vs threshold PT2H
2026-04-10 15:36:32.216 INFO  [main] DataDownload : 📥 Auto-refreshing data for ticker: ACN
2026-04-10 15:36:32.542 ERROR [scheduling-1] DataDownload : ❌ Failed to download data for V: Connection timeout after 30 seconds
2026-04-10 15:36:32.543 INFO  [scheduling-1] DataDownload : 📥 Data stale for XOM [MIN_5]: last candle 2026-04-09T21:55+02:00[Europe/Madrid] vs threshold PT15M
2026-04-10 15:36:32.545 INFO  [scheduling-1] DataDownload : 📥 Data stale for XOM [MIN_15]: last candle 2026-04-09T21:45+02:00[Europe/Madrid] vs threshold PT30M
2026-04-10 15:36:32.546 INFO  [scheduling-1] DataDownload : 📥 Data stale for XOM [HOUR_1]: last candle 2026-04-09T21:00+02:00[Europe/Madrid] vs threshold PT2H
2026-04-10 15:36:32.547 INFO  [scheduling-1] DataDownload : 📥 Auto-refreshing data for ticker: XOM
2026-04-10 15:36:42.655 INFO  [main] DataDownload : ✅ Refreshed 4 timeframes for ACN
2026-04-10 15:36:42.663 INFO  [main] DataDownload : 📥 Data stale for ADBE [MIN_5]: last candle 2026-04-09T21:55+02:00[Europe/Madrid] vs threshold PT15M
2026-04-10 15:36:42.665 INFO  [main] DataDownload : 📥 Data stale for ADBE [MIN_15]: last candle 2026-04-09T21:45+02:00[Europe/Madrid] vs threshold PT30M
2026-04-10 15:36:42.667 INFO  [main] DataDownload : 📥 Data stale for ADBE [HOUR_1]: last candle 2026-04-09T21:00+02:00[Europe/Madrid] vs threshold PT2H
2026-04-10 15:36:42.669 INFO  [main] DataDownload : 📥 Auto-refreshing data for ticker: ADBE
2026-04-10 15:36:52.713 INFO  [main] DataDownload : ✅ Refreshed 4 timeframes for ADBE
2026-04-10 15:36:52.722 INFO  [main] DataDownload : 📥 Data stale for ADI [MIN_5]: last candle 2026-04-09T21:55+02:00[Europe/Madrid] vs threshold PT15M
2026-04-10 15:36:52.724 INFO  [main] DataDownload : 📥 Data stale for ADI [MIN_15]: last candle 2026-04-09T21:45+02:00[Europe/Madrid] vs threshold PT30M
2026-04-10 15:36:52.729 INFO  [main] DataDownload : 📥 Data stale for ADI [HOUR_1]: last candle 2026-04-09T21:00+02:00[Europe/Madrid] vs threshold PT2H
2026-04-10 15:36:52.730 INFO  [main] DataDownload : 📥 Auto-refreshing data for ticker: ADI
2026-04-10 15:37:02.574 ERROR [scheduling-1] DataDownload : ❌ Failed to download data for XOM: Connection timeout after 30 seconds
2026-04-10 15:37:02.575 INFO  [scheduling-1] DataDownload : 📥 Data stale for A [MIN_5]: last candle 2026-04-09T21:55+02:00[Europe/Madrid] vs threshold PT15M
2026-04-10 15:37:02.576 INFO  [scheduling-1] DataDownload : 📥 Data stale for A [MIN_15]: last candle 2026-04-09T21:45+02:00[Europe/Madrid] vs threshold PT30M
2026-04-10 15:37:02.577 INFO  [scheduling-1] DataDownload : 📥 Data stale for A [HOUR_1]: last candle 2026-04-09T21:00+02:00[Europe/Madrid] vs threshold PT2H
2026-04-10 15:37:02.577 INFO  [scheduling-1] DataDownload : 📥 Auto-refreshing data for ticker: A
2026-04-10 15:37:03.073 INFO  [main] DataDownload : ✅ Refreshed 4 timeframes for ADI
2026-04-10 15:37:03.093 INFO  [main] DataDownload : 📥 Data stale for ADM [MIN_5]: last candle 2026-04-09T21:55+02:00[Europe/Madrid] vs threshold PT15M
2026-04-10 15:37:03.097 INFO  [main] DataDownload : 📥 Data stale for ADM [MIN_15]: last candle 2026-04-09T21:45+02:00[Europe/Madrid] vs threshold PT30M
2026-04-10 15:37:03.108 INFO  [main] DataDownload : 📥 Data stale for ADM [HOUR_1]: last candle 2026-04-09T21:00+02:00[Europe/Madrid] vs threshold PT2H
2026-04-10 15:37:03.109 INFO  [main] DataDownload : 📥 Auto-refreshing data for ticker: ADM
2026-04-10 15:37:13.450 INFO  [main] DataDownload : ✅ Refreshed 4 timeframes for ADM
2026-04-10 15:37:13.457 INFO  [main] DataDownload : 📥 Data stale for ADP [MIN_5]: last candle 2026-04-09T21:55+02:00[Europe/Madrid] vs threshold PT15M
2026-04-10 15:37:13.459 INFO  [main] DataDownload : 📥 Data stale for ADP [MIN_15]: last candle 2026-04-09T21:45+02:00[Europe/Madrid] vs threshold PT30M
2026-04-10 15:37:13.461 INFO  [main] DataDownload : 📥 Data stale for ADP [HOUR_1]: last candle 2026-04-09T21:00+02:00[Europe/Madrid] vs threshold PT2H
2026-04-10 15:37:13.462 INFO  [main] DataDownload : 📥 Auto-refreshing data for ticker: ADP
2026-04-10 15:37:32.370 INFO  [main] DataDownload : ✅ Refreshed 4 timeframes for ADP
2026-04-10 15:37:32.381 INFO  [main] DataDownload : 📥 Data stale for ADSK [MIN_5]: last candle 2026-04-09T21:55+02:00[Europe/Madrid] vs threshold PT15M
2026-04-10 15:37:32.383 INFO  [main] DataDownload : 📥 Data stale for ADSK [MIN_15]: last candle 2026-04-09T21:45+02:00[Europe/Madrid] vs threshold PT30M
2026-04-10 15:37:32.387 INFO  [main] DataDownload : 📥 Data stale for ADSK [HOUR_1]: last candle 2026-04-09T21:00+02:00[Europe/Madrid] vs threshold PT2H
2026-04-10 15:37:32.388 INFO  [main] DataDownload : 📥 Auto-refreshing data for ticker: ADSK
2026-04-10 15:37:42.343 INFO  [main] DataDownload : ✅ Refreshed 4 timeframes for ADSK
2026-04-10 15:37:42.353 INFO  [main] DataDownload : 📥 Data stale for AEE [MIN_5]: last candle 2026-04-09T21:55+02:00[Europe/Madrid] vs threshold PT15M
2026-04-10 15:37:42.356 INFO  [main] DataDownload : 📥 Data stale for AEE [MIN_15]: last candle 2026-04-09T21:45+02:00[Europe/Madrid] vs threshold PT30M
2026-04-10 15:37:42.360 INFO  [main] DataDownload : 📥 Data stale for AEE [HOUR_1]: last candle 2026-04-09T21:00+02:00[Europe/Madrid] vs threshold PT2H
2026-04-10 15:37:42.361 INFO  [main] DataDownload : 📥 Auto-refreshing data for ticker: AEE
2026-04-10 15:37:52.499 INFO  [main] DataDownload : ✅ Refreshed 4 timeframes for AEE
2026-04-10 15:37:52.505 INFO  [main] DataDownload : 📥 Data stale for AEP [MIN_5]: last candle 2026-04-09T21:55+02:00[Europe/Madrid] vs threshold PT15M
2026-04-10 15:37:52.506 INFO  [main] DataDownload : 📥 Data stale for AEP [MIN_15]: last candle 2026-04-09T21:45+02:00[Europe/Madrid] vs threshold PT30M
2026-04-10 15:37:52.508 INFO  [main] DataDownload : 📥 Data stale for AEP [HOUR_1]: last candle 2026-04-09T21:00+02:00[Europe/Madrid] vs threshold PT2H
2026-04-10 15:37:52.508 INFO  [main] DataDownload : 📥 Auto-refreshing data for ticker: AEP
2026-04-10 15:38:02.745 INFO  [main] DataDownload : ✅ Refreshed 4 timeframes for AEP
2026-04-10 15:38:02.751 INFO  [main] DataDownload : 📥 Data stale for AES [MIN_5]: last candle 2026-04-09T21:55+02:00[Europe/Madrid] vs threshold PT15M
2026-04-10 15:38:02.752 INFO  [main] DataDownload : 📥 Data stale for AES [MIN_15]: last candle 2026-04-09T21:45+02:00[Europe/Madrid] vs threshold PT30M
2026-04-10 15:38:02.753 INFO  [main] DataDownload : 📥 Data stale for AES [HOUR_1]: last candle 2026-04-09T21:00+02:00[Europe/Madrid] vs threshold PT2H
2026-04-10 15:38:02.754 INFO  [main] DataDownload : 📥 Auto-refreshing data for ticker: AES
2026-04-10 15:38:12.796 INFO  [main] DataDownload : ✅ Refreshed 4 timeframes for AES
2026-04-10 15:38:12.802 INFO  [main] DataDownload : 📥 Data stale for AFG [MIN_5]: last candle 2026-04-09T21:55+02:00[Europe/Madrid] vs threshold PT15M
2026-04-10 15:38:12.803 INFO  [main] DataDownload : 📥 Data stale for AFG [MIN_15]: last candle 2026-04-09T21:45+02:00[Europe/Madrid] vs threshold PT30M
2026-04-10 15:38:12.805 INFO  [main] DataDownload : 📥 Data stale for AFG [HOUR_1]: last candle 2026-04-09T21:00+02:00[Europe/Madrid] vs threshold PT2H
2026-04-10 15:38:12.805 INFO  [main] DataDownload : 📥 Auto-refreshing data for ticker: AFG
2026-04-10 15:38:32.207 INFO  [main] DataDownload : ✅ Refreshed 4 timeframes for AFG
2026-04-10 15:38:32.217 INFO  [main] DataDownload : 📥 Data stale for AFL [MIN_5]: last candle 2026-04-09T21:55+02:00[Europe/Madrid] vs threshold PT15M
2026-04-10 15:38:32.220 INFO  [main] DataDownload : 📥 Data stale for AFL [MIN_15]: last candle 2026-04-09T21:45+02:00[Europe/Madrid] vs threshold PT30M
2026-04-10 15:38:32.222 INFO  [main] DataDownload : 📥 Data stale for AFL [HOUR_1]: last candle 2026-04-09T21:00+02:00[Europe/Madrid] vs threshold PT2H
2026-04-10 15:38:32.223 INFO  [main] DataDownload : 📥 Auto-refreshing data for ticker: AFL
2026-04-10 15:38:42.161 INFO  [main] DataDownload : ✅ Refreshed 4 timeframes for AFL
2026-04-10 15:38:42.167 INFO  [main] DataDownload : 📥 Data stale for AFRM [MIN_5]: last candle 2026-04-09T21:55+02:00[Europe/Madrid] vs threshold PT15M
2026-04-10 15:38:42.168 INFO  [main] DataDownload : 📥 Data stale for AFRM [MIN_15]: last candle 2026-04-09T21:45+02:00[Europe/Madrid] vs threshold PT30M
2026-04-10 15:38:42.171 INFO  [main] DataDownload : 📥 Data stale for AFRM [HOUR_1]: last candle 2026-04-09T21:00+02:00[Europe/Madrid] vs threshold PT2H
2026-04-10 15:38:42.171 INFO  [main] DataDownload : 📥 Auto-refreshing data for ticker: AFRM
2026-04-10 15:38:51.916 INFO  [main] DataDownload : ✅ Refreshed 4 timeframes for AFRM
2026-04-10 15:38:51.921 INFO  [main] DataDownload : 📥 Data stale for AIG [MIN_5]: last candle 2026-04-09T21:55+02:00[Europe/Madrid] vs threshold PT15M
2026-04-10 15:38:51.922 INFO  [main] DataDownload : 📥 Data stale for AIG [MIN_15]: last candle 2026-04-09T21:45+02:00[Europe/Madrid] vs threshold PT30M
2026-04-10 15:38:51.924 INFO  [main] DataDownload : 📥 Data stale for AIG [HOUR_1]: last candle 2026-04-09T21:00+02:00[Europe/Madrid] vs threshold PT2H
2026-04-10 15:38:51.924 INFO  [main] DataDownload : 📥 Auto-refreshing data for ticker: AIG
2026-04-10 15:39:01.864 INFO  [main] DataDownload : ✅ Refreshed 4 timeframes for AIG
2026-04-10 15:39:01.872 INFO  [main] DataDownload : 📥 Data stale for AIZ [MIN_5]: last candle 2026-04-09T21:55+02:00[Europe/Madrid] vs threshold PT15M
2026-04-10 15:39:01.874 INFO  [main] DataDownload : 📥 Data stale for AIZ [MIN_15]: last candle 2026-04-09T21:45+02:00[Europe/Madrid] vs threshold PT30M
2026-04-10 15:39:01.876 INFO  [main] DataDownload : 📥 Data stale for AIZ [HOUR_1]: last candle 2026-04-09T21:00+02:00[Europe/Madrid] vs threshold PT2H
2026-04-10 15:39:01.877 INFO  [main] DataDownload : 📥 Auto-refreshing data for ticker: AIZ
2026-04-10 15:39:12.009 INFO  [main] DataDownload : ✅ Refreshed 4 timeframes for AIZ
2026-04-10 15:39:12.016 INFO  [main] DataDownload : 📥 Data stale for AJG [MIN_5]: last candle 2026-04-09T21:55+02:00[Europe/Madrid] vs threshold PT15M
2026-04-10 15:39:12.017 INFO  [main] DataDownload : 📥 Data stale for AJG [MIN_15]: last candle 2026-04-09T21:45+02:00[Europe/Madrid] vs threshold PT30M
2026-04-10 15:39:12.019 INFO  [main] DataDownload : 📥 Data stale for AJG [HOUR_1]: last candle 2026-04-09T21:00+02:00[Europe/Madrid] vs threshold PT2H
2026-04-10 15:39:12.021 INFO  [main] DataDownload : 📥 Auto-refreshing data for ticker: AJG
2026-04-10 15:39:32.524 INFO  [main] DataDownload : ✅ Refreshed 4 timeframes for AJG
2026-04-10 15:39:32.532 INFO  [main] DataDownload : 📥 Data stale for AKAM [MIN_5]: last candle 2026-04-09T21:55+02:00[Europe/Madrid] vs threshold PT15M
2026-04-10 15:39:32.535 INFO  [main] DataDownload : 📥 Data stale for AKAM [MIN_15]: last candle 2026-04-09T21:45+02:00[Europe/Madrid] vs threshold PT30M
2026-04-10 15:39:32.537 INFO  [main] DataDownload : 📥 Data stale for AKAM [HOUR_1]: last candle 2026-04-09T21:00+02:00[Europe/Madrid] vs threshold PT2H
2026-04-10 15:39:32.538 INFO  [main] DataDownload : 📥 Auto-refreshing data for ticker: AKAM
2026-04-10 15:39:42.269 INFO  [main] DataDownload : ✅ Refreshed 4 timeframes for AKAM
2026-04-10 15:39:42.275 INFO  [main] DataDownload : 📥 Data stale for ALB [MIN_5]: last candle 2026-04-09T21:55+02:00[Europe/Madrid] vs threshold PT15M
2026-04-10 15:39:42.276 INFO  [main] DataDownload : 📥 Data stale for ALB [MIN_15]: last candle 2026-04-09T21:45+02:00[Europe/Madrid] vs threshold PT30M
2026-04-10 15:39:42.277 INFO  [main] DataDownload : 📥 Data stale for ALB [HOUR_1]: last candle 2026-04-09T21:00+02:00[Europe/Madrid] vs threshold PT2H
2026-04-10 15:39:42.278 INFO  [main] DataDownload : 📥 Auto-refreshing data for ticker: ALB
2026-04-10 15:39:52.323 INFO  [main] DataDownload : ✅ Refreshed 4 timeframes for ALB
2026-04-10 15:39:52.338 INFO  [main] DataDownload : 📥 Data stale for ALGN [MIN_5]: last candle 2026-04-09T21:55+02:00[Europe/Madrid] vs threshold PT15M
2026-04-10 15:39:52.343 INFO  [main] DataDownload : 📥 Data stale for ALGN [MIN_15]: last candle 2026-04-09T21:45+02:00[Europe/Madrid] vs threshold PT30M
2026-04-10 15:39:52.349 INFO  [main] DataDownload : 📥 Data stale for ALGN [HOUR_1]: last candle 2026-04-09T21:00+02:00[Europe/Madrid] vs threshold PT2H
2026-04-10 15:39:52.351 INFO  [main] DataDownload : 📥 Auto-refreshing data for ticker: ALGN
2026-04-10 15:40:02.112 INFO  [main] DataDownload : ✅ Refreshed 4 timeframes for ALGN
2026-04-10 15:40:02.128 INFO  [main] DataDownload : 📥 Data stale for ALL [MIN_5]: last candle 2026-04-09T21:55+02:00[Europe/Madrid] vs threshold PT15M
2026-04-10 15:40:02.129 INFO  [main] DataDownload : 📥 Data stale for ALL [MIN_15]: last candle 2026-04-09T21:45+02:00[Europe/Madrid] vs threshold PT30M
2026-04-10 15:40:02.130 INFO  [main] DataDownload : 📥 Data stale for ALL [HOUR_1]: last candle 2026-04-09T21:00+02:00[Europe/Madrid] vs threshold PT2H
2026-04-10 15:40:02.132 INFO  [main] DataDownload : 📥 Auto-refreshing data for ticker: ALL
2026-04-10 15:40:12.299 INFO  [main] DataDownload : ✅ Refreshed 4 timeframes for ALL
2026-04-10 15:40:12.304 INFO  [main] DataDownload : 📥 Data stale for ALLE [MIN_5]: last candle 2026-04-09T21:55+02:00[Europe/Madrid] vs threshold PT15M
2026-04-10 15:40:12.306 INFO  [main] DataDownload : 📥 Data stale for ALLE [MIN_15]: last candle 2026-04-09T21:45+02:00[Europe/Madrid] vs threshold PT30M
2026-04-10 15:40:12.308 INFO  [main] DataDownload : 📥 Data stale for ALLE [HOUR_1]: last candle 2026-04-09T21:00+02:00[Europe/Madrid] vs threshold PT2H
2026-04-10 15:40:12.309 INFO  [main] DataDownload : 📥 Auto-refreshing data for ticker: ALLE
2026-04-10 15:40:32.418 INFO  [main] DataDownload : ✅ Refreshed 4 timeframes for ALLE
2026-04-10 15:40:32.428 INFO  [main] DataDownload : 📥 Data stale for AMAT [MIN_5]: last candle 2026-04-09T21:55+02:00[Europe/Madrid] vs threshold PT15M
2026-04-10 15:40:32.430 INFO  [main] DataDownload : 📥 Data stale for AMAT [MIN_15]: last candle 2026-04-09T21:45+02:00[Europe/Madrid] vs threshold PT30M
2026-04-10 15:40:32.432 INFO  [main] DataDownload : 📥 Data stale for AMAT [HOUR_1]: last candle 2026-04-09T21:00+02:00[Europe/Madrid] vs threshold PT2H
2026-04-10 15:40:32.433 INFO  [main] DataDownload : 📥 Auto-refreshing data for ticker: AMAT
2026-04-10 15:40:42.677 INFO  [main] DataDownload : ✅ Refreshed 4 timeframes for AMAT
2026-04-10 15:40:42.685 INFO  [main] DataDownload : 📥 Data stale for AMCR [MIN_5]: last candle 2026-04-09T21:55+02:00[Europe/Madrid] vs threshold PT15M
2026-04-10 15:40:42.688 INFO  [main] DataDownload : 📥 Data stale for AMCR [MIN_15]: last candle 2026-04-09T21:45+02:00[Europe/Madrid] vs threshold PT30M
2026-04-10 15:40:42.692 INFO  [main] DataDownload : 📥 Data stale for AMCR [HOUR_1]: last candle 2026-04-09T21:00+02:00[Europe/Madrid] vs threshold PT2H
2026-04-10 15:40:42.694 INFO  [main] DataDownload : 📥 Auto-refreshing data for ticker: AMCR
2026-04-10 15:40:52.846 INFO  [main] DataDownload : ✅ Refreshed 4 timeframes for AMCR
2026-04-10 15:40:52.858 INFO  [main] DataDownload : 📥 Data stale for AMDL [MIN_5]: last candle 2026-04-09T21:55+02:00[Europe/Madrid] vs threshold PT15M
2026-04-10 15:40:52.861 INFO  [main] DataDownload : 📥 Data stale for AMDL [MIN_15]: last candle 2026-04-09T21:45+02:00[Europe/Madrid] vs threshold PT30M
2026-04-10 15:40:52.866 INFO  [main] DataDownload : 📥 Data stale for AMDL [HOUR_1]: last candle 2026-04-09T21:00+02:00[Europe/Madrid] vs threshold PT2H
2026-04-10 15:40:52.868 INFO  [main] DataDownload : 📥 Auto-refreshing data for ticker: AMDL
2026-04-10 15:41:02.709 INFO  [main] DataDownload : ✅ Refreshed 4 timeframes for AMDL
2026-04-10 15:41:02.727 INFO  [main] DataDownload : 📥 Data stale for AME [MIN_5]: last candle 2026-04-09T21:55+02:00[Europe/Madrid] vs threshold PT15M
2026-04-10 15:41:02.731 INFO  [main] DataDownload : 📥 Data stale for AME [MIN_15]: last candle 2026-04-09T21:45+02:00[Europe/Madrid] vs threshold PT30M
2026-04-10 15:41:02.735 INFO  [main] DataDownload : 📥 Data stale for AME [HOUR_1]: last candle 2026-04-09T21:00+02:00[Europe/Madrid] vs threshold PT2H
2026-04-10 15:41:02.736 INFO  [main] DataDownload : 📥 Auto-refreshing data for ticker: AME
2026-04-10 15:41:12.783 INFO  [main] DataDownload : ✅ Refreshed 4 timeframes for AME
2026-04-10 15:41:12.794 INFO  [main] DataDownload : 📥 Data stale for AMGN [MIN_5]: last candle 2026-04-09T21:55+02:00[Europe/Madrid] vs threshold PT15M
2026-04-10 15:41:12.796 INFO  [main] DataDownload : 📥 Data stale for AMGN [MIN_15]: last candle 2026-04-09T21:45+02:00[Europe/Madrid] vs threshold PT30M
2026-04-10 15:41:12.800 INFO  [main] DataDownload : 📥 Data stale for AMGN [HOUR_1]: last candle 2026-04-09T21:00+02:00[Europe/Madrid] vs threshold PT2H
2026-04-10 15:41:12.801 INFO  [main] DataDownload : 📥 Auto-refreshing data for ticker: AMGN
2026-04-10 15:41:35.121 INFO  [main] DataDownload : ✅ Refreshed 4 timeframes for AMGN
2026-04-10 15:41:35.130 INFO  [main] DataDownload : 📥 Data stale for AMP [MIN_5]: last candle 2026-04-09T21:55+02:00[Europe/Madrid] vs threshold PT15M
2026-04-10 15:41:35.132 INFO  [main] DataDownload : 📥 Data stale for AMP [MIN_15]: last candle 2026-04-09T21:45+02:00[Europe/Madrid] vs threshold PT30M
2026-04-10 15:41:35.136 INFO  [main] DataDownload : 📥 Data stale for AMP [HOUR_1]: last candle 2026-04-09T21:00+02:00[Europe/Madrid] vs threshold PT2H
2026-04-10 15:41:35.136 INFO  [main] DataDownload : 📥 Auto-refreshing data for ticker: AMP
2026-04-10 15:41:45.175 INFO  [main] DataDownload : ✅ Refreshed 4 timeframes for AMP
2026-04-10 15:41:45.189 INFO  [main] DataDownload : 📥 Data stale for AMT [MIN_5]: last candle 2026-04-09T21:55+02:00[Europe/Madrid] vs threshold PT15M
2026-04-10 15:41:45.191 INFO  [main] DataDownload : 📥 Data stale for AMT [MIN_15]: last candle 2026-04-09T21:45+02:00[Europe/Madrid] vs threshold PT30M
2026-04-10 15:41:45.195 INFO  [main] DataDownload : 📥 Data stale for AMT [HOUR_1]: last candle 2026-04-09T21:00+02:00[Europe/Madrid] vs threshold PT2H
2026-04-10 15:41:45.196 INFO  [main] DataDownload : 📥 Auto-refreshing data for ticker: AMT
2026-04-10 15:41:55.237 INFO  [main] DataDownload : ✅ Refreshed 4 timeframes for AMT
2026-04-10 15:41:55.246 INFO  [main] DataDownload : 📥 Data stale for ANET [MIN_5]: last candle 2026-04-09T21:55+02:00[Europe/Madrid] vs threshold PT15M
2026-04-10 15:41:55.248 INFO  [main] DataDownload : 📥 Data stale for ANET [MIN_15]: last candle 2026-04-09T21:45+02:00[Europe/Madrid] vs threshold PT30M
2026-04-10 15:41:55.251 INFO  [main] DataDownload : 📥 Data stale for ANET [HOUR_1]: last candle 2026-04-09T21:00+02:00[Europe/Madrid] vs threshold PT2H
2026-04-10 15:41:55.253 INFO  [main] DataDownload : 📥 Auto-refreshing data for ticker: ANET
2026-04-10 15:42:05.191 INFO  [main] DataDownload : ✅ Refreshed 4 timeframes for ANET
2026-04-10 15:42:05.198 INFO  [main] DataDownload : 📥 Data stale for AON [MIN_5]: last candle 2026-04-09T21:55+02:00[Europe/Madrid] vs threshold PT15M
2026-04-10 15:42:05.201 INFO  [main] DataDownload : 📥 Data stale for AON [MIN_15]: last candle 2026-04-09T21:45+02:00[Europe/Madrid] vs threshold PT30M
2026-04-10 15:42:05.205 INFO  [main] DataDownload : 📥 Data stale for AON [HOUR_1]: last candle 2026-04-09T21:00+02:00[Europe/Madrid] vs threshold PT2H
2026-04-10 15:42:05.206 INFO  [main] DataDownload : 📥 Auto-refreshing data for ticker: AON
2026-04-10 15:42:15.338 INFO  [main] DataDownload : ✅ Refreshed 4 timeframes for AON
2026-04-10 15:42:15.348 INFO  [main] DataDownload : 📥 Data stale for AOS [MIN_5]: last candle 2026-04-09T21:55+02:00[Europe/Madrid] vs threshold PT15M
2026-04-10 15:42:15.349 INFO  [main] DataDownload : 📥 Data stale for AOS [MIN_15]: last candle 2026-04-09T21:45+02:00[Europe/Madrid] vs threshold PT30M
2026-04-10 15:42:15.351 INFO  [main] DataDownload : 📥 Data stale for AOS [HOUR_1]: last candle 2026-04-09T21:00+02:00[Europe/Madrid] vs threshold PT2H
2026-04-10 15:42:15.352 INFO  [main] DataDownload : 📥 Auto-refreshing data for ticker: AOS
2026-04-10 15:42:34.949 INFO  [main] DataDownload : ✅ Refreshed 4 timeframes for AOS
2026-04-10 15:42:34.956 INFO  [main] DataDownload : 📥 Data stale for APA [MIN_5]: last candle 2026-04-09T21:55+02:00[Europe/Madrid] vs threshold PT15M
2026-04-10 15:42:34.957 INFO  [main] DataDownload : 📥 Data stale for APA [MIN_15]: last candle 2026-04-09T21:45+02:00[Europe/Madrid] vs threshold PT30M
2026-04-10 15:42:34.959 INFO  [main] DataDownload : 📥 Data stale for APA [HOUR_1]: last candle 2026-04-09T21:00+02:00[Europe/Madrid] vs threshold PT2H
2026-04-10 15:42:34.961 INFO  [main] DataDownload : 📥 Auto-refreshing data for ticker: APA
2026-04-10 16:28:28.728 INFO  [main] DataDownload : 📥 Data stale for AAPL [MIN_5]: last candle 2026-04-09T21:55+02:00[Europe/Madrid] vs threshold PT15M - downloading delta
2026-04-10 16:28:28.734 ERROR [main] DataDownload : ❌ Failed to download AAPL [MIN_5]: Failed to connect to TWS at 127.0.0.1:7497
2026-04-10 16:28:28.749 INFO  [main] DataDownload : 📥 Data stale for AAPL [MIN_15]: last candle 2026-04-09T21:45+02:00[Europe/Madrid] vs threshold PT30M - downloading delta
2026-04-10 16:28:28.754 ERROR [main] DataDownload : ❌ Failed to download AAPL [MIN_15]: Failed to connect to TWS at 127.0.0.1:7497
2026-04-10 16:28:28.762 INFO  [main] DataDownload : 📥 Data stale for AAPL [HOUR_1]: last candle 2026-04-09T21:00+02:00[Europe/Madrid] vs threshold PT2H - downloading delta
2026-04-10 16:28:28.768 ERROR [main] DataDownload : ❌ Failed to download AAPL [HOUR_1]: Failed to connect to TWS at 127.0.0.1:7497
2026-04-10 16:28:28.799 INFO  [main] DataDownload : 📥 Data stale for AMD [MIN_5]: last candle 2026-04-09T21:55+02:00[Europe/Madrid] vs threshold PT15M - downloading delta
2026-04-10 16:28:28.804 ERROR [main] DataDownload : ❌ Failed to download AMD [MIN_5]: Failed to connect to TWS at 127.0.0.1:7497
2026-04-10 16:28:28.810 INFO  [main] DataDownload : 📥 Data stale for AMD [MIN_15]: last candle 2026-04-09T21:45+02:00[Europe/Madrid] vs threshold PT30M - downloading delta
2026-04-10 16:28:28.815 ERROR [main] DataDownload : ❌ Failed to download AMD [MIN_15]: Failed to connect to TWS at 127.0.0.1:7497
2026-04-10 16:28:28.822 INFO  [main] DataDownload : 📥 Data stale for AMD [HOUR_1]: last candle 2026-04-09T21:00+02:00[Europe/Madrid] vs threshold PT2H - downloading delta
2026-04-10 16:28:28.827 ERROR [main] DataDownload : ❌ Failed to download AMD [HOUR_1]: Failed to connect to TWS at 127.0.0.1:7497
2026-04-10 16:28:28.844 INFO  [main] DataDownload : 📥 Data stale for AMZN [MIN_5]: last candle 2026-04-09T21:55+02:00[Europe/Madrid] vs threshold PT15M - downloading delta
2026-04-10 16:28:28.848 ERROR [main] DataDownload : ❌ Failed to download AMZN [MIN_5]: Failed to connect to TWS at 127.0.0.1:7497
2026-04-10 16:28:28.860 INFO  [main] DataDownload : 📥 Data stale for AMZN [MIN_15]: last candle 2026-04-09T21:45+02:00[Europe/Madrid] vs threshold PT30M - downloading delta
2026-04-10 16:28:28.864 ERROR [main] DataDownload : ❌ Failed to download AMZN [MIN_15]: Failed to connect to TWS at 127.0.0.1:7497
2026-04-10 16:28:28.870 INFO  [main] DataDownload : 📥 Data stale for AMZN [HOUR_1]: last candle 2026-04-09T21:00+02:00[Europe/Madrid] vs threshold PT2H - downloading delta
2026-04-10 16:28:28.873 ERROR [main] DataDownload : ❌ Failed to download AMZN [HOUR_1]: Failed to connect to TWS at 127.0.0.1:7497
2026-04-10 16:28:28.889 INFO  [main] DataDownload : 📥 Data stale for GOOGL [MIN_5]: last candle 2026-04-09T21:55+02:00[Europe/Madrid] vs threshold PT15M - downloading delta
2026-04-10 16:28:28.894 ERROR [main] DataDownload : ❌ Failed to download GOOGL [MIN_5]: Failed to connect to TWS at 127.0.0.1:7497
2026-04-10 16:28:28.918 INFO  [main] DataDownload : 📥 Data stale for GOOGL [MIN_15]: last candle 2026-04-09T21:45+02:00[Europe/Madrid] vs threshold PT30M - downloading delta
2026-04-10 16:28:28.924 ERROR [main] DataDownload : ❌ Failed to download GOOGL [MIN_15]: Failed to connect to TWS at 127.0.0.1:7497
2026-04-10 16:28:29.041 INFO  [main] DataDownload : 📥 Data stale for GOOGL [HOUR_1]: last candle 2026-04-09T21:00+02:00[Europe/Madrid] vs threshold PT2H - downloading delta
2026-04-10 16:28:29.048 ERROR [main] DataDownload : ❌ Failed to download GOOGL [HOUR_1]: Failed to connect to TWS at 127.0.0.1:7497
2026-04-10 16:28:29.102 INFO  [main] DataDownload : 📥 Data stale for JNJ [MIN_5]: last candle 2026-04-09T21:55+02:00[Europe/Madrid] vs threshold PT15M - downloading delta
2026-04-10 16:28:29.109 ERROR [main] DataDownload : ❌ Failed to download JNJ [MIN_5]: Failed to connect to TWS at 127.0.0.1:7497
2026-04-10 16:28:29.122 INFO  [main] DataDownload : 📥 Data stale for JNJ [MIN_15]: last candle 2026-04-09T21:45+02:00[Europe/Madrid] vs threshold PT30M - downloading delta
2026-04-10 16:28:29.130 ERROR [main] DataDownload : ❌ Failed to download JNJ [MIN_15]: Failed to connect to TWS at 127.0.0.1:7497
2026-04-10 16:28:29.146 INFO  [main] DataDownload : 📥 Data stale for JNJ [HOUR_1]: last candle 2026-04-09T21:00+02:00[Europe/Madrid] vs threshold PT2H - downloading delta
2026-04-10 16:28:29.154 ERROR [main] DataDownload : ❌ Failed to download JNJ [HOUR_1]: Failed to connect to TWS at 127.0.0.1:7497
2026-04-10 16:28:29.189 INFO  [main] DataDownload : 📥 Data stale for JPM [MIN_5]: last candle 2026-04-09T21:55+02:00[Europe/Madrid] vs threshold PT15M - downloading delta
2026-04-10 16:28:29.209 ERROR [main] DataDownload : ❌ Failed to download JPM [MIN_5]: Failed to connect to TWS at 127.0.0.1:7497
2026-04-10 16:28:29.340 INFO  [main] DataDownload : 📥 Data stale for JPM [MIN_15]: last candle 2026-04-09T21:45+02:00[Europe/Madrid] vs threshold PT30M - downloading delta
2026-04-10 16:28:29.349 ERROR [main] DataDownload : ❌ Failed to download JPM [MIN_15]: Failed to connect to TWS at 127.0.0.1:7497
2026-04-10 16:28:29.368 INFO  [main] DataDownload : 📥 Data stale for JPM [HOUR_1]: last candle 2026-04-09T21:00+02:00[Europe/Madrid] vs threshold PT2H - downloading delta
2026-04-10 16:28:29.375 ERROR [main] DataDownload : ❌ Failed to download JPM [HOUR_1]: Failed to connect to TWS at 127.0.0.1:7497
2026-04-10 16:28:29.411 INFO  [main] DataDownload : 📥 Data stale for META [MIN_5]: last candle 2026-04-09T21:55+02:00[Europe/Madrid] vs threshold PT15M - downloading delta
2026-04-10 16:28:29.422 ERROR [main] DataDownload : ❌ Failed to download META [MIN_5]: Failed to connect to TWS at 127.0.0.1:7497
2026-04-10 16:28:29.445 INFO  [main] DataDownload : 📥 Data stale for META [MIN_15]: last candle 2026-04-09T21:45+02:00[Europe/Madrid] vs threshold PT30M - downloading delta
2026-04-10 16:28:29.460 ERROR [main] DataDownload : ❌ Failed to download META [MIN_15]: Failed to connect to TWS at 127.0.0.1:7497
2026-04-10 16:28:29.474 INFO  [main] DataDownload : 📥 Data stale for META [HOUR_1]: last candle 2026-04-09T21:00+02:00[Europe/Madrid] vs threshold PT2H - downloading delta
2026-04-10 16:28:29.550 ERROR [main] DataDownload : ❌ Failed to download META [HOUR_1]: Failed to connect to TWS at 127.0.0.1:7497
2026-04-10 16:28:29.584 INFO  [main] DataDownload : 📥 Data stale for MSFT [MIN_5]: last candle 2026-04-09T21:55+02:00[Europe/Madrid] vs threshold PT15M - downloading delta
2026-04-10 16:28:29.591 ERROR [main] DataDownload : ❌ Failed to download MSFT [MIN_5]: Failed to connect to TWS at 127.0.0.1:7497
2026-04-10 16:28:29.603 INFO  [main] DataDownload : 📥 Data stale for MSFT [MIN_15]: last candle 2026-04-09T21:45+02:00[Europe/Madrid] vs threshold PT30M - downloading delta
2026-04-10 16:28:29.613 ERROR [main] DataDownload : ❌ Failed to download MSFT [MIN_15]: Failed to connect to TWS at 127.0.0.1:7497
2026-04-10 16:28:29.628 INFO  [main] DataDownload : 📥 Data stale for MSFT [HOUR_1]: last candle 2026-04-09T21:00+02:00[Europe/Madrid] vs threshold PT2H - downloading delta
2026-04-10 16:28:29.635 ERROR [main] DataDownload : ❌ Failed to download MSFT [HOUR_1]: Failed to connect to TWS at 127.0.0.1:7497
2026-04-10 16:28:29.669 INFO  [main] DataDownload : 📥 Data stale for NVDA [MIN_5]: last candle 2026-04-09T21:55+02:00[Europe/Madrid] vs threshold PT15M - downloading delta
2026-04-10 16:28:29.675 ERROR [main] DataDownload : ❌ Failed to download NVDA [MIN_5]: Failed to connect to TWS at 127.0.0.1:7497
2026-04-10 16:28:29.683 INFO  [main] DataDownload : 📥 Data stale for NVDA [MIN_15]: last candle 2026-04-09T21:45+02:00[Europe/Madrid] vs threshold PT30M - downloading delta
2026-04-10 16:28:29.687 ERROR [main] DataDownload : ❌ Failed to download NVDA [MIN_15]: Failed to connect to TWS at 127.0.0.1:7497
2026-04-10 16:28:29.693 INFO  [main] DataDownload : 📥 Data stale for NVDA [HOUR_1]: last candle 2026-04-09T21:00+02:00[Europe/Madrid] vs threshold PT2H - downloading delta
2026-04-10 16:28:29.697 ERROR [main] DataDownload : ❌ Failed to download NVDA [HOUR_1]: Failed to connect to TWS at 127.0.0.1:7497
2026-04-10 16:28:29.711 INFO  [main] DataDownload : 📥 Data stale for QQQ [MIN_5]: last candle 2026-04-09T21:55+02:00[Europe/Madrid] vs threshold PT15M - downloading delta
2026-04-10 16:28:29.715 ERROR [main] DataDownload : ❌ Failed to download QQQ [MIN_5]: Failed to connect to TWS at 127.0.0.1:7497
2026-04-10 16:28:29.721 INFO  [main] DataDownload : 📥 Data stale for QQQ [MIN_15]: last candle 2026-04-09T21:45+02:00[Europe/Madrid] vs threshold PT30M - downloading delta
2026-04-10 16:28:29.725 ERROR [main] DataDownload : ❌ Failed to download QQQ [MIN_15]: Failed to connect to TWS at 127.0.0.1:7497
2026-04-10 16:28:29.731 INFO  [main] DataDownload : 📥 Data stale for QQQ [HOUR_1]: last candle 2026-04-09T21:00+02:00[Europe/Madrid] vs threshold PT2H - downloading delta
2026-04-10 16:28:29.735 ERROR [main] DataDownload : ❌ Failed to download QQQ [HOUR_1]: Failed to connect to TWS at 127.0.0.1:7497
2026-04-10 16:28:29.748 INFO  [main] DataDownload : 📥 Data stale for SPY [MIN_5]: last candle 2026-04-09T21:55+02:00[Europe/Madrid] vs threshold PT15M - downloading delta
2026-04-10 16:28:29.751 ERROR [main] DataDownload : ❌ Failed to download SPY [MIN_5]: Failed to connect to TWS at 127.0.0.1:7497
2026-04-10 16:28:29.762 INFO  [main] DataDownload : 📥 Data stale for SPY [MIN_15]: last candle 2026-04-09T21:45+02:00[Europe/Madrid] vs threshold PT30M - downloading delta
2026-04-10 16:28:29.767 ERROR [main] DataDownload : ❌ Failed to download SPY [MIN_15]: Failed to connect to TWS at 127.0.0.1:7497
2026-04-10 16:28:29.782 INFO  [main] DataDownload : 📥 Data stale for SPY [HOUR_1]: last candle 2026-04-09T21:00+02:00[Europe/Madrid] vs threshold PT2H - downloading delta
2026-04-10 16:28:29.787 ERROR [main] DataDownload : ❌ Failed to download SPY [HOUR_1]: Failed to connect to TWS at 127.0.0.1:7497
2026-04-10 16:28:29.812 INFO  [main] DataDownload : 📥 Data stale for TSLA [MIN_5]: last candle 2026-04-09T21:55+02:00[Europe/Madrid] vs threshold PT15M - downloading delta
2026-04-10 16:28:29.817 ERROR [main] DataDownload : ❌ Failed to download TSLA [MIN_5]: Failed to connect to TWS at 127.0.0.1:7497
2026-04-10 16:28:29.829 INFO  [main] DataDownload : 📥 Data stale for TSLA [MIN_15]: last candle 2026-04-09T21:45+02:00[Europe/Madrid] vs threshold PT30M - downloading delta
2026-04-10 16:28:29.833 ERROR [main] DataDownload : ❌ Failed to download TSLA [MIN_15]: Failed to connect to TWS at 127.0.0.1:7497
2026-04-10 16:28:29.843 INFO  [main] DataDownload : 📥 Data stale for TSLA [HOUR_1]: last candle 2026-04-09T21:00+02:00[Europe/Madrid] vs threshold PT2H - downloading delta
2026-04-10 16:28:29.849 ERROR [main] DataDownload : ❌ Failed to download TSLA [HOUR_1]: Failed to connect to TWS at 127.0.0.1:7497
2026-04-10 16:28:29.878 INFO  [main] DataDownload : 📥 Data stale for V [MIN_5]: last candle 2026-04-09T21:55+02:00[Europe/Madrid] vs threshold PT15M - downloading delta
2026-04-10 16:28:29.884 ERROR [main] DataDownload : ❌ Failed to download V [MIN_5]: Failed to connect to TWS at 127.0.0.1:7497
2026-04-10 16:28:29.898 INFO  [main] DataDownload : 📥 Data stale for V [MIN_15]: last candle 2026-04-09T21:45+02:00[Europe/Madrid] vs threshold PT30M - downloading delta
2026-04-10 16:28:29.904 ERROR [main] DataDownload : ❌ Failed to download V [MIN_15]: Failed to connect to TWS at 127.0.0.1:7497
2026-04-10 16:28:29.914 INFO  [main] DataDownload : 📥 Data stale for V [HOUR_1]: last candle 2026-04-09T21:00+02:00[Europe/Madrid] vs threshold PT2H - downloading delta
2026-04-10 16:28:29.918 ERROR [main] DataDownload : ❌ Failed to download V [HOUR_1]: Failed to connect to TWS at 127.0.0.1:7497
2026-04-10 16:28:29.932 INFO  [main] DataDownload : 📥 Data stale for XOM [MIN_5]: last candle 2026-04-09T21:55+02:00[Europe/Madrid] vs threshold PT15M - downloading delta
2026-04-10 16:28:29.936 ERROR [main] DataDownload : ❌ Failed to download XOM [MIN_5]: Failed to connect to TWS at 127.0.0.1:7497
2026-04-10 16:28:29.942 INFO  [main] DataDownload : 📥 Data stale for XOM [MIN_15]: last candle 2026-04-09T21:45+02:00[Europe/Madrid] vs threshold PT30M - downloading delta
2026-04-10 16:28:29.946 ERROR [main] DataDownload : ❌ Failed to download XOM [MIN_15]: Failed to connect to TWS at 127.0.0.1:7497
2026-04-10 16:28:29.956 INFO  [main] DataDownload : 📥 Data stale for XOM [HOUR_1]: last candle 2026-04-09T21:00+02:00[Europe/Madrid] vs threshold PT2H - downloading delta
2026-04-10 16:28:29.962 ERROR [main] DataDownload : ❌ Failed to download XOM [HOUR_1]: Failed to connect to TWS at 127.0.0.1:7497
2026-04-10 16:28:29.992 INFO  [main] DataDownload : 📥 Data stale for A [MIN_5]: last candle 2026-04-09T21:55+02:00[Europe/Madrid] vs threshold PT15M - downloading delta
2026-04-10 16:28:29.999 ERROR [main] DataDownload : ❌ Failed to download A [MIN_5]: Failed to connect to TWS at 127.0.0.1:7497
2026-04-10 16:28:30.009 INFO  [main] DataDownload : 📥 Data stale for A [MIN_15]: last candle 2026-04-09T21:45+02:00[Europe/Madrid] vs threshold PT30M - downloading delta
2026-04-10 16:28:30.015 ERROR [main] DataDownload : ❌ Failed to download A [MIN_15]: Failed to connect to TWS at 127.0.0.1:7497
2026-04-10 16:28:30.024 INFO  [main] DataDownload : 📥 Data stale for A [HOUR_1]: last candle 2026-04-09T21:00+02:00[Europe/Madrid] vs threshold PT2H - downloading delta
2026-04-10 16:28:30.029 ERROR [main] DataDownload : ❌ Failed to download A [HOUR_1]: Failed to connect to TWS at 127.0.0.1:7497
2026-04-10 16:28:30.051 INFO  [main] DataDownload : 📥 Data stale for AAL [MIN_5]: last candle 2026-04-09T21:55+02:00[Europe/Madrid] vs threshold PT15M - downloading delta
2026-04-10 16:28:30.056 ERROR [main] DataDownload : ❌ Failed to download AAL [MIN_5]: Failed to connect to TWS at 127.0.0.1:7497
2026-04-10 16:28:30.065 INFO  [main] DataDownload : 📥 Data stale for AAL [MIN_15]: last candle 2026-04-09T21:45+02:00[Europe/Madrid] vs threshold PT30M - downloading delta
2026-04-10 16:28:30.071 ERROR [main] DataDownload : ❌ Failed to download AAL [MIN_15]: Failed to connect to TWS at 127.0.0.1:7497
2026-04-10 16:28:30.078 INFO  [main] DataDownload : 📥 Data stale for AAL [HOUR_1]: last candle 2026-04-09T21:00+02:00[Europe/Madrid] vs threshold PT2H - downloading delta
2026-04-10 16:28:30.083 ERROR [main] DataDownload : ❌ Failed to download AAL [HOUR_1]: Failed to connect to TWS at 127.0.0.1:7497
2026-04-10 16:28:30.095 INFO  [main] DataDownload : 📥 Data stale for ABBV [MIN_5]: last candle 2026-04-09T21:55+02:00[Europe/Madrid] vs threshold PT15M - downloading delta
2026-04-10 16:28:30.099 ERROR [main] DataDownload : ❌ Failed to download ABBV [MIN_5]: Failed to connect to TWS at 127.0.0.1:7497
2026-04-10 16:28:30.104 INFO  [main] DataDownload : 📥 Data stale for ABBV [MIN_15]: last candle 2026-04-09T21:45+02:00[Europe/Madrid] vs threshold PT30M - downloading delta
2026-04-10 16:28:30.108 ERROR [main] DataDownload : ❌ Failed to download ABBV [MIN_15]: Failed to connect to TWS at 127.0.0.1:7497
2026-04-10 16:28:30.113 INFO  [main] DataDownload : 📥 Data stale for ABBV [HOUR_1]: last candle 2026-04-09T21:00+02:00[Europe/Madrid] vs threshold PT2H - downloading delta
2026-04-10 16:28:30.117 ERROR [main] DataDownload : ❌ Failed to download ABBV [HOUR_1]: Failed to connect to TWS at 127.0.0.1:7497
2026-04-10 16:28:30.131 INFO  [main] DataDownload : 📥 Data stale for ABNB [MIN_5]: last candle 2026-04-09T21:55+02:00[Europe/Madrid] vs threshold PT15M - downloading delta
2026-04-10 16:28:30.135 ERROR [main] DataDownload : ❌ Failed to download ABNB [MIN_5]: Failed to connect to TWS at 127.0.0.1:7497
2026-04-10 16:28:30.142 INFO  [main] DataDownload : 📥 Data stale for ABNB [MIN_15]: last candle 2026-04-09T21:45+02:00[Europe/Madrid] vs threshold PT30M - downloading delta
2026-04-10 16:28:30.146 ERROR [main] DataDownload : ❌ Failed to download ABNB [MIN_15]: Failed to connect to TWS at 127.0.0.1:7497
2026-04-10 16:28:30.152 INFO  [main] DataDownload : 📥 Data stale for ABNB [HOUR_1]: last candle 2026-04-09T21:00+02:00[Europe/Madrid] vs threshold PT2H - downloading delta
2026-04-10 16:28:30.155 ERROR [main] DataDownload : ❌ Failed to download ABNB [HOUR_1]: Failed to connect to TWS at 127.0.0.1:7497
2026-04-10 16:28:30.176 INFO  [main] DataDownload : 📥 Data stale for ABT [MIN_5]: last candle 2026-04-09T21:55+02:00[Europe/Madrid] vs threshold PT15M - downloading delta
2026-04-10 16:28:30.182 ERROR [main] DataDownload : ❌ Failed to download ABT [MIN_5]: Failed to connect to TWS at 127.0.0.1:7497
2026-04-10 16:28:30.194 INFO  [main] DataDownload : 📥 Data stale for ABT [MIN_15]: last candle 2026-04-09T21:45+02:00[Europe/Madrid] vs threshold PT30M - downloading delta
2026-04-10 16:28:30.198 ERROR [main] DataDownload : ❌ Failed to download ABT [MIN_15]: Failed to connect to TWS at 127.0.0.1:7497
2026-04-10 16:28:30.208 INFO  [main] DataDownload : 📥 Data stale for ABT [HOUR_1]: last candle 2026-04-09T21:00+02:00[Europe/Madrid] vs threshold PT2H - downloading delta
2026-04-10 16:28:30.215 ERROR [main] DataDownload : ❌ Failed to download ABT [HOUR_1]: Failed to connect to TWS at 127.0.0.1:7497
2026-04-10 16:28:30.228 INFO  [main] DataDownload : 📥 Data stale for ACGL [MIN_5]: last candle 2026-04-09T21:55+02:00[Europe/Madrid] vs threshold PT15M - downloading delta
2026-04-10 16:28:30.233 ERROR [main] DataDownload : ❌ Failed to download ACGL [MIN_5]: Failed to connect to TWS at 127.0.0.1:7497
2026-04-10 16:28:30.242 INFO  [main] DataDownload : 📥 Data stale for ACGL [MIN_15]: last candle 2026-04-09T21:45+02:00[Europe/Madrid] vs threshold PT30M - downloading delta
2026-04-10 16:28:30.247 ERROR [main] DataDownload : ❌ Failed to download ACGL [MIN_15]: Failed to connect to TWS at 127.0.0.1:7497
2026-04-10 16:28:30.254 INFO  [main] DataDownload : 📥 Data stale for ACGL [HOUR_1]: last candle 2026-04-09T21:00+02:00[Europe/Madrid] vs threshold PT2H - downloading delta
2026-04-10 16:28:30.259 ERROR [main] DataDownload : ❌ Failed to download ACGL [HOUR_1]: Failed to connect to TWS at 127.0.0.1:7497
2026-04-10 16:28:30.276 INFO  [main] DataDownload : 📥 Data stale for ACN [MIN_5]: last candle 2026-04-09T21:55+02:00[Europe/Madrid] vs threshold PT15M - downloading delta
2026-04-10 16:28:30.280 ERROR [main] DataDownload : ❌ Failed to download ACN [MIN_5]: Failed to connect to TWS at 127.0.0.1:7497
2026-04-10 16:28:30.289 INFO  [main] DataDownload : 📥 Data stale for ACN [MIN_15]: last candle 2026-04-09T21:45+02:00[Europe/Madrid] vs threshold PT30M - downloading delta
2026-04-10 16:28:30.294 ERROR [main] DataDownload : ❌ Failed to download ACN [MIN_15]: Failed to connect to TWS at 127.0.0.1:7497
2026-04-10 16:28:30.301 INFO  [main] DataDownload : 📥 Data stale for ACN [HOUR_1]: last candle 2026-04-09T21:00+02:00[Europe/Madrid] vs threshold PT2H - downloading delta
2026-04-10 16:28:30.306 ERROR [main] DataDownload : ❌ Failed to download ACN [HOUR_1]: Failed to connect to TWS at 127.0.0.1:7497
2026-04-10 16:28:30.320 INFO  [main] DataDownload : 📥 Data stale for ADBE [MIN_5]: last candle 2026-04-09T21:55+02:00[Europe/Madrid] vs threshold PT15M - downloading delta
2026-04-10 16:28:30.324 ERROR [main] DataDownload : ❌ Failed to download ADBE [MIN_5]: Failed to connect to TWS at 127.0.0.1:7497
2026-04-10 16:28:30.334 INFO  [main] DataDownload : 📥 Data stale for ADBE [MIN_15]: last candle 2026-04-09T21:45+02:00[Europe/Madrid] vs threshold PT30M - downloading delta
2026-04-10 16:28:30.339 ERROR [main] DataDownload : ❌ Failed to download ADBE [MIN_15]: Failed to connect to TWS at 127.0.0.1:7497
2026-04-10 16:28:30.344 INFO  [main] DataDownload : 📥 Data stale for ADBE [HOUR_1]: last candle 2026-04-09T21:00+02:00[Europe/Madrid] vs threshold PT2H - downloading delta
2026-04-10 16:28:30.349 ERROR [main] DataDownload : ❌ Failed to download ADBE [HOUR_1]: Failed to connect to TWS at 127.0.0.1:7497
2026-04-10 16:28:30.364 INFO  [main] DataDownload : 📥 Data stale for ADI [MIN_5]: last candle 2026-04-09T21:55+02:00[Europe/Madrid] vs threshold PT15M - downloading delta
2026-04-10 16:28:30.368 ERROR [main] DataDownload : ❌ Failed to download ADI [MIN_5]: Failed to connect to TWS at 127.0.0.1:7497
2026-04-10 16:28:30.377 INFO  [main] DataDownload : 📥 Data stale for ADI [MIN_15]: last candle 2026-04-09T21:45+02:00[Europe/Madrid] vs threshold PT30M - downloading delta
2026-04-10 16:28:30.382 ERROR [main] DataDownload : ❌ Failed to download ADI [MIN_15]: Failed to connect to TWS at 127.0.0.1:7497
2026-04-10 16:28:30.393 INFO  [main] DataDownload : 📥 Data stale for ADI [HOUR_1]: last candle 2026-04-09T21:00+02:00[Europe/Madrid] vs threshold PT2H - downloading delta
2026-04-10 16:28:30.400 ERROR [main] DataDownload : ❌ Failed to download ADI [HOUR_1]: Failed to connect to TWS at 127.0.0.1:7497
2026-04-10 16:28:30.419 INFO  [main] DataDownload : 📥 Data stale for ADM [MIN_5]: last candle 2026-04-09T21:55+02:00[Europe/Madrid] vs threshold PT15M - downloading delta
2026-04-10 16:28:30.426 ERROR [main] DataDownload : ❌ Failed to download ADM [MIN_5]: Failed to connect to TWS at 127.0.0.1:7497
2026-04-10 16:28:30.434 INFO  [main] DataDownload : 📥 Data stale for ADM [MIN_15]: last candle 2026-04-09T21:45+02:00[Europe/Madrid] vs threshold PT30M - downloading delta
2026-04-10 16:28:30.439 ERROR [main] DataDownload : ❌ Failed to download ADM [MIN_15]: Failed to connect to TWS at 127.0.0.1:7497
2026-04-10 16:28:30.446 INFO  [main] DataDownload : 📥 Data stale for ADM [HOUR_1]: last candle 2026-04-09T21:00+02:00[Europe/Madrid] vs threshold PT2H - downloading delta
2026-04-10 16:28:30.451 ERROR [main] DataDownload : ❌ Failed to download ADM [HOUR_1]: Failed to connect to TWS at 127.0.0.1:7497
2026-04-10 16:28:30.465 INFO  [main] DataDownload : 📥 Data stale for ADP [MIN_5]: last candle 2026-04-09T21:55+02:00[Europe/Madrid] vs threshold PT15M - downloading delta
2026-04-10 16:28:30.469 ERROR [main] DataDownload : ❌ Failed to download ADP [MIN_5]: Failed to connect to TWS at 127.0.0.1:7497
2026-04-10 16:28:30.477 INFO  [main] DataDownload : 📥 Data stale for ADP [MIN_15]: last candle 2026-04-09T21:45+02:00[Europe/Madrid] vs threshold PT30M - downloading delta
2026-04-10 16:28:30.481 ERROR [main] DataDownload : ❌ Failed to download ADP [MIN_15]: Failed to connect to TWS at 127.0.0.1:7497
2026-04-10 16:28:30.487 INFO  [main] DataDownload : 📥 Data stale for ADP [HOUR_1]: last candle 2026-04-09T21:00+02:00[Europe/Madrid] vs threshold PT2H - downloading delta
2026-04-10 16:28:30.491 ERROR [main] DataDownload : ❌ Failed to download ADP [HOUR_1]: Failed to connect to TWS at 127.0.0.1:7497
2026-04-10 16:28:30.503 INFO  [main] DataDownload : 📥 Data stale for ADSK [MIN_5]: last candle 2026-04-09T21:55+02:00[Europe/Madrid] vs threshold PT15M - downloading delta
2026-04-10 16:28:30.507 ERROR [main] DataDownload : ❌ Failed to download ADSK [MIN_5]: Failed to connect to TWS at 127.0.0.1:7497
2026-04-10 16:28:30.512 INFO  [main] DataDownload : 📥 Data stale for ADSK [MIN_15]: last candle 2026-04-09T21:45+02:00[Europe/Madrid] vs threshold PT30M - downloading delta
2026-04-10 16:28:30.516 ERROR [main] DataDownload : ❌ Failed to download ADSK [MIN_15]: Failed to connect to TWS at 127.0.0.1:7497
2026-04-10 16:28:30.521 INFO  [main] DataDownload : 📥 Data stale for ADSK [HOUR_1]: last candle 2026-04-09T21:00+02:00[Europe/Madrid] vs threshold PT2H - downloading delta
2026-04-10 16:28:30.525 ERROR [main] DataDownload : ❌ Failed to download ADSK [HOUR_1]: Failed to connect to TWS at 127.0.0.1:7497
2026-04-10 16:28:30.540 INFO  [main] DataDownload : 📥 Data stale for AEE [MIN_5]: last candle 2026-04-09T21:55+02:00[Europe/Madrid] vs threshold PT15M - downloading delta
2026-04-10 16:28:30.544 ERROR [main] DataDownload : ❌ Failed to download AEE [MIN_5]: Failed to connect to TWS at 127.0.0.1:7497
2026-04-10 16:28:30.549 INFO  [main] DataDownload : 📥 Data stale for AEE [MIN_15]: last candle 2026-04-09T21:45+02:00[Europe/Madrid] vs threshold PT30M - downloading delta
2026-04-10 16:28:30.553 ERROR [main] DataDownload : ❌ Failed to download AEE [MIN_15]: Failed to connect to TWS at 127.0.0.1:7497
2026-04-10 16:28:30.558 INFO  [main] DataDownload : 📥 Data stale for AEE [HOUR_1]: last candle 2026-04-09T21:00+02:00[Europe/Madrid] vs threshold PT2H - downloading delta
2026-04-10 16:28:30.562 ERROR [main] DataDownload : ❌ Failed to download AEE [HOUR_1]: Failed to connect to TWS at 127.0.0.1:7497
2026-04-10 16:28:30.577 INFO  [main] DataDownload : 📥 Data stale for AEP [MIN_5]: last candle 2026-04-09T21:55+02:00[Europe/Madrid] vs threshold PT15M - downloading delta
2026-04-10 16:28:30.584 ERROR [main] DataDownload : ❌ Failed to download AEP [MIN_5]: Failed to connect to TWS at 127.0.0.1:7497
2026-04-10 16:28:30.596 INFO  [main] DataDownload : 📥 Data stale for AEP [MIN_15]: last candle 2026-04-09T21:45+02:00[Europe/Madrid] vs threshold PT30M - downloading delta
2026-04-10 16:28:30.602 ERROR [main] DataDownload : ❌ Failed to download AEP [MIN_15]: Failed to connect to TWS at 127.0.0.1:7497
2026-04-10 16:28:30.610 INFO  [main] DataDownload : 📥 Data stale for AEP [HOUR_1]: last candle 2026-04-09T21:00+02:00[Europe/Madrid] vs threshold PT2H - downloading delta
2026-04-10 16:28:30.614 ERROR [main] DataDownload : ❌ Failed to download AEP [HOUR_1]: Failed to connect to TWS at 127.0.0.1:7497
2026-04-10 16:28:30.631 INFO  [main] DataDownload : 📥 Data stale for AES [MIN_5]: last candle 2026-04-09T21:55+02:00[Europe/Madrid] vs threshold PT15M - downloading delta
2026-04-10 16:28:30.636 ERROR [main] DataDownload : ❌ Failed to download AES [MIN_5]: Failed to connect to TWS at 127.0.0.1:7497
2026-04-10 16:28:30.647 INFO  [main] DataDownload : 📥 Data stale for AES [MIN_15]: last candle 2026-04-09T21:45+02:00[Europe/Madrid] vs threshold PT30M - downloading delta
2026-04-10 16:28:30.653 ERROR [main] DataDownload : ❌ Failed to download AES [MIN_15]: Failed to connect to TWS at 127.0.0.1:7497
2026-04-10 16:28:30.662 INFO  [main] DataDownload : 📥 Data stale for AES [HOUR_1]: last candle 2026-04-09T21:00+02:00[Europe/Madrid] vs threshold PT2H - downloading delta
2026-04-10 16:28:30.667 ERROR [main] DataDownload : ❌ Failed to download AES [HOUR_1]: Failed to connect to TWS at 127.0.0.1:7497
2026-04-10 16:28:30.685 INFO  [main] DataDownload : 📥 Data stale for AFG [MIN_5]: last candle 2026-04-09T21:55+02:00[Europe/Madrid] vs threshold PT15M - downloading delta
2026-04-10 16:28:30.689 ERROR [main] DataDownload : ❌ Failed to download AFG [MIN_5]: Failed to connect to TWS at 127.0.0.1:7497
2026-04-10 16:28:30.698 INFO  [main] DataDownload : 📥 Data stale for AFG [MIN_15]: last candle 2026-04-09T21:45+02:00[Europe/Madrid] vs threshold PT30M - downloading delta
2026-04-10 16:28:30.703 ERROR [main] DataDownload : ❌ Failed to download AFG [MIN_15]: Failed to connect to TWS at 127.0.0.1:7497
2026-04-10 16:28:30.711 INFO  [main] DataDownload : 📥 Data stale for AFG [HOUR_1]: last candle 2026-04-09T21:00+02:00[Europe/Madrid] vs threshold PT2H - downloading delta
2026-04-10 16:28:30.715 ERROR [main] DataDownload : ❌ Failed to download AFG [HOUR_1]: Failed to connect to TWS at 127.0.0.1:7497
2026-04-10 16:28:30.727 INFO  [main] DataDownload : 📥 Data stale for AFL [MIN_5]: last candle 2026-04-09T21:55+02:00[Europe/Madrid] vs threshold PT15M - downloading delta
2026-04-10 16:28:30.731 ERROR [main] DataDownload : ❌ Failed to download AFL [MIN_5]: Failed to connect to TWS at 127.0.0.1:7497
2026-04-10 16:28:30.737 INFO  [main] DataDownload : 📥 Data stale for AFL [MIN_15]: last candle 2026-04-09T21:45+02:00[Europe/Madrid] vs threshold PT30M - downloading delta
2026-04-10 16:28:30.741 ERROR [main] DataDownload : ❌ Failed to download AFL [MIN_15]: Failed to connect to TWS at 127.0.0.1:7497
2026-04-10 16:28:30.746 INFO  [main] DataDownload : 📥 Data stale for AFL [HOUR_1]: last candle 2026-04-09T21:00+02:00[Europe/Madrid] vs threshold PT2H - downloading delta
2026-04-10 16:28:30.750 ERROR [main] DataDownload : ❌ Failed to download AFL [HOUR_1]: Failed to connect to TWS at 127.0.0.1:7497
2026-04-10 16:28:30.759 INFO  [main] DataDownload : 📥 Data stale for AFRM [MIN_5]: last candle 2026-04-09T21:55+02:00[Europe/Madrid] vs threshold PT15M - downloading delta
2026-04-10 16:28:30.763 ERROR [main] DataDownload : ❌ Failed to download AFRM [MIN_5]: Failed to connect to TWS at 127.0.0.1:7497
2026-04-10 16:28:30.770 INFO  [main] DataDownload : 📥 Data stale for AFRM [MIN_15]: last candle 2026-04-09T21:45+02:00[Europe/Madrid] vs threshold PT30M - downloading delta
2026-04-10 16:28:30.776 ERROR [main] DataDownload : ❌ Failed to download AFRM [MIN_15]: Failed to connect to TWS at 127.0.0.1:7497
2026-04-10 16:28:30.785 INFO  [main] DataDownload : 📥 Data stale for AFRM [HOUR_1]: last candle 2026-04-09T21:00+02:00[Europe/Madrid] vs threshold PT2H - downloading delta
2026-04-10 16:28:30.793 ERROR [main] DataDownload : ❌ Failed to download AFRM [HOUR_1]: Failed to connect to TWS at 127.0.0.1:7497
2026-04-10 16:28:30.812 INFO  [main] DataDownload : 📥 Data stale for AIG [MIN_5]: last candle 2026-04-09T21:55+02:00[Europe/Madrid] vs threshold PT15M - downloading delta
2026-04-10 16:28:30.818 ERROR [main] DataDownload : ❌ Failed to download AIG [MIN_5]: Failed to connect to TWS at 127.0.0.1:7497
2026-04-10 16:28:30.829 INFO  [main] DataDownload : 📥 Data stale for AIG [MIN_15]: last candle 2026-04-09T21:45+02:00[Europe/Madrid] vs threshold PT30M - downloading delta
2026-04-10 16:28:30.834 ERROR [main] DataDownload : ❌ Failed to download AIG [MIN_15]: Failed to connect to TWS at 127.0.0.1:7497
2026-04-10 16:28:30.846 INFO  [main] DataDownload : 📥 Data stale for AIG [HOUR_1]: last candle 2026-04-09T21:00+02:00[Europe/Madrid] vs threshold PT2H - downloading delta
2026-04-10 16:28:30.852 ERROR [main] DataDownload : ❌ Failed to download AIG [HOUR_1]: Failed to connect to TWS at 127.0.0.1:7497
2026-04-10 16:28:30.874 INFO  [main] DataDownload : 📥 Data stale for AIZ [MIN_5]: last candle 2026-04-09T21:55+02:00[Europe/Madrid] vs threshold PT15M - downloading delta
2026-04-10 16:28:30.878 ERROR [main] DataDownload : ❌ Failed to download AIZ [MIN_5]: Failed to connect to TWS at 127.0.0.1:7497
2026-04-10 16:28:30.885 INFO  [main] DataDownload : 📥 Data stale for AIZ [MIN_15]: last candle 2026-04-09T21:45+02:00[Europe/Madrid] vs threshold PT30M - downloading delta
2026-04-10 16:28:30.889 ERROR [main] DataDownload : ❌ Failed to download AIZ [MIN_15]: Failed to connect to TWS at 127.0.0.1:7497
2026-04-10 16:28:30.895 INFO  [main] DataDownload : 📥 Data stale for AIZ [HOUR_1]: last candle 2026-04-09T21:00+02:00[Europe/Madrid] vs threshold PT2H - downloading delta
2026-04-10 16:28:30.899 ERROR [main] DataDownload : ❌ Failed to download AIZ [HOUR_1]: Failed to connect to TWS at 127.0.0.1:7497
2026-04-10 16:28:30.910 INFO  [main] DataDownload : 📥 Data stale for AJG [MIN_5]: last candle 2026-04-09T21:55+02:00[Europe/Madrid] vs threshold PT15M - downloading delta
2026-04-10 16:28:30.914 ERROR [main] DataDownload : ❌ Failed to download AJG [MIN_5]: Failed to connect to TWS at 127.0.0.1:7497
2026-04-10 16:28:30.921 INFO  [main] DataDownload : 📥 Data stale for AJG [MIN_15]: last candle 2026-04-09T21:45+02:00[Europe/Madrid] vs threshold PT30M - downloading delta
2026-04-10 16:28:30.925 ERROR [main] DataDownload : ❌ Failed to download AJG [MIN_15]: Failed to connect to TWS at 127.0.0.1:7497
2026-04-10 16:28:30.931 INFO  [main] DataDownload : 📥 Data stale for AJG [HOUR_1]: last candle 2026-04-09T21:00+02:00[Europe/Madrid] vs threshold PT2H - downloading delta
2026-04-10 16:28:30.935 ERROR [main] DataDownload : ❌ Failed to download AJG [HOUR_1]: Failed to connect to TWS at 127.0.0.1:7497
2026-04-10 16:28:30.946 INFO  [main] DataDownload : 📥 Data stale for AKAM [MIN_5]: last candle 2026-04-09T21:55+02:00[Europe/Madrid] vs threshold PT15M - downloading delta
2026-04-10 16:28:30.950 ERROR [main] DataDownload : ❌ Failed to download AKAM [MIN_5]: Failed to connect to TWS at 127.0.0.1:7497
2026-04-10 16:28:30.955 INFO  [main] DataDownload : 📥 Data stale for AKAM [MIN_15]: last candle 2026-04-09T21:45+02:00[Europe/Madrid] vs threshold PT30M - downloading delta
2026-04-10 16:28:30.960 ERROR [main] DataDownload : ❌ Failed to download AKAM [MIN_15]: Failed to connect to TWS at 127.0.0.1:7497
2026-04-10 16:28:30.966 INFO  [main] DataDownload : 📥 Data stale for AKAM [HOUR_1]: last candle 2026-04-09T21:00+02:00[Europe/Madrid] vs threshold PT2H - downloading delta
2026-04-10 16:28:30.970 ERROR [main] DataDownload : ❌ Failed to download AKAM [HOUR_1]: Failed to connect to TWS at 127.0.0.1:7497
2026-04-10 16:28:30.990 INFO  [main] DataDownload : 📥 Data stale for ALB [MIN_5]: last candle 2026-04-09T21:55+02:00[Europe/Madrid] vs threshold PT15M - downloading delta
2026-04-10 16:28:30.997 ERROR [main] DataDownload : ❌ Failed to download ALB [MIN_5]: Failed to connect to TWS at 127.0.0.1:7497
2026-04-10 16:28:31.005 INFO  [main] DataDownload : 📥 Data stale for ALB [MIN_15]: last candle 2026-04-09T21:45+02:00[Europe/Madrid] vs threshold PT30M - downloading delta
2026-04-10 16:28:31.012 ERROR [main] DataDownload : ❌ Failed to download ALB [MIN_15]: Failed to connect to TWS at 127.0.0.1:7497
2026-04-10 16:28:31.021 INFO  [main] DataDownload : 📥 Data stale for ALB [HOUR_1]: last candle 2026-04-09T21:00+02:00[Europe/Madrid] vs threshold PT2H - downloading delta
2026-04-10 16:28:31.025 ERROR [main] DataDownload : ❌ Failed to download ALB [HOUR_1]: Failed to connect to TWS at 127.0.0.1:7497
2026-04-10 16:28:31.039 INFO  [main] DataDownload : 📥 Data stale for ALGN [MIN_5]: last candle 2026-04-09T21:55+02:00[Europe/Madrid] vs threshold PT15M - downloading delta
2026-04-10 16:28:31.044 ERROR [main] DataDownload : ❌ Failed to download ALGN [MIN_5]: Failed to connect to TWS at 127.0.0.1:7497
2026-04-10 16:28:31.051 INFO  [main] DataDownload : 📥 Data stale for ALGN [MIN_15]: last candle 2026-04-09T21:45+02:00[Europe/Madrid] vs threshold PT30M - downloading delta
2026-04-10 16:28:31.056 ERROR [main] DataDownload : ❌ Failed to download ALGN [MIN_15]: Failed to connect to TWS at 127.0.0.1:7497
2026-04-10 16:28:31.063 INFO  [main] DataDownload : 📥 Data stale for ALGN [HOUR_1]: last candle 2026-04-09T21:00+02:00[Europe/Madrid] vs threshold PT2H - downloading delta
2026-04-10 16:28:31.067 ERROR [main] DataDownload : ❌ Failed to download ALGN [HOUR_1]: Failed to connect to TWS at 127.0.0.1:7497
2026-04-10 16:28:31.086 INFO  [main] DataDownload : 📥 Data stale for ALL [MIN_5]: last candle 2026-04-09T21:55+02:00[Europe/Madrid] vs threshold PT15M - downloading delta
2026-04-10 16:28:31.092 ERROR [main] DataDownload : ❌ Failed to download ALL [MIN_5]: Failed to connect to TWS at 127.0.0.1:7497
2026-04-10 16:28:31.099 INFO  [main] DataDownload : 📥 Data stale for ALL [MIN_15]: last candle 2026-04-09T21:45+02:00[Europe/Madrid] vs threshold PT30M - downloading delta
2026-04-10 16:28:31.103 ERROR [main] DataDownload : ❌ Failed to download ALL [MIN_15]: Failed to connect to TWS at 127.0.0.1:7497
2026-04-10 16:28:31.109 INFO  [main] DataDownload : 📥 Data stale for ALL [HOUR_1]: last candle 2026-04-09T21:00+02:00[Europe/Madrid] vs threshold PT2H - downloading delta
2026-04-10 16:28:31.113 ERROR [main] DataDownload : ❌ Failed to download ALL [HOUR_1]: Failed to connect to TWS at 127.0.0.1:7497
2026-04-10 16:28:31.124 INFO  [main] DataDownload : 📥 Data stale for ALLE [MIN_5]: last candle 2026-04-09T21:55+02:00[Europe/Madrid] vs threshold PT15M - downloading delta
2026-04-10 16:28:31.128 ERROR [main] DataDownload : ❌ Failed to download ALLE [MIN_5]: Failed to connect to TWS at 127.0.0.1:7497
2026-04-10 16:28:31.134 INFO  [main] DataDownload : 📥 Data stale for ALLE [MIN_15]: last candle 2026-04-09T21:45+02:00[Europe/Madrid] vs threshold PT30M - downloading delta
2026-04-10 16:28:31.137 ERROR [main] DataDownload : ❌ Failed to download ALLE [MIN_15]: Failed to connect to TWS at 127.0.0.1:7497
2026-04-10 16:28:31.143 INFO  [main] DataDownload : 📥 Data stale for ALLE [HOUR_1]: last candle 2026-04-09T21:00+02:00[Europe/Madrid] vs threshold PT2H - downloading delta
2026-04-10 16:28:31.146 ERROR [main] DataDownload : ❌ Failed to download ALLE [HOUR_1]: Failed to connect to TWS at 127.0.0.1:7497
2026-04-10 16:28:31.155 INFO  [main] DataDownload : 📥 Data stale for AMAT [MIN_5]: last candle 2026-04-09T21:55+02:00[Europe/Madrid] vs threshold PT15M - downloading delta
2026-04-10 16:28:31.160 ERROR [main] DataDownload : ❌ Failed to download AMAT [MIN_5]: Failed to connect to TWS at 127.0.0.1:7497
2026-04-10 16:28:31.165 INFO  [main] DataDownload : 📥 Data stale for AMAT [MIN_15]: last candle 2026-04-09T21:45+02:00[Europe/Madrid] vs threshold PT30M - downloading delta
2026-04-10 16:28:31.168 ERROR [main] DataDownload : ❌ Failed to download AMAT [MIN_15]: Failed to connect to TWS at 127.0.0.1:7497
2026-04-10 16:28:31.173 INFO  [main] DataDownload : 📥 Data stale for AMAT [HOUR_1]: last candle 2026-04-09T21:00+02:00[Europe/Madrid] vs threshold PT2H - downloading delta
2026-04-10 16:28:31.177 ERROR [main] DataDownload : ❌ Failed to download AMAT [HOUR_1]: Failed to connect to TWS at 127.0.0.1:7497
2026-04-10 16:28:31.197 INFO  [main] DataDownload : 📥 Data stale for AMCR [MIN_5]: last candle 2026-04-09T21:55+02:00[Europe/Madrid] vs threshold PT15M - downloading delta
2026-04-10 16:28:31.204 ERROR [main] DataDownload : ❌ Failed to download AMCR [MIN_5]: Failed to connect to TWS at 127.0.0.1:7497
2026-04-10 16:28:31.213 INFO  [main] DataDownload : 📥 Data stale for AMCR [MIN_15]: last candle 2026-04-09T21:45+02:00[Europe/Madrid] vs threshold PT30M - downloading delta
2026-04-10 16:28:31.218 ERROR [main] DataDownload : ❌ Failed to download AMCR [MIN_15]: Failed to connect to TWS at 127.0.0.1:7497
2026-04-10 16:28:31.227 INFO  [main] DataDownload : 📥 Data stale for AMCR [HOUR_1]: last candle 2026-04-09T21:00+02:00[Europe/Madrid] vs threshold PT2H - downloading delta
2026-04-10 16:28:31.234 ERROR [main] DataDownload : ❌ Failed to download AMCR [HOUR_1]: Failed to connect to TWS at 127.0.0.1:7497
2026-04-10 16:28:31.255 INFO  [main] DataDownload : 📥 Data stale for AMDL [MIN_5]: last candle 2026-04-09T21:55+02:00[Europe/Madrid] vs threshold PT15M - downloading delta
2026-04-10 16:28:31.260 ERROR [main] DataDownload : ❌ Failed to download AMDL [MIN_5]: Failed to connect to TWS at 127.0.0.1:7497
2026-04-10 16:28:31.270 INFO  [main] DataDownload : 📥 Data stale for AMDL [MIN_15]: last candle 2026-04-09T21:45+02:00[Europe/Madrid] vs threshold PT30M - downloading delta
2026-04-10 16:28:31.277 ERROR [main] DataDownload : ❌ Failed to download AMDL [MIN_15]: Failed to connect to TWS at 127.0.0.1:7497
2026-04-10 16:28:31.285 INFO  [main] DataDownload : 📥 Data stale for AMDL [HOUR_1]: last candle 2026-04-09T21:00+02:00[Europe/Madrid] vs threshold PT2H - downloading delta
2026-04-10 16:28:31.291 ERROR [main] DataDownload : ❌ Failed to download AMDL [HOUR_1]: Failed to connect to TWS at 127.0.0.1:7497
2026-04-10 16:28:31.303 INFO  [main] DataDownload : 📥 Data stale for AME [MIN_5]: last candle 2026-04-09T21:55+02:00[Europe/Madrid] vs threshold PT15M - downloading delta
2026-04-10 16:28:31.307 ERROR [main] DataDownload : ❌ Failed to download AME [MIN_5]: Failed to connect to TWS at 127.0.0.1:7497
2026-04-10 16:28:31.312 INFO  [main] DataDownload : 📥 Data stale for AME [MIN_15]: last candle 2026-04-09T21:45+02:00[Europe/Madrid] vs threshold PT30M - downloading delta
2026-04-10 16:28:31.316 ERROR [main] DataDownload : ❌ Failed to download AME [MIN_15]: Failed to connect to TWS at 127.0.0.1:7497
2026-04-10 16:28:31.321 INFO  [main] DataDownload : 📥 Data stale for AME [HOUR_1]: last candle 2026-04-09T21:00+02:00[Europe/Madrid] vs threshold PT2H - downloading delta
2026-04-10 16:28:31.324 ERROR [main] DataDownload : ❌ Failed to download AME [HOUR_1]: Failed to connect to TWS at 127.0.0.1:7497
2026-04-10 16:28:31.336 INFO  [main] DataDownload : 📥 Data stale for AMGN [MIN_5]: last candle 2026-04-09T21:55+02:00[Europe/Madrid] vs threshold PT15M - downloading delta
2026-04-10 16:28:31.340 ERROR [main] DataDownload : ❌ Failed to download AMGN [MIN_5]: Failed to connect to TWS at 127.0.0.1:7497
2026-04-10 16:28:31.348 INFO  [main] DataDownload : 📥 Data stale for AMGN [MIN_15]: last candle 2026-04-09T21:45+02:00[Europe/Madrid] vs threshold PT30M - downloading delta
2026-04-10 16:28:31.352 ERROR [main] DataDownload : ❌ Failed to download AMGN [MIN_15]: Failed to connect to TWS at 127.0.0.1:7497
2026-04-10 16:28:31.357 INFO  [main] DataDownload : 📥 Data stale for AMGN [HOUR_1]: last candle 2026-04-09T21:00+02:00[Europe/Madrid] vs threshold PT2H - downloading delta
2026-04-10 16:28:31.360 ERROR [main] DataDownload : ❌ Failed to download AMGN [HOUR_1]: Failed to connect to TWS at 127.0.0.1:7497
2026-04-10 16:28:31.371 INFO  [main] DataDownload : 📥 Data stale for AMP [MIN_5]: last candle 2026-04-09T21:55+02:00[Europe/Madrid] vs threshold PT15M - downloading delta
2026-04-10 16:28:31.374 ERROR [main] DataDownload : ❌ Failed to download AMP [MIN_5]: Failed to connect to TWS at 127.0.0.1:7497
2026-04-10 16:28:31.379 INFO  [main] DataDownload : 📥 Data stale for AMP [MIN_15]: last candle 2026-04-09T21:45+02:00[Europe/Madrid] vs threshold PT30M - downloading delta
2026-04-10 16:28:31.383 ERROR [main] DataDownload : ❌ Failed to download AMP [MIN_15]: Failed to connect to TWS at 127.0.0.1:7497
2026-04-10 16:28:31.390 INFO  [main] DataDownload : 📥 Data stale for AMP [HOUR_1]: last candle 2026-04-09T21:00+02:00[Europe/Madrid] vs threshold PT2H - downloading delta
2026-04-10 16:28:31.396 ERROR [main] DataDownload : ❌ Failed to download AMP [HOUR_1]: Failed to connect to TWS at 127.0.0.1:7497
2026-04-10 16:28:31.413 INFO  [main] DataDownload : 📥 Data stale for AMT [MIN_5]: last candle 2026-04-09T21:55+02:00[Europe/Madrid] vs threshold PT15M - downloading delta
2026-04-10 16:28:31.419 ERROR [main] DataDownload : ❌ Failed to download AMT [MIN_5]: Failed to connect to TWS at 127.0.0.1:7497
2026-04-10 16:28:31.428 INFO  [main] DataDownload : 📥 Data stale for AMT [MIN_15]: last candle 2026-04-09T21:45+02:00[Europe/Madrid] vs threshold PT30M - downloading delta
2026-04-10 16:28:31.434 ERROR [main] DataDownload : ❌ Failed to download AMT [MIN_15]: Failed to connect to TWS at 127.0.0.1:7497
2026-04-10 16:28:31.442 INFO  [main] DataDownload : 📥 Data stale for AMT [HOUR_1]: last candle 2026-04-09T21:00+02:00[Europe/Madrid] vs threshold PT2H - downloading delta
2026-04-10 16:28:31.447 ERROR [main] DataDownload : ❌ Failed to download AMT [HOUR_1]: Failed to connect to TWS at 127.0.0.1:7497
2026-04-10 16:28:31.462 INFO  [main] DataDownload : 📥 Data stale for ANET [MIN_5]: last candle 2026-04-09T21:55+02:00[Europe/Madrid] vs threshold PT15M - downloading delta
2026-04-10 16:28:31.468 ERROR [main] DataDownload : ❌ Failed to download ANET [MIN_5]: Failed to connect to TWS at 127.0.0.1:7497
2026-04-10 16:28:31.479 INFO  [main] DataDownload : 📥 Data stale for ANET [MIN_15]: last candle 2026-04-09T21:45+02:00[Europe/Madrid] vs threshold PT30M - downloading delta
2026-04-10 16:28:31.485 ERROR [main] DataDownload : ❌ Failed to download ANET [MIN_15]: Failed to connect to TWS at 127.0.0.1:7497
2026-04-10 16:28:31.492 INFO  [main] DataDownload : 📥 Data stale for ANET [HOUR_1]: last candle 2026-04-09T21:00+02:00[Europe/Madrid] vs threshold PT2H - downloading delta
2026-04-10 16:28:31.496 ERROR [main] DataDownload : ❌ Failed to download ANET [HOUR_1]: Failed to connect to TWS at 127.0.0.1:7497
2026-04-10 16:28:31.508 INFO  [main] DataDownload : 📥 Data stale for AON [MIN_5]: last candle 2026-04-09T21:55+02:00[Europe/Madrid] vs threshold PT15M - downloading delta
2026-04-10 16:28:31.513 ERROR [main] DataDownload : ❌ Failed to download AON [MIN_5]: Failed to connect to TWS at 127.0.0.1:7497
2026-04-10 16:28:31.518 INFO  [main] DataDownload : 📥 Data stale for AON [MIN_15]: last candle 2026-04-09T21:45+02:00[Europe/Madrid] vs threshold PT30M - downloading delta
2026-04-10 16:28:31.522 ERROR [main] DataDownload : ❌ Failed to download AON [MIN_15]: Failed to connect to TWS at 127.0.0.1:7497
2026-04-10 16:28:31.527 INFO  [main] DataDownload : 📥 Data stale for AON [HOUR_1]: last candle 2026-04-09T21:00+02:00[Europe/Madrid] vs threshold PT2H - downloading delta
2026-04-10 16:28:31.531 ERROR [main] DataDownload : ❌ Failed to download AON [HOUR_1]: Failed to connect to TWS at 127.0.0.1:7497
2026-04-10 16:28:31.540 INFO  [main] DataDownload : 📥 Data stale for AOS [MIN_5]: last candle 2026-04-09T21:55+02:00[Europe/Madrid] vs threshold PT15M - downloading delta
2026-04-10 16:28:31.544 ERROR [main] DataDownload : ❌ Failed to download AOS [MIN_5]: Failed to connect to TWS at 127.0.0.1:7497
2026-04-10 16:28:31.549 INFO  [main] DataDownload : 📥 Data stale for AOS [MIN_15]: last candle 2026-04-09T21:45+02:00[Europe/Madrid] vs threshold PT30M - downloading delta
2026-04-10 16:28:31.554 ERROR [main] DataDownload : ❌ Failed to download AOS [MIN_15]: Failed to connect to TWS at 127.0.0.1:7497
2026-04-10 16:28:31.559 INFO  [main] DataDownload : 📥 Data stale for AOS [HOUR_1]: last candle 2026-04-09T21:00+02:00[Europe/Madrid] vs threshold PT2H - downloading delta
2026-04-10 16:28:31.562 ERROR [main] DataDownload : ❌ Failed to download AOS [HOUR_1]: Failed to connect to TWS at 127.0.0.1:7497
2026-04-10 16:28:31.572 INFO  [main] DataDownload : 📥 Data stale for APA [MIN_5]: last candle 2026-04-09T21:55+02:00[Europe/Madrid] vs threshold PT15M - downloading delta
2026-04-10 16:28:31.577 ERROR [main] DataDownload : ❌ Failed to download APA [MIN_5]: Failed to connect to TWS at 127.0.0.1:7497
2026-04-10 16:28:31.585 INFO  [main] DataDownload : 📥 Data stale for APA [MIN_15]: last candle 2026-04-09T21:45+02:00[Europe/Madrid] vs threshold PT30M - downloading delta
2026-04-10 16:28:31.589 ERROR [main] DataDownload : ❌ Failed to download APA [MIN_15]: Failed to connect to TWS at 127.0.0.1:7497
2026-04-10 16:28:31.598 INFO  [main] DataDownload : 📥 Data stale for APA [HOUR_1]: last candle 2026-04-09T21:00+02:00[Europe/Madrid] vs threshold PT2H - downloading delta
2026-04-10 16:28:31.604 ERROR [main] DataDownload : ❌ Failed to download APA [HOUR_1]: Failed to connect to TWS at 127.0.0.1:7497
2026-04-10 16:28:31.624 INFO  [main] DataDownload : 📥 Data stale for APD [MIN_5]: last candle 2026-04-09T21:55+02:00[Europe/Madrid] vs threshold PT15M - downloading delta
2026-04-10 16:28:31.628 ERROR [main] DataDownload : ❌ Failed to download APD [MIN_5]: Failed to connect to TWS at 127.0.0.1:7497
2026-04-10 16:28:31.638 INFO  [main] DataDownload : 📥 Data stale for APD [MIN_15]: last candle 2026-04-09T21:45+02:00[Europe/Madrid] vs threshold PT30M - downloading delta
2026-04-10 16:28:31.644 ERROR [main] DataDownload : ❌ Failed to download APD [MIN_15]: Failed to connect to TWS at 127.0.0.1:7497
2026-04-10 16:28:31.656 INFO  [main] DataDownload : 📥 Data stale for APD [HOUR_1]: last candle 2026-04-09T21:00+02:00[Europe/Madrid] vs threshold PT2H - downloading delta
2026-04-10 16:28:31.660 ERROR [main] DataDownload : ❌ Failed to download APD [HOUR_1]: Failed to connect to TWS at 127.0.0.1:7497
2026-04-10 16:28:31.679 INFO  [main] DataDownload : 📥 Data stale for APH [MIN_5]: last candle 2026-04-09T21:55+02:00[Europe/Madrid] vs threshold PT15M - downloading delta
2026-04-10 16:28:31.685 ERROR [main] DataDownload : ❌ Failed to download APH [MIN_5]: Failed to connect to TWS at 127.0.0.1:7497
2026-04-10 16:28:31.696 INFO  [main] DataDownload : 📥 Data stale for APH [MIN_15]: last candle 2026-04-09T21:45+02:00[Europe/Madrid] vs threshold PT30M - downloading delta
2026-04-10 16:28:31.701 ERROR [main] DataDownload : ❌ Failed to download APH [MIN_15]: Failed to connect to TWS at 127.0.0.1:7497
2026-04-10 16:28:31.709 INFO  [main] DataDownload : 📥 Data stale for APH [HOUR_1]: last candle 2026-04-09T21:00+02:00[Europe/Madrid] vs threshold PT2H - downloading delta
2026-04-10 16:28:31.713 ERROR [main] DataDownload : ❌ Failed to download APH [HOUR_1]: Failed to connect to TWS at 127.0.0.1:7497
2026-04-10 16:28:31.723 INFO  [main] DataDownload : 📥 Data stale for APTV [MIN_5]: last candle 2026-04-09T21:55+02:00[Europe/Madrid] vs threshold PT15M - downloading delta
2026-04-10 16:28:31.727 ERROR [main] DataDownload : ❌ Failed to download APTV [MIN_5]: Failed to connect to TWS at 127.0.0.1:7497
2026-04-10 16:28:31.733 INFO  [main] DataDownload : 📥 Data stale for APTV [MIN_15]: last candle 2026-04-09T21:45+02:00[Europe/Madrid] vs threshold PT30M - downloading delta
2026-04-10 16:28:31.737 ERROR [main] DataDownload : ❌ Failed to download APTV [MIN_15]: Failed to connect to TWS at 127.0.0.1:7497
2026-04-10 16:28:31.742 INFO  [main] DataDownload : 📥 Data stale for APTV [HOUR_1]: last candle 2026-04-09T21:00+02:00[Europe/Madrid] vs threshold PT2H - downloading delta
2026-04-10 16:28:31.745 ERROR [main] DataDownload : ❌ Failed to download APTV [HOUR_1]: Failed to connect to TWS at 127.0.0.1:7497
2026-04-10 16:28:31.755 INFO  [main] DataDownload : 📥 Data stale for ARE [MIN_5]: last candle 2026-04-09T21:55+02:00[Europe/Madrid] vs threshold PT15M - downloading delta
2026-04-10 16:28:31.759 ERROR [main] DataDownload : ❌ Failed to download ARE [MIN_5]: Failed to connect to TWS at 127.0.0.1:7497
2026-04-10 16:28:31.763 INFO  [main] DataDownload : 📥 Data stale for ARE [MIN_15]: last candle 2026-04-09T21:45+02:00[Europe/Madrid] vs threshold PT30M - downloading delta
2026-04-10 16:28:31.767 ERROR [main] DataDownload : ❌ Failed to download ARE [MIN_15]: Failed to connect to TWS at 127.0.0.1:7497
2026-04-10 16:28:31.772 INFO  [main] DataDownload : 📥 Data stale for ARE [HOUR_1]: last candle 2026-04-09T21:00+02:00[Europe/Madrid] vs threshold PT2H - downloading delta
2026-04-10 16:28:31.777 ERROR [main] DataDownload : ❌ Failed to download ARE [HOUR_1]: Failed to connect to TWS at 127.0.0.1:7497
2026-04-10 16:28:31.786 INFO  [main] DataDownload : 📥 Data stale for ARKK [MIN_5]: last candle 2026-04-09T21:55+02:00[Europe/Madrid] vs threshold PT15M - downloading delta
2026-04-10 16:28:31.790 ERROR [main] DataDownload : ❌ Failed to download ARKK [MIN_5]: Failed to connect to TWS at 127.0.0.1:7497
2026-04-10 16:28:31.796 INFO  [main] DataDownload : 📥 Data stale for ARKK [MIN_15]: last candle 2026-04-09T21:45+02:00[Europe/Madrid] vs threshold PT30M - downloading delta
2026-04-10 16:28:31.800 ERROR [main] DataDownload : ❌ Failed to download ARKK [MIN_15]: Failed to connect to TWS at 127.0.0.1:7497
2026-04-10 16:28:31.806 INFO  [main] DataDownload : 📥 Data stale for ARKK [HOUR_1]: last candle 2026-04-09T21:00+02:00[Europe/Madrid] vs threshold PT2H - downloading delta
2026-04-10 16:28:31.810 ERROR [main] DataDownload : ❌ Failed to download ARKK [HOUR_1]: Failed to connect to TWS at 127.0.0.1:7497
2026-04-10 16:28:31.826 INFO  [main] DataDownload : 📥 Data stale for ARM [MIN_5]: last candle 2026-04-09T21:55+02:00[Europe/Madrid] vs threshold PT15M - downloading delta
2026-04-10 16:28:31.831 ERROR [main] DataDownload : ❌ Failed to download ARM [MIN_5]: Failed to connect to TWS at 127.0.0.1:7497
2026-04-10 16:28:31.838 INFO  [main] DataDownload : 📥 Data stale for ARM [MIN_15]: last candle 2026-04-09T21:45+02:00[Europe/Madrid] vs threshold PT30M - downloading delta
2026-04-10 16:28:31.843 ERROR [main] DataDownload : ❌ Failed to download ARM [MIN_15]: Failed to connect to TWS at 127.0.0.1:7497
2026-04-10 16:28:31.849 INFO  [main] DataDownload : 📥 Data stale for ARM [HOUR_1]: last candle 2026-04-09T21:00+02:00[Europe/Madrid] vs threshold PT2H - downloading delta
2026-04-10 16:28:31.853 ERROR [main] DataDownload : ❌ Failed to download ARM [HOUR_1]: Failed to connect to TWS at 127.0.0.1:7497
2026-04-10 16:28:31.866 INFO  [main] DataDownload : 📥 Data stale for ATO [MIN_5]: last candle 2026-04-09T21:55+02:00[Europe/Madrid] vs threshold PT15M - downloading delta
2026-04-10 16:28:31.871 ERROR [main] DataDownload : ❌ Failed to download ATO [MIN_5]: Failed to connect to TWS at 127.0.0.1:7497
2026-04-10 16:28:31.878 INFO  [main] DataDownload : 📥 Data stale for ATO [MIN_15]: last candle 2026-04-09T21:45+02:00[Europe/Madrid] vs threshold PT30M - downloading delta
2026-04-10 16:28:31.882 ERROR [main] DataDownload : ❌ Failed to download ATO [MIN_15]: Failed to connect to TWS at 127.0.0.1:7497
2026-04-10 16:28:31.887 INFO  [main] DataDownload : 📥 Data stale for ATO [HOUR_1]: last candle 2026-04-09T21:00+02:00[Europe/Madrid] vs threshold PT2H - downloading delta
2026-04-10 16:28:31.892 ERROR [main] DataDownload : ❌ Failed to download ATO [HOUR_1]: Failed to connect to TWS at 127.0.0.1:7497
2026-04-10 16:28:31.905 INFO  [main] DataDownload : 📥 Data stale for AVB [MIN_5]: last candle 2026-04-09T21:55+02:00[Europe/Madrid] vs threshold PT15M - downloading delta
2026-04-10 16:28:31.909 ERROR [main] DataDownload : ❌ Failed to download AVB [MIN_5]: Failed to connect to TWS at 127.0.0.1:7497
2026-04-10 16:28:31.915 INFO  [main] DataDownload : 📥 Data stale for AVB [MIN_15]: last candle 2026-04-09T21:45+02:00[Europe/Madrid] vs threshold PT30M - downloading delta
2026-04-10 16:28:31.920 ERROR [main] DataDownload : ❌ Failed to download AVB [MIN_15]: Failed to connect to TWS at 127.0.0.1:7497
2026-04-10 16:28:31.931 INFO  [main] DataDownload : 📥 Data stale for AVB [HOUR_1]: last candle 2026-04-09T21:00+02:00[Europe/Madrid] vs threshold PT2H - downloading delta
2026-04-10 16:28:31.934 ERROR [main] DataDownload : ❌ Failed to download AVB [HOUR_1]: Failed to connect to TWS at 127.0.0.1:7497
2026-04-10 16:28:31.945 INFO  [main] DataDownload : 📥 Data stale for AVGO [MIN_5]: last candle 2026-04-09T21:55+02:00[Europe/Madrid] vs threshold PT15M - downloading delta
2026-04-10 16:28:31.948 ERROR [main] DataDownload : ❌ Failed to download AVGO [MIN_5]: Failed to connect to TWS at 127.0.0.1:7497
2026-04-10 16:28:31.955 INFO  [main] DataDownload : 📥 Data stale for AVGO [MIN_15]: last candle 2026-04-09T21:45+02:00[Europe/Madrid] vs threshold PT30M - downloading delta
2026-04-10 16:28:31.958 ERROR [main] DataDownload : ❌ Failed to download AVGO [MIN_15]: Failed to connect to TWS at 127.0.0.1:7497
2026-04-10 16:28:31.963 INFO  [main] DataDownload : 📥 Data stale for AVGO [HOUR_1]: last candle 2026-04-09T21:00+02:00[Europe/Madrid] vs threshold PT2H - downloading delta
2026-04-10 16:28:31.967 ERROR [main] DataDownload : ❌ Failed to download AVGO [HOUR_1]: Failed to connect to TWS at 127.0.0.1:7497
2026-04-10 16:28:31.978 INFO  [main] DataDownload : 📥 Data stale for AVY [MIN_5]: last candle 2026-04-09T21:55+02:00[Europe/Madrid] vs threshold PT15M - downloading delta
2026-04-10 16:28:31.983 ERROR [main] DataDownload : ❌ Failed to download AVY [MIN_5]: Failed to connect to TWS at 127.0.0.1:7497
2026-04-10 16:28:31.989 INFO  [main] DataDownload : 📥 Data stale for AVY [MIN_15]: last candle 2026-04-09T21:45+02:00[Europe/Madrid] vs threshold PT30M - downloading delta
2026-04-10 16:28:31.996 ERROR [main] DataDownload : ❌ Failed to download AVY [MIN_15]: Failed to connect to TWS at 127.0.0.1:7497
2026-04-10 16:28:32.004 INFO  [main] DataDownload : 📥 Data stale for AVY [HOUR_1]: last candle 2026-04-09T21:00+02:00[Europe/Madrid] vs threshold PT2H - downloading delta
2026-04-10 16:28:32.010 ERROR [main] DataDownload : ❌ Failed to download AVY [HOUR_1]: Failed to connect to TWS at 127.0.0.1:7497
2026-04-10 16:28:32.028 INFO  [main] DataDownload : 📥 Data stale for AWK [MIN_5]: last candle 2026-04-09T21:55+02:00[Europe/Madrid] vs threshold PT15M - downloading delta
2026-04-10 16:28:32.032 ERROR [main] DataDownload : ❌ Failed to download AWK [MIN_5]: Failed to connect to TWS at 127.0.0.1:7497
2026-04-10 16:28:32.039 INFO  [main] DataDownload : 📥 Data stale for AWK [MIN_15]: last candle 2026-04-09T21:45+02:00[Europe/Madrid] vs threshold PT30M - downloading delta
2026-04-10 16:28:32.044 ERROR [main] DataDownload : ❌ Failed to download AWK [MIN_15]: Failed to connect to TWS at 127.0.0.1:7497
2026-04-10 16:28:32.052 INFO  [main] DataDownload : 📥 Data stale for AWK [HOUR_1]: last candle 2026-04-09T21:00+02:00[Europe/Madrid] vs threshold PT2H - downloading delta
2026-04-10 16:28:32.056 ERROR [main] DataDownload : ❌ Failed to download AWK [HOUR_1]: Failed to connect to TWS at 127.0.0.1:7497
2026-04-10 16:28:32.074 INFO  [main] DataDownload : 📥 Data stale for AXON [MIN_5]: last candle 2026-04-09T21:55+02:00[Europe/Madrid] vs threshold PT15M - downloading delta
2026-04-10 16:28:32.078 ERROR [main] DataDownload : ❌ Failed to download AXON [MIN_5]: Failed to connect to TWS at 127.0.0.1:7497
2026-04-10 16:28:32.086 INFO  [main] DataDownload : 📥 Data stale for AXON [MIN_15]: last candle 2026-04-09T21:45+02:00[Europe/Madrid] vs threshold PT30M - downloading delta
2026-04-10 16:28:32.091 ERROR [main] DataDownload : ❌ Failed to download AXON [MIN_15]: Failed to connect to TWS at 127.0.0.1:7497
2026-04-10 16:28:32.097 INFO  [main] DataDownload : 📥 Data stale for AXON [HOUR_1]: last candle 2026-04-09T21:00+02:00[Europe/Madrid] vs threshold PT2H - downloading delta
2026-04-10 16:28:32.102 ERROR [main] DataDownload : ❌ Failed to download AXON [HOUR_1]: Failed to connect to TWS at 127.0.0.1:7497
2026-04-10 16:28:32.115 INFO  [main] DataDownload : 📥 Data stale for AXP [MIN_5]: last candle 2026-04-09T21:55+02:00[Europe/Madrid] vs threshold PT15M - downloading delta
2026-04-10 16:28:32.120 ERROR [main] DataDownload : ❌ Failed to download AXP [MIN_5]: Failed to connect to TWS at 127.0.0.1:7497
2026-04-10 16:28:32.127 INFO  [main] DataDownload : 📥 Data stale for AXP [MIN_15]: last candle 2026-04-09T21:45+02:00[Europe/Madrid] vs threshold PT30M - downloading delta
2026-04-10 16:28:32.131 ERROR [main] DataDownload : ❌ Failed to download AXP [MIN_15]: Failed to connect to TWS at 127.0.0.1:7497
2026-04-10 16:28:32.137 INFO  [main] DataDownload : 📥 Data stale for AXP [HOUR_1]: last candle 2026-04-09T21:00+02:00[Europe/Madrid] vs threshold PT2H - downloading delta
2026-04-10 16:28:32.140 ERROR [main] DataDownload : ❌ Failed to download AXP [HOUR_1]: Failed to connect to TWS at 127.0.0.1:7497
2026-04-10 16:28:32.150 INFO  [main] DataDownload : 📥 Data stale for AYI [MIN_5]: last candle 2026-04-09T21:55+02:00[Europe/Madrid] vs threshold PT15M - downloading delta
2026-04-10 16:28:32.153 ERROR [main] DataDownload : ❌ Failed to download AYI [MIN_5]: Failed to connect to TWS at 127.0.0.1:7497
2026-04-10 16:28:32.159 INFO  [main] DataDownload : 📥 Data stale for AYI [MIN_15]: last candle 2026-04-09T21:45+02:00[Europe/Madrid] vs threshold PT30M - downloading delta
2026-04-10 16:28:32.163 ERROR [main] DataDownload : ❌ Failed to download AYI [MIN_15]: Failed to connect to TWS at 127.0.0.1:7497
2026-04-10 16:28:32.168 INFO  [main] DataDownload : 📥 Data stale for AYI [HOUR_1]: last candle 2026-04-09T21:00+02:00[Europe/Madrid] vs threshold PT2H - downloading delta
2026-04-10 16:28:32.172 ERROR [main] DataDownload : ❌ Failed to download AYI [HOUR_1]: Failed to connect to TWS at 127.0.0.1:7497
2026-04-10 16:28:32.182 INFO  [main] DataDownload : 📥 Data stale for AZO [MIN_5]: last candle 2026-04-09T21:55+02:00[Europe/Madrid] vs threshold PT15M - downloading delta
2026-04-10 16:28:32.186 ERROR [main] DataDownload : ❌ Failed to download AZO [MIN_5]: Failed to connect to TWS at 127.0.0.1:7497
2026-04-10 16:28:32.192 INFO  [main] DataDownload : 📥 Data stale for AZO [MIN_15]: last candle 2026-04-09T21:45+02:00[Europe/Madrid] vs threshold PT30M - downloading delta
2026-04-10 16:28:32.195 ERROR [main] DataDownload : ❌ Failed to download AZO [MIN_15]: Failed to connect to TWS at 127.0.0.1:7497
2026-04-10 16:28:32.202 INFO  [main] DataDownload : 📥 Data stale for AZO [HOUR_1]: last candle 2026-04-09T21:00+02:00[Europe/Madrid] vs threshold PT2H - downloading delta
2026-04-10 16:28:32.206 ERROR [main] DataDownload : ❌ Failed to download AZO [HOUR_1]: Failed to connect to TWS at 127.0.0.1:7497
2026-04-10 16:28:32.220 INFO  [main] DataDownload : 📥 Data stale for BA [MIN_5]: last candle 2026-04-09T21:55+02:00[Europe/Madrid] vs threshold PT15M - downloading delta
2026-04-10 16:28:32.224 ERROR [main] DataDownload : ❌ Failed to download BA [MIN_5]: Failed to connect to TWS at 127.0.0.1:7497
2026-04-10 16:28:32.231 INFO  [main] DataDownload : 📥 Data stale for BA [MIN_15]: last candle 2026-04-09T21:45+02:00[Europe/Madrid] vs threshold PT30M - downloading delta
2026-04-10 16:28:32.235 ERROR [main] DataDownload : ❌ Failed to download BA [MIN_15]: Failed to connect to TWS at 127.0.0.1:7497
2026-04-10 16:28:32.241 INFO  [main] DataDownload : 📥 Data stale for BA [HOUR_1]: last candle 2026-04-09T21:00+02:00[Europe/Madrid] vs threshold PT2H - downloading delta
2026-04-10 16:28:32.247 ERROR [main] DataDownload : ❌ Failed to download BA [HOUR_1]: Failed to connect to TWS at 127.0.0.1:7497
2026-04-10 16:28:32.260 INFO  [main] DataDownload : 📥 Data stale for BABA [MIN_5]: last candle 2026-04-09T21:55+02:00[Europe/Madrid] vs threshold PT15M - downloading delta
2026-04-10 16:28:32.265 ERROR [main] DataDownload : ❌ Failed to download BABA [MIN_5]: Failed to connect to TWS at 127.0.0.1:7497
2026-04-10 16:28:32.271 INFO  [main] DataDownload : 📥 Data stale for BABA [MIN_15]: last candle 2026-04-09T21:45+02:00[Europe/Madrid] vs threshold PT30M - downloading delta
2026-04-10 16:28:32.275 ERROR [main] DataDownload : ❌ Failed to download BABA [MIN_15]: Failed to connect to TWS at 127.0.0.1:7497
2026-04-10 16:28:32.282 INFO  [main] DataDownload : 📥 Data stale for BABA [HOUR_1]: last candle 2026-04-09T21:00+02:00[Europe/Madrid] vs threshold PT2H - downloading delta
2026-04-10 16:28:32.286 ERROR [main] DataDownload : ❌ Failed to download BABA [HOUR_1]: Failed to connect to TWS at 127.0.0.1:7497
2026-04-10 16:28:32.299 INFO  [main] DataDownload : 📥 Data stale for BAC [MIN_5]: last candle 2026-04-09T21:55+02:00[Europe/Madrid] vs threshold PT15M - downloading delta
2026-04-10 16:28:32.303 ERROR [main] DataDownload : ❌ Failed to download BAC [MIN_5]: Failed to connect to TWS at 127.0.0.1:7497
2026-04-10 16:28:32.310 INFO  [main] DataDownload : 📥 Data stale for BAC [MIN_15]: last candle 2026-04-09T21:45+02:00[Europe/Madrid] vs threshold PT30M - downloading delta
2026-04-10 16:28:32.314 ERROR [main] DataDownload : ❌ Failed to download BAC [MIN_15]: Failed to connect to TWS at 127.0.0.1:7497
2026-04-10 16:28:32.320 INFO  [main] DataDownload : 📥 Data stale for BAC [HOUR_1]: last candle 2026-04-09T21:00+02:00[Europe/Madrid] vs threshold PT2H - downloading delta
2026-04-10 16:28:32.324 ERROR [main] DataDownload : ❌ Failed to download BAC [HOUR_1]: Failed to connect to TWS at 127.0.0.1:7497
2026-04-10 16:28:32.334 INFO  [main] DataDownload : 📥 Data stale for BALL [MIN_5]: last candle 2026-04-09T21:55+02:00[Europe/Madrid] vs threshold PT15M - downloading delta
2026-04-10 16:28:32.338 ERROR [main] DataDownload : ❌ Failed to download BALL [MIN_5]: Failed to connect to TWS at 127.0.0.1:7497
2026-04-10 16:28:32.343 INFO  [main] DataDownload : 📥 Data stale for BALL [MIN_15]: last candle 2026-04-09T21:45+02:00[Europe/Madrid] vs threshold PT30M - downloading delta
2026-04-10 16:28:32.346 ERROR [main] DataDownload : ❌ Failed to download BALL [MIN_15]: Failed to connect to TWS at 127.0.0.1:7497
2026-04-10 16:28:32.352 INFO  [main] DataDownload : 📥 Data stale for BALL [HOUR_1]: last candle 2026-04-09T21:00+02:00[Europe/Madrid] vs threshold PT2H - downloading delta
2026-04-10 16:28:32.355 ERROR [main] DataDownload : ❌ Failed to download BALL [HOUR_1]: Failed to connect to TWS at 127.0.0.1:7497
2026-04-10 16:28:32.368 INFO  [main] DataDownload : 📥 Data stale for BAX [MIN_5]: last candle 2026-04-09T21:55+02:00[Europe/Madrid] vs threshold PT15M - downloading delta
2026-04-10 16:28:32.373 ERROR [main] DataDownload : ❌ Failed to download BAX [MIN_5]: Failed to connect to TWS at 127.0.0.1:7497
2026-04-10 16:28:32.377 INFO  [main] DataDownload : 📥 Data stale for BAX [MIN_15]: last candle 2026-04-09T21:45+02:00[Europe/Madrid] vs threshold PT30M - downloading delta
2026-04-10 16:28:32.381 ERROR [main] DataDownload : ❌ Failed to download BAX [MIN_15]: Failed to connect to TWS at 127.0.0.1:7497
2026-04-10 16:28:32.385 INFO  [main] DataDownload : 📥 Data stale for BAX [HOUR_1]: last candle 2026-04-09T21:00+02:00[Europe/Madrid] vs threshold PT2H - downloading delta
2026-04-10 16:28:32.389 ERROR [main] DataDownload : ❌ Failed to download BAX [HOUR_1]: Failed to connect to TWS at 127.0.0.1:7497
2026-04-10 16:28:32.404 INFO  [main] DataDownload : 📥 Data stale for BBWI [MIN_5]: last candle 2026-04-09T21:55+02:00[Europe/Madrid] vs threshold PT15M - downloading delta
2026-04-10 16:28:32.412 ERROR [main] DataDownload : ❌ Failed to download BBWI [MIN_5]: Failed to connect to TWS at 127.0.0.1:7497
2026-04-10 16:28:32.423 INFO  [main] DataDownload : 📥 Data stale for BBWI [MIN_15]: last candle 2026-04-09T21:45+02:00[Europe/Madrid] vs threshold PT30M - downloading delta
2026-04-10 16:28:32.428 ERROR [main] DataDownload : ❌ Failed to download BBWI [MIN_15]: Failed to connect to TWS at 127.0.0.1:7497
2026-04-10 16:28:32.434 INFO  [main] DataDownload : 📥 Data stale for BBWI [HOUR_1]: last candle 2026-04-09T21:00+02:00[Europe/Madrid] vs threshold PT2H - downloading delta
2026-04-10 16:28:32.440 ERROR [main] DataDownload : ❌ Failed to download BBWI [HOUR_1]: Failed to connect to TWS at 127.0.0.1:7497
2026-04-10 16:28:32.455 INFO  [main] DataDownload : 📥 Data stale for BBY [MIN_5]: last candle 2026-04-09T21:55+02:00[Europe/Madrid] vs threshold PT15M - downloading delta
2026-04-10 16:28:32.460 ERROR [main] DataDownload : ❌ Failed to download BBY [MIN_5]: Failed to connect to TWS at 127.0.0.1:7497
2026-04-10 16:28:32.468 INFO  [main] DataDownload : 📥 Data stale for BBY [MIN_15]: last candle 2026-04-09T21:45+02:00[Europe/Madrid] vs threshold PT30M - downloading delta
2026-04-10 16:28:32.473 ERROR [main] DataDownload : ❌ Failed to download BBY [MIN_15]: Failed to connect to TWS at 127.0.0.1:7497
2026-04-10 16:28:32.479 INFO  [main] DataDownload : 📥 Data stale for BBY [HOUR_1]: last candle 2026-04-09T21:00+02:00[Europe/Madrid] vs threshold PT2H - downloading delta
2026-04-10 16:28:32.483 ERROR [main] DataDownload : ❌ Failed to download BBY [HOUR_1]: Failed to connect to TWS at 127.0.0.1:7497
2026-04-10 16:28:32.496 INFO  [main] DataDownload : 📥 Data stale for BDX [MIN_5]: last candle 2026-04-09T21:55+02:00[Europe/Madrid] vs threshold PT15M - downloading delta
2026-04-10 16:28:32.499 ERROR [main] DataDownload : ❌ Failed to download BDX [MIN_5]: Failed to connect to TWS at 127.0.0.1:7497
2026-04-10 16:28:32.506 INFO  [main] DataDownload : 📥 Data stale for BDX [MIN_15]: last candle 2026-04-09T21:45+02:00[Europe/Madrid] vs threshold PT30M - downloading delta
2026-04-10 16:28:32.510 ERROR [main] DataDownload : ❌ Failed to download BDX [MIN_15]: Failed to connect to TWS at 127.0.0.1:7497
2026-04-10 16:28:32.517 INFO  [main] DataDownload : 📥 Data stale for BDX [HOUR_1]: last candle 2026-04-09T21:00+02:00[Europe/Madrid] vs threshold PT2H - downloading delta
2026-04-10 16:28:32.521 ERROR [main] DataDownload : ❌ Failed to download BDX [HOUR_1]: Failed to connect to TWS at 127.0.0.1:7497
2026-04-10 16:28:32.532 INFO  [main] DataDownload : 📥 Data stale for BEN [MIN_5]: last candle 2026-04-09T21:55+02:00[Europe/Madrid] vs threshold PT15M - downloading delta
2026-04-10 16:28:32.536 ERROR [main] DataDownload : ❌ Failed to download BEN [MIN_5]: Failed to connect to TWS at 127.0.0.1:7497
2026-04-10 16:28:32.541 INFO  [main] DataDownload : 📥 Data stale for BEN [MIN_15]: last candle 2026-04-09T21:45+02:00[Europe/Madrid] vs threshold PT30M - downloading delta
2026-04-10 16:28:32.545 ERROR [main] DataDownload : ❌ Failed to download BEN [MIN_15]: Failed to connect to TWS at 127.0.0.1:7497
2026-04-10 16:28:32.553 INFO  [main] DataDownload : 📥 Data stale for BEN [HOUR_1]: last candle 2026-04-09T21:00+02:00[Europe/Madrid] vs threshold PT2H - downloading delta
2026-04-10 16:28:32.557 ERROR [main] DataDownload : ❌ Failed to download BEN [HOUR_1]: Failed to connect to TWS at 127.0.0.1:7497
2026-04-10 16:28:32.566 INFO  [main] DataDownload : 📥 Data stale for BG [MIN_5]: last candle 2026-04-09T21:55+02:00[Europe/Madrid] vs threshold PT15M - downloading delta
2026-04-10 16:28:32.570 ERROR [main] DataDownload : ❌ Failed to download BG [MIN_5]: Failed to connect to TWS at 127.0.0.1:7497
2026-04-10 16:28:32.575 INFO  [main] DataDownload : 📥 Data stale for BG [MIN_15]: last candle 2026-04-09T21:45+02:00[Europe/Madrid] vs threshold PT30M - downloading delta
2026-04-10 16:28:32.579 ERROR [main] DataDownload : ❌ Failed to download BG [MIN_15]: Failed to connect to TWS at 127.0.0.1:7497
2026-04-10 16:28:32.584 INFO  [main] DataDownload : 📥 Data stale for BG [HOUR_1]: last candle 2026-04-09T21:00+02:00[Europe/Madrid] vs threshold PT2H - downloading delta
2026-04-10 16:28:32.587 ERROR [main] DataDownload : ❌ Failed to download BG [HOUR_1]: Failed to connect to TWS at 127.0.0.1:7497
2026-04-10 16:28:32.599 INFO  [main] DataDownload : 📥 Data stale for BIIB [MIN_5]: last candle 2026-04-09T21:55+02:00[Europe/Madrid] vs threshold PT15M - downloading delta
2026-04-10 16:28:32.602 ERROR [main] DataDownload : ❌ Failed to download BIIB [MIN_5]: Failed to connect to TWS at 127.0.0.1:7497
2026-04-10 16:28:32.609 INFO  [main] DataDownload : 📥 Data stale for BIIB [MIN_15]: last candle 2026-04-09T21:45+02:00[Europe/Madrid] vs threshold PT30M - downloading delta
2026-04-10 16:28:32.617 ERROR [main] DataDownload : ❌ Failed to download BIIB [MIN_15]: Failed to connect to TWS at 127.0.0.1:7497
2026-04-10 16:28:32.627 INFO  [main] DataDownload : 📥 Data stale for BIIB [HOUR_1]: last candle 2026-04-09T21:00+02:00[Europe/Madrid] vs threshold PT2H - downloading delta
2026-04-10 16:28:32.632 ERROR [main] DataDownload : ❌ Failed to download BIIB [HOUR_1]: Failed to connect to TWS at 127.0.0.1:7497
2026-04-10 16:28:32.645 INFO  [main] DataDownload : 📥 Data stale for BIO [MIN_5]: last candle 2026-04-09T21:55+02:00[Europe/Madrid] vs threshold PT15M - downloading delta
2026-04-10 16:28:32.649 ERROR [main] DataDownload : ❌ Failed to download BIO [MIN_5]: Failed to connect to TWS at 127.0.0.1:7497
2026-04-10 16:28:32.657 INFO  [main] DataDownload : 📥 Data stale for BIO [MIN_15]: last candle 2026-04-09T21:45+02:00[Europe/Madrid] vs threshold PT30M - downloading delta
2026-04-10 16:28:32.661 ERROR [main] DataDownload : ❌ Failed to download BIO [MIN_15]: Failed to connect to TWS at 127.0.0.1:7497
2026-04-10 16:28:32.666 INFO  [main] DataDownload : 📥 Data stale for BIO [HOUR_1]: last candle 2026-04-09T21:00+02:00[Europe/Madrid] vs threshold PT2H - downloading delta
2026-04-10 16:28:32.671 ERROR [main] DataDownload : ❌ Failed to download BIO [HOUR_1]: Failed to connect to TWS at 127.0.0.1:7497
2026-04-10 16:28:32.684 INFO  [main] DataDownload : 📥 Data stale for BITX [MIN_5]: last candle 2026-04-09T21:55+02:00[Europe/Madrid] vs threshold PT15M - downloading delta
2026-04-10 16:28:32.689 ERROR [main] DataDownload : ❌ Failed to download BITX [MIN_5]: Failed to connect to TWS at 127.0.0.1:7497
2026-04-10 16:28:32.695 INFO  [main] DataDownload : 📥 Data stale for BITX [MIN_15]: last candle 2026-04-09T21:45+02:00[Europe/Madrid] vs threshold PT30M - downloading delta
2026-04-10 16:28:32.700 ERROR [main] DataDownload : ❌ Failed to download BITX [MIN_15]: Failed to connect to TWS at 127.0.0.1:7497
2026-04-10 16:28:32.707 INFO  [main] DataDownload : 📥 Data stale for BITX [HOUR_1]: last candle 2026-04-09T21:00+02:00[Europe/Madrid] vs threshold PT2H - downloading delta
2026-04-10 16:28:32.711 ERROR [main] DataDownload : ❌ Failed to download BITX [HOUR_1]: Failed to connect to TWS at 127.0.0.1:7497
2026-04-10 16:28:32.724 INFO  [main] DataDownload : 📥 Data stale for BK [MIN_5]: last candle 2026-04-09T21:55+02:00[Europe/Madrid] vs threshold PT15M - downloading delta
2026-04-10 16:28:32.728 ERROR [main] DataDownload : ❌ Failed to download BK [MIN_5]: Failed to connect to TWS at 127.0.0.1:7497
2026-04-10 16:28:32.734 INFO  [main] DataDownload : 📥 Data stale for BK [MIN_15]: last candle 2026-04-09T21:45+02:00[Europe/Madrid] vs threshold PT30M - downloading delta
2026-04-10 16:28:32.739 ERROR [main] DataDownload : ❌ Failed to download BK [MIN_15]: Failed to connect to TWS at 127.0.0.1:7497
2026-04-10 16:28:32.744 INFO  [main] DataDownload : 📥 Data stale for BK [HOUR_1]: last candle 2026-04-09T21:00+02:00[Europe/Madrid] vs threshold PT2H - downloading delta
2026-04-10 16:28:32.748 ERROR [main] DataDownload : ❌ Failed to download BK [HOUR_1]: Failed to connect to TWS at 127.0.0.1:7497
2026-04-10 16:28:32.758 INFO  [main] DataDownload : 📥 Data stale for BKNG [MIN_5]: last candle 2026-04-09T21:55+02:00[Europe/Madrid] vs threshold PT15M - downloading delta
2026-04-10 16:28:32.761 ERROR [main] DataDownload : ❌ Failed to download BKNG [MIN_5]: Failed to connect to TWS at 127.0.0.1:7497
2026-04-10 16:28:32.766 INFO  [main] DataDownload : 📥 Data stale for BKNG [MIN_15]: last candle 2026-04-09T21:45+02:00[Europe/Madrid] vs threshold PT30M - downloading delta
2026-04-10 16:28:32.770 ERROR [main] DataDownload : ❌ Failed to download BKNG [MIN_15]: Failed to connect to TWS at 127.0.0.1:7497
2026-04-10 16:28:32.776 INFO  [main] DataDownload : 📥 Data stale for BKNG [HOUR_1]: last candle 2026-04-09T21:00+02:00[Europe/Madrid] vs threshold PT2H - downloading delta
2026-04-10 16:28:32.779 ERROR [main] DataDownload : ❌ Failed to download BKNG [HOUR_1]: Failed to connect to TWS at 127.0.0.1:7497
2026-04-10 16:28:32.790 INFO  [main] DataDownload : 📥 Data stale for BKR [MIN_5]: last candle 2026-04-09T21:55+02:00[Europe/Madrid] vs threshold PT15M - downloading delta
2026-04-10 16:28:32.794 ERROR [main] DataDownload : ❌ Failed to download BKR [MIN_5]: Failed to connect to TWS at 127.0.0.1:7497
2026-04-10 16:28:32.801 INFO  [main] DataDownload : 📥 Data stale for BKR [MIN_15]: last candle 2026-04-09T21:45+02:00[Europe/Madrid] vs threshold PT30M - downloading delta
2026-04-10 16:28:32.805 ERROR [main] DataDownload : ❌ Failed to download BKR [MIN_15]: Failed to connect to TWS at 127.0.0.1:7497
2026-04-10 16:28:32.816 INFO  [main] DataDownload : 📥 Data stale for BKR [HOUR_1]: last candle 2026-04-09T21:00+02:00[Europe/Madrid] vs threshold PT2H - downloading delta
2026-04-10 16:28:32.822 ERROR [main] DataDownload : ❌ Failed to download BKR [HOUR_1]: Failed to connect to TWS at 127.0.0.1:7497
2026-04-10 16:28:32.840 INFO  [main] DataDownload : 📥 Data stale for BLDR [MIN_5]: last candle 2026-04-09T21:55+02:00[Europe/Madrid] vs threshold PT15M - downloading delta
2026-04-10 16:28:32.846 ERROR [main] DataDownload : ❌ Failed to download BLDR [MIN_5]: Failed to connect to TWS at 127.0.0.1:7497
2026-04-10 16:28:32.858 INFO  [main] DataDownload : 📥 Data stale for BLDR [MIN_15]: last candle 2026-04-09T21:45+02:00[Europe/Madrid] vs threshold PT30M - downloading delta
2026-04-10 16:28:32.863 ERROR [main] DataDownload : ❌ Failed to download BLDR [MIN_15]: Failed to connect to TWS at 127.0.0.1:7497
2026-04-10 16:28:32.872 INFO  [main] DataDownload : 📥 Data stale for BLDR [HOUR_1]: last candle 2026-04-09T21:00+02:00[Europe/Madrid] vs threshold PT2H - downloading delta
2026-04-10 16:28:32.876 ERROR [main] DataDownload : ❌ Failed to download BLDR [HOUR_1]: Failed to connect to TWS at 127.0.0.1:7497
2026-04-10 16:28:32.890 INFO  [main] DataDownload : 📥 Data stale for BLK [MIN_5]: last candle 2026-04-09T21:55+02:00[Europe/Madrid] vs threshold PT15M - downloading delta
2026-04-10 16:28:32.894 ERROR [main] DataDownload : ❌ Failed to download BLK [MIN_5]: Failed to connect to TWS at 127.0.0.1:7497
2026-04-10 16:28:32.901 INFO  [main] DataDownload : 📥 Data stale for BLK [MIN_15]: last candle 2026-04-09T21:45+02:00[Europe/Madrid] vs threshold PT30M - downloading delta
2026-04-10 16:28:32.906 ERROR [main] DataDownload : ❌ Failed to download BLK [MIN_15]: Failed to connect to TWS at 127.0.0.1:7497
2026-04-10 16:28:32.913 INFO  [main] DataDownload : 📥 Data stale for BLK [HOUR_1]: last candle 2026-04-09T21:00+02:00[Europe/Madrid] vs threshold PT2H - downloading delta
2026-04-10 16:28:32.917 ERROR [main] DataDownload : ❌ Failed to download BLK [HOUR_1]: Failed to connect to TWS at 127.0.0.1:7497
2026-04-10 16:28:32.931 INFO  [main] DataDownload : 📥 Data stale for BMY [MIN_5]: last candle 2026-04-09T21:55+02:00[Europe/Madrid] vs threshold PT15M - downloading delta
2026-04-10 16:28:32.935 ERROR [main] DataDownload : ❌ Failed to download BMY [MIN_5]: Failed to connect to TWS at 127.0.0.1:7497
2026-04-10 16:28:32.940 INFO  [main] DataDownload : 📥 Data stale for BMY [MIN_15]: last candle 2026-04-09T21:45+02:00[Europe/Madrid] vs threshold PT30M - downloading delta
2026-04-10 16:28:32.944 ERROR [main] DataDownload : ❌ Failed to download BMY [MIN_15]: Failed to connect to TWS at 127.0.0.1:7497
2026-04-10 16:28:32.949 INFO  [main] DataDownload : 📥 Data stale for BMY [HOUR_1]: last candle 2026-04-09T21:00+02:00[Europe/Madrid] vs threshold PT2H - downloading delta
2026-04-10 16:28:32.954 ERROR [main] DataDownload : ❌ Failed to download BMY [HOUR_1]: Failed to connect to TWS at 127.0.0.1:7497
2026-04-10 16:28:32.965 INFO  [main] DataDownload : 📥 Data stale for BR [MIN_5]: last candle 2026-04-09T21:55+02:00[Europe/Madrid] vs threshold PT15M - downloading delta
2026-04-10 16:28:32.970 ERROR [main] DataDownload : ❌ Failed to download BR [MIN_5]: Failed to connect to TWS at 127.0.0.1:7497
2026-04-10 16:28:32.976 INFO  [main] DataDownload : 📥 Data stale for BR [MIN_15]: last candle 2026-04-09T21:45+02:00[Europe/Madrid] vs threshold PT30M - downloading delta
2026-04-10 16:28:32.979 ERROR [main] DataDownload : ❌ Failed to download BR [MIN_15]: Failed to connect to TWS at 127.0.0.1:7497
2026-04-10 16:28:32.984 INFO  [main] DataDownload : 📥 Data stale for BR [HOUR_1]: last candle 2026-04-09T21:00+02:00[Europe/Madrid] vs threshold PT2H - downloading delta
2026-04-10 16:28:32.989 ERROR [main] DataDownload : ❌ Failed to download BR [HOUR_1]: Failed to connect to TWS at 127.0.0.1:7497
2026-04-10 16:28:32.998 INFO  [main] DataDownload : 📥 Data stale for BSX [MIN_5]: last candle 2026-04-09T21:55+02:00[Europe/Madrid] vs threshold PT15M - downloading delta
2026-04-10 16:28:33.002 ERROR [main] DataDownload : ❌ Failed to download BSX [MIN_5]: Failed to connect to TWS at 127.0.0.1:7497
2026-04-10 16:28:33.013 INFO  [main] DataDownload : 📥 Data stale for BSX [MIN_15]: last candle 2026-04-09T21:45+02:00[Europe/Madrid] vs threshold PT30M - downloading delta
2026-04-10 16:28:33.019 ERROR [main] DataDownload : ❌ Failed to download BSX [MIN_15]: Failed to connect to TWS at 127.0.0.1:7497
2026-04-10 16:28:33.035 INFO  [main] DataDownload : 📥 Data stale for BSX [HOUR_1]: last candle 2026-04-09T21:00+02:00[Europe/Madrid] vs threshold PT2H - downloading delta
2026-04-10 16:28:33.042 ERROR [main] DataDownload : ❌ Failed to download BSX [HOUR_1]: Failed to connect to TWS at 127.0.0.1:7497
2026-04-10 16:28:33.065 INFO  [main] DataDownload : 📥 Data stale for BWA [MIN_5]: last candle 2026-04-09T21:55+02:00[Europe/Madrid] vs threshold PT15M - downloading delta
2026-04-10 16:28:33.070 ERROR [main] DataDownload : ❌ Failed to download BWA [MIN_5]: Failed to connect to TWS at 127.0.0.1:7497
2026-04-10 16:28:33.079 INFO  [main] DataDownload : 📥 Data stale for BWA [MIN_15]: last candle 2026-04-09T21:45+02:00[Europe/Madrid] vs threshold PT30M - downloading delta
2026-04-10 16:28:33.085 ERROR [main] DataDownload : ❌ Failed to download BWA [MIN_15]: Failed to connect to TWS at 127.0.0.1:7497
2026-04-10 16:28:33.093 INFO  [main] DataDownload : 📥 Data stale for BWA [HOUR_1]: last candle 2026-04-09T21:00+02:00[Europe/Madrid] vs threshold PT2H - downloading delta
2026-04-10 16:28:33.097 ERROR [main] DataDownload : ❌ Failed to download BWA [HOUR_1]: Failed to connect to TWS at 127.0.0.1:7497
2026-04-10 16:28:33.110 INFO  [main] DataDownload : 📥 Data stale for BX [MIN_5]: last candle 2026-04-09T21:55+02:00[Europe/Madrid] vs threshold PT15M - downloading delta
2026-04-10 16:28:33.115 ERROR [main] DataDownload : ❌ Failed to download BX [MIN_5]: Failed to connect to TWS at 127.0.0.1:7497
2026-04-10 16:28:33.121 INFO  [main] DataDownload : 📥 Data stale for BX [MIN_15]: last candle 2026-04-09T21:45+02:00[Europe/Madrid] vs threshold PT30M - downloading delta
2026-04-10 16:28:33.126 ERROR [main] DataDownload : ❌ Failed to download BX [MIN_15]: Failed to connect to TWS at 127.0.0.1:7497
2026-04-10 16:28:33.132 INFO  [main] DataDownload : 📥 Data stale for BX [HOUR_1]: last candle 2026-04-09T21:00+02:00[Europe/Madrid] vs threshold PT2H - downloading delta
2026-04-10 16:28:33.136 ERROR [main] DataDownload : ❌ Failed to download BX [HOUR_1]: Failed to connect to TWS at 127.0.0.1:7497
2026-04-10 16:28:33.147 INFO  [main] DataDownload : 📥 Data stale for BYND [MIN_5]: last candle 2026-04-09T21:55+02:00[Europe/Madrid] vs threshold PT15M - downloading delta
2026-04-10 16:28:33.151 ERROR [main] DataDownload : ❌ Failed to download BYND [MIN_5]: Failed to connect to TWS at 127.0.0.1:7497
2026-04-10 16:28:33.156 INFO  [main] DataDownload : 📥 Data stale for BYND [MIN_15]: last candle 2026-04-09T21:45+02:00[Europe/Madrid] vs threshold PT30M - downloading delta
2026-04-10 16:28:33.160 ERROR [main] DataDownload : ❌ Failed to download BYND [MIN_15]: Failed to connect to TWS at 127.0.0.1:7497
2026-04-10 16:28:33.166 INFO  [main] DataDownload : 📥 Data stale for BYND [HOUR_1]: last candle 2026-04-09T21:00+02:00[Europe/Madrid] vs threshold PT2H - downloading delta
2026-04-10 16:28:33.170 ERROR [main] DataDownload : ❌ Failed to download BYND [HOUR_1]: Failed to connect to TWS at 127.0.0.1:7497
2026-04-10 16:28:33.180 INFO  [main] DataDownload : 📥 Data stale for C [MIN_5]: last candle 2026-04-09T21:55+02:00[Europe/Madrid] vs threshold PT15M - downloading delta
2026-04-10 16:28:33.184 ERROR [main] DataDownload : ❌ Failed to download C [MIN_5]: Failed to connect to TWS at 127.0.0.1:7497
2026-04-10 16:28:33.190 INFO  [main] DataDownload : 📥 Data stale for C [MIN_15]: last candle 2026-04-09T21:45+02:00[Europe/Madrid] vs threshold PT30M - downloading delta
2026-04-10 16:28:33.194 ERROR [main] DataDownload : ❌ Failed to download C [MIN_15]: Failed to connect to TWS at 127.0.0.1:7497
2026-04-10 16:28:33.199 INFO  [main] DataDownload : 📥 Data stale for C [HOUR_1]: last candle 2026-04-09T21:00+02:00[Europe/Madrid] vs threshold PT2H - downloading delta
2026-04-10 16:28:33.203 ERROR [main] DataDownload : ❌ Failed to download C [HOUR_1]: Failed to connect to TWS at 127.0.0.1:7497
2026-04-10 16:28:33.214 INFO  [main] DataDownload : 📥 Data stale for CAG [MIN_5]: last candle 2026-04-09T21:55+02:00[Europe/Madrid] vs threshold PT15M - downloading delta
2026-04-10 16:28:33.220 ERROR [main] DataDownload : ❌ Failed to download CAG [MIN_5]: Failed to connect to TWS at 127.0.0.1:7497
2026-04-10 16:28:33.228 INFO  [main] DataDownload : 📥 Data stale for CAG [MIN_15]: last candle 2026-04-09T21:45+02:00[Europe/Madrid] vs threshold PT30M - downloading delta
2026-04-10 16:28:33.232 ERROR [main] DataDownload : ❌ Failed to download CAG [MIN_15]: Failed to connect to TWS at 127.0.0.1:7497
2026-04-10 16:28:33.240 INFO  [main] DataDownload : 📥 Data stale for CAG [HOUR_1]: last candle 2026-04-09T21:00+02:00[Europe/Madrid] vs threshold PT2H - downloading delta
2026-04-10 16:28:33.244 ERROR [main] DataDownload : ❌ Failed to download CAG [HOUR_1]: Failed to connect to TWS at 127.0.0.1:7497
2026-04-10 16:28:33.257 INFO  [main] DataDownload : 📥 Data stale for CAH [MIN_5]: last candle 2026-04-09T21:55+02:00[Europe/Madrid] vs threshold PT15M - downloading delta
2026-04-10 16:28:33.262 ERROR [main] DataDownload : ❌ Failed to download CAH [MIN_5]: Failed to connect to TWS at 127.0.0.1:7497
2026-04-10 16:28:33.270 INFO  [main] DataDownload : 📥 Data stale for CAH [MIN_15]: last candle 2026-04-09T21:45+02:00[Europe/Madrid] vs threshold PT30M - downloading delta
2026-04-10 16:28:33.274 ERROR [main] DataDownload : ❌ Failed to download CAH [MIN_15]: Failed to connect to TWS at 127.0.0.1:7497
2026-04-10 16:28:33.281 INFO  [main] DataDownload : 📥 Data stale for CAH [HOUR_1]: last candle 2026-04-09T21:00+02:00[Europe/Madrid] vs threshold PT2H - downloading delta
2026-04-10 16:28:33.285 ERROR [main] DataDownload : ❌ Failed to download CAH [HOUR_1]: Failed to connect to TWS at 127.0.0.1:7497
2026-04-10 16:28:33.298 INFO  [main] DataDownload : 📥 Data stale for CARR [MIN_5]: last candle 2026-04-09T21:55+02:00[Europe/Madrid] vs threshold PT15M - downloading delta
2026-04-10 16:28:33.302 ERROR [main] DataDownload : ❌ Failed to download CARR [MIN_5]: Failed to connect to TWS at 127.0.0.1:7497
2026-04-10 16:28:33.309 INFO  [main] DataDownload : 📥 Data stale for CARR [MIN_15]: last candle 2026-04-09T21:45+02:00[Europe/Madrid] vs threshold PT30M - downloading delta
2026-04-10 16:28:33.313 ERROR [main] DataDownload : ❌ Failed to download CARR [MIN_15]: Failed to connect to TWS at 127.0.0.1:7497
2026-04-10 16:28:33.319 INFO  [main] DataDownload : 📥 Data stale for CARR [HOUR_1]: last candle 2026-04-09T21:00+02:00[Europe/Madrid] vs threshold PT2H - downloading delta
2026-04-10 16:28:33.325 ERROR [main] DataDownload : ❌ Failed to download CARR [HOUR_1]: Failed to connect to TWS at 127.0.0.1:7497
2026-04-10 16:28:33.338 INFO  [main] DataDownload : 📥 Data stale for CAT [MIN_5]: last candle 2026-04-09T21:55+02:00[Europe/Madrid] vs threshold PT15M - downloading delta
2026-04-10 16:28:33.342 ERROR [main] DataDownload : ❌ Failed to download CAT [MIN_5]: Failed to connect to TWS at 127.0.0.1:7497
2026-04-10 16:28:33.349 INFO  [main] DataDownload : 📥 Data stale for CAT [MIN_15]: last candle 2026-04-09T21:45+02:00[Europe/Madrid] vs threshold PT30M - downloading delta
2026-04-10 16:28:33.352 ERROR [main] DataDownload : ❌ Failed to download CAT [MIN_15]: Failed to connect to TWS at 127.0.0.1:7497
2026-04-10 16:28:33.358 INFO  [main] DataDownload : 📥 Data stale for CAT [HOUR_1]: last candle 2026-04-09T21:00+02:00[Europe/Madrid] vs threshold PT2H - downloading delta
2026-04-10 16:28:33.361 ERROR [main] DataDownload : ❌ Failed to download CAT [HOUR_1]: Failed to connect to TWS at 127.0.0.1:7497
2026-04-10 16:28:33.372 INFO  [main] DataDownload : 📥 Data stale for CB [MIN_5]: last candle 2026-04-09T21:55+02:00[Europe/Madrid] vs threshold PT15M - downloading delta
2026-04-10 16:28:33.379 ERROR [main] DataDownload : ❌ Failed to download CB [MIN_5]: Failed to connect to TWS at 127.0.0.1:7497
2026-04-10 16:28:33.384 INFO  [main] DataDownload : 📥 Data stale for CB [MIN_15]: last candle 2026-04-09T21:45+02:00[Europe/Madrid] vs threshold PT30M - downloading delta
2026-04-10 16:28:33.388 ERROR [main] DataDownload : ❌ Failed to download CB [MIN_15]: Failed to connect to TWS at 127.0.0.1:7497
2026-04-10 16:28:33.393 INFO  [main] DataDownload : 📥 Data stale for CB [HOUR_1]: last candle 2026-04-09T21:00+02:00[Europe/Madrid] vs threshold PT2H - downloading delta
2026-04-10 16:28:33.397 ERROR [main] DataDownload : ❌ Failed to download CB [HOUR_1]: Failed to connect to TWS at 127.0.0.1:7497
2026-04-10 16:28:33.408 INFO  [main] DataDownload : 📥 Data stale for CBOE [MIN_5]: last candle 2026-04-09T21:55+02:00[Europe/Madrid] vs threshold PT15M - downloading delta
2026-04-10 16:28:33.413 ERROR [main] DataDownload : ❌ Failed to download CBOE [MIN_5]: Failed to connect to TWS at 127.0.0.1:7497
2026-04-10 16:28:33.418 INFO  [main] DataDownload : 📥 Data stale for CBOE [MIN_15]: last candle 2026-04-09T21:45+02:00[Europe/Madrid] vs threshold PT30M - downloading delta
2026-04-10 16:28:33.424 ERROR [main] DataDownload : ❌ Failed to download CBOE [MIN_15]: Failed to connect to TWS at 127.0.0.1:7497
2026-04-10 16:28:33.435 INFO  [main] DataDownload : 📥 Data stale for CBOE [HOUR_1]: last candle 2026-04-09T21:00+02:00[Europe/Madrid] vs threshold PT2H - downloading delta
2026-04-10 16:28:33.438 ERROR [main] DataDownload : ❌ Failed to download CBOE [HOUR_1]: Failed to connect to TWS at 127.0.0.1:7497
2026-04-10 16:28:33.461 INFO  [main] DataDownload : 📥 Data stale for CBRE [MIN_5]: last candle 2026-04-09T21:55+02:00[Europe/Madrid] vs threshold PT15M - downloading delta
2026-04-10 16:28:33.467 ERROR [main] DataDownload : ❌ Failed to download CBRE [MIN_5]: Failed to connect to TWS at 127.0.0.1:7497
2026-04-10 16:28:33.478 INFO  [main] DataDownload : 📥 Data stale for CBRE [MIN_15]: last candle 2026-04-09T21:45+02:00[Europe/Madrid] vs threshold PT30M - downloading delta
2026-04-10 16:28:33.484 ERROR [main] DataDownload : ❌ Failed to download CBRE [MIN_15]: Failed to connect to TWS at 127.0.0.1:7497
2026-04-10 16:28:33.498 INFO  [main] DataDownload : 📥 Data stale for CBRE [HOUR_1]: last candle 2026-04-09T21:00+02:00[Europe/Madrid] vs threshold PT2H - downloading delta
2026-04-10 16:28:33.503 ERROR [main] DataDownload : ❌ Failed to download CBRE [HOUR_1]: Failed to connect to TWS at 127.0.0.1:7497
2026-04-10 16:28:33.522 INFO  [main] DataDownload : 📥 Data stale for CCI [MIN_5]: last candle 2026-04-09T21:55+02:00[Europe/Madrid] vs threshold PT15M - downloading delta
2026-04-10 16:28:33.526 ERROR [main] DataDownload : ❌ Failed to download CCI [MIN_5]: Failed to connect to TWS at 127.0.0.1:7497
2026-04-10 16:28:33.534 INFO  [main] DataDownload : 📥 Data stale for CCI [MIN_15]: last candle 2026-04-09T21:45+02:00[Europe/Madrid] vs threshold PT30M - downloading delta
2026-04-10 16:28:33.538 ERROR [main] DataDownload : ❌ Failed to download CCI [MIN_15]: Failed to connect to TWS at 127.0.0.1:7497
2026-04-10 16:28:33.545 INFO  [main] DataDownload : 📥 Data stale for CCI [HOUR_1]: last candle 2026-04-09T21:00+02:00[Europe/Madrid] vs threshold PT2H - downloading delta
2026-04-10 16:28:33.549 ERROR [main] DataDownload : ❌ Failed to download CCI [HOUR_1]: Failed to connect to TWS at 127.0.0.1:7497
2026-04-10 16:28:33.562 INFO  [main] DataDownload : 📥 Data stale for CCL [MIN_5]: last candle 2026-04-09T21:55+02:00[Europe/Madrid] vs threshold PT15M - downloading delta
2026-04-10 16:28:33.565 ERROR [main] DataDownload : ❌ Failed to download CCL [MIN_5]: Failed to connect to TWS at 127.0.0.1:7497
2026-04-10 16:28:33.573 INFO  [main] DataDownload : 📥 Data stale for CCL [MIN_15]: last candle 2026-04-09T21:45+02:00[Europe/Madrid] vs threshold PT30M - downloading delta
2026-04-10 16:28:33.577 ERROR [main] DataDownload : ❌ Failed to download CCL [MIN_15]: Failed to connect to TWS at 127.0.0.1:7497
2026-04-10 16:28:33.585 INFO  [main] DataDownload : 📥 Data stale for CCL [HOUR_1]: last candle 2026-04-09T21:00+02:00[Europe/Madrid] vs threshold PT2H - downloading delta
2026-04-10 16:28:33.591 ERROR [main] DataDownload : ❌ Failed to download CCL [HOUR_1]: Failed to connect to TWS at 127.0.0.1:7497
2026-04-10 16:28:33.604 INFO  [main] DataDownload : 📥 Data stale for CDNS [MIN_5]: last candle 2026-04-09T21:55+02:00[Europe/Madrid] vs threshold PT15M - downloading delta
2026-04-10 16:28:33.608 ERROR [main] DataDownload : ❌ Failed to download CDNS [MIN_5]: Failed to connect to TWS at 127.0.0.1:7497
2026-04-10 16:28:33.617 INFO  [main] DataDownload : 📥 Data stale for CDNS [MIN_15]: last candle 2026-04-09T21:45+02:00[Europe/Madrid] vs threshold PT30M - downloading delta
2026-04-10 16:28:33.621 ERROR [main] DataDownload : ❌ Failed to download CDNS [MIN_15]: Failed to connect to TWS at 127.0.0.1:7497
2026-04-10 16:28:33.627 INFO  [main] DataDownload : 📥 Data stale for CDNS [HOUR_1]: last candle 2026-04-09T21:00+02:00[Europe/Madrid] vs threshold PT2H - downloading delta
2026-04-10 16:28:33.632 ERROR [main] DataDownload : ❌ Failed to download CDNS [HOUR_1]: Failed to connect to TWS at 127.0.0.1:7497
2026-04-10 16:28:33.644 INFO  [main] DataDownload : 📥 Data stale for CDW [MIN_5]: last candle 2026-04-09T21:55+02:00[Europe/Madrid] vs threshold PT15M - downloading delta
2026-04-10 16:28:33.648 ERROR [main] DataDownload : ❌ Failed to download CDW [MIN_5]: Failed to connect to TWS at 127.0.0.1:7497
2026-04-10 16:28:33.655 INFO  [main] DataDownload : 📥 Data stale for CDW [MIN_15]: last candle 2026-04-09T21:45+02:00[Europe/Madrid] vs threshold PT30M - downloading delta
2026-04-10 16:28:33.659 ERROR [main] DataDownload : ❌ Failed to download CDW [MIN_15]: Failed to connect to TWS at 127.0.0.1:7497
2026-04-10 16:28:33.666 INFO  [main] DataDownload : 📥 Data stale for CDW [HOUR_1]: last candle 2026-04-09T21:00+02:00[Europe/Madrid] vs threshold PT2H - downloading delta
2026-04-10 16:28:33.669 ERROR [main] DataDownload : ❌ Failed to download CDW [HOUR_1]: Failed to connect to TWS at 127.0.0.1:7497
2026-04-10 16:28:33.688 INFO  [main] DataDownload : 📥 Data stale for CE [MIN_5]: last candle 2026-04-09T21:55+02:00[Europe/Madrid] vs threshold PT15M - downloading delta
2026-04-10 16:28:33.693 ERROR [main] DataDownload : ❌ Failed to download CE [MIN_5]: Failed to connect to TWS at 127.0.0.1:7497
2026-04-10 16:28:33.700 INFO  [main] DataDownload : 📥 Data stale for CE [MIN_15]: last candle 2026-04-09T21:45+02:00[Europe/Madrid] vs threshold PT30M - downloading delta
2026-04-10 16:28:33.704 ERROR [main] DataDownload : ❌ Failed to download CE [MIN_15]: Failed to connect to TWS at 127.0.0.1:7497
2026-04-10 16:28:33.717 INFO  [main] DataDownload : 📥 Data stale for CE [HOUR_1]: last candle 2026-04-09T21:00+02:00[Europe/Madrid] vs threshold PT2H - downloading delta
2026-04-10 16:28:33.724 ERROR [main] DataDownload : ❌ Failed to download CE [HOUR_1]: Failed to connect to TWS at 127.0.0.1:7497
2026-04-10 16:28:33.737 INFO  [main] DataDownload : 📥 Data stale for CEG [MIN_5]: last candle 2026-04-09T21:55+02:00[Europe/Madrid] vs threshold PT15M - downloading delta
2026-04-10 16:28:33.741 ERROR [main] DataDownload : ❌ Failed to download CEG [MIN_5]: Failed to connect to TWS at 127.0.0.1:7497
2026-04-10 16:28:33.748 INFO  [main] DataDownload : 📥 Data stale for CEG [MIN_15]: last candle 2026-04-09T21:45+02:00[Europe/Madrid] vs threshold PT30M - downloading delta
2026-04-10 16:28:33.752 ERROR [main] DataDownload : ❌ Failed to download CEG [MIN_15]: Failed to connect to TWS at 127.0.0.1:7497
2026-04-10 16:28:33.759 INFO  [main] DataDownload : 📥 Data stale for CEG [HOUR_1]: last candle 2026-04-09T21:00+02:00[Europe/Madrid] vs threshold PT2H - downloading delta
2026-04-10 16:28:33.762 ERROR [main] DataDownload : ❌ Failed to download CEG [HOUR_1]: Failed to connect to TWS at 127.0.0.1:7497
2026-04-10 16:28:33.776 INFO  [main] DataDownload : 📥 Data stale for CF [MIN_5]: last candle 2026-04-09T21:55+02:00[Europe/Madrid] vs threshold PT15M - downloading delta
2026-04-10 16:28:33.781 ERROR [main] DataDownload : ❌ Failed to download CF [MIN_5]: Failed to connect to TWS at 127.0.0.1:7497
2026-04-10 16:28:33.788 INFO  [main] DataDownload : 📥 Data stale for CF [MIN_15]: last candle 2026-04-09T21:45+02:00[Europe/Madrid] vs threshold PT30M - downloading delta
2026-04-10 16:28:33.792 ERROR [main] DataDownload : ❌ Failed to download CF [MIN_15]: Failed to connect to TWS at 127.0.0.1:7497
2026-04-10 16:28:33.798 INFO  [main] DataDownload : 📥 Data stale for CF [HOUR_1]: last candle 2026-04-09T21:00+02:00[Europe/Madrid] vs threshold PT2H - downloading delta
2026-04-10 16:28:33.802 ERROR [main] DataDownload : ❌ Failed to download CF [HOUR_1]: Failed to connect to TWS at 127.0.0.1:7497
2026-04-10 16:28:33.816 INFO  [main] DataDownload : 📥 Data stale for CFG [MIN_5]: last candle 2026-04-09T21:55+02:00[Europe/Madrid] vs threshold PT15M - downloading delta
2026-04-10 16:28:33.820 ERROR [main] DataDownload : ❌ Failed to download CFG [MIN_5]: Failed to connect to TWS at 127.0.0.1:7497
2026-04-10 16:28:33.828 INFO  [main] DataDownload : 📥 Data stale for CFG [MIN_15]: last candle 2026-04-09T21:45+02:00[Europe/Madrid] vs threshold PT30M - downloading delta
2026-04-10 16:28:33.833 ERROR [main] DataDownload : ❌ Failed to download CFG [MIN_15]: Failed to connect to TWS at 127.0.0.1:7497
2026-04-10 16:28:33.845 INFO  [main] DataDownload : 📥 Data stale for CFG [HOUR_1]: last candle 2026-04-09T21:00+02:00[Europe/Madrid] vs threshold PT2H - downloading delta
2026-04-10 16:28:33.850 ERROR [main] DataDownload : ❌ Failed to download CFG [HOUR_1]: Failed to connect to TWS at 127.0.0.1:7497
2026-04-10 16:28:33.865 INFO  [main] DataDownload : 📥 Data stale for CHD [MIN_5]: last candle 2026-04-09T21:55+02:00[Europe/Madrid] vs threshold PT15M - downloading delta
2026-04-10 16:28:33.870 ERROR [main] DataDownload : ❌ Failed to download CHD [MIN_5]: Failed to connect to TWS at 127.0.0.1:7497
2026-04-10 16:28:33.877 INFO  [main] DataDownload : 📥 Data stale for CHD [MIN_15]: last candle 2026-04-09T21:45+02:00[Europe/Madrid] vs threshold PT30M - downloading delta
2026-04-10 16:28:33.881 ERROR [main] DataDownload : ❌ Failed to download CHD [MIN_15]: Failed to connect to TWS at 127.0.0.1:7497
2026-04-10 16:28:33.888 INFO  [main] DataDownload : 📥 Data stale for CHD [HOUR_1]: last candle 2026-04-09T21:00+02:00[Europe/Madrid] vs threshold PT2H - downloading delta
2026-04-10 16:28:33.893 ERROR [main] DataDownload : ❌ Failed to download CHD [HOUR_1]: Failed to connect to TWS at 127.0.0.1:7497
2026-04-10 16:28:33.905 INFO  [main] DataDownload : 📥 Data stale for CHRW [MIN_5]: last candle 2026-04-09T21:55+02:00[Europe/Madrid] vs threshold PT15M - downloading delta
2026-04-10 16:28:33.909 ERROR [main] DataDownload : ❌ Failed to download CHRW [MIN_5]: Failed to connect to TWS at 127.0.0.1:7497
2026-04-10 16:28:33.916 INFO  [main] DataDownload : 📥 Data stale for CHRW [MIN_15]: last candle 2026-04-09T21:45+02:00[Europe/Madrid] vs threshold PT30M - downloading delta
2026-04-10 16:28:33.920 ERROR [main] DataDownload : ❌ Failed to download CHRW [MIN_15]: Failed to connect to TWS at 127.0.0.1:7497
2026-04-10 16:28:33.926 INFO  [main] DataDownload : 📥 Data stale for CHRW [HOUR_1]: last candle 2026-04-09T21:00+02:00[Europe/Madrid] vs threshold PT2H - downloading delta
2026-04-10 16:28:33.929 ERROR [main] DataDownload : ❌ Failed to download CHRW [HOUR_1]: Failed to connect to TWS at 127.0.0.1:7497
2026-04-10 16:28:33.940 INFO  [main] DataDownload : 📥 Data stale for CHTR [MIN_5]: last candle 2026-04-09T21:55+02:00[Europe/Madrid] vs threshold PT15M - downloading delta
2026-04-10 16:28:33.943 ERROR [main] DataDownload : ❌ Failed to download CHTR [MIN_5]: Failed to connect to TWS at 127.0.0.1:7497
2026-04-10 16:28:33.948 INFO  [main] DataDownload : 📥 Data stale for CHTR [MIN_15]: last candle 2026-04-09T21:45+02:00[Europe/Madrid] vs threshold PT30M - downloading delta
2026-04-10 16:28:33.952 ERROR [main] DataDownload : ❌ Failed to download CHTR [MIN_15]: Failed to connect to TWS at 127.0.0.1:7497
2026-04-10 16:28:33.958 INFO  [main] DataDownload : 📥 Data stale for CHTR [HOUR_1]: last candle 2026-04-09T21:00+02:00[Europe/Madrid] vs threshold PT2H - downloading delta
2026-04-10 16:28:33.961 ERROR [main] DataDownload : ❌ Failed to download CHTR [HOUR_1]: Failed to connect to TWS at 127.0.0.1:7497
2026-04-10 16:28:33.971 INFO  [main] DataDownload : 📥 Data stale for CI [MIN_5]: last candle 2026-04-09T21:55+02:00[Europe/Madrid] vs threshold PT15M - downloading delta
2026-04-10 16:28:33.975 ERROR [main] DataDownload : ❌ Failed to download CI [MIN_5]: Failed to connect to TWS at 127.0.0.1:7497
2026-04-10 16:28:33.981 INFO  [main] DataDownload : 📥 Data stale for CI [MIN_15]: last candle 2026-04-09T21:45+02:00[Europe/Madrid] vs threshold PT30M - downloading delta
2026-04-10 16:28:33.984 ERROR [main] DataDownload : ❌ Failed to download CI [MIN_15]: Failed to connect to TWS at 127.0.0.1:7497
2026-04-10 16:28:33.990 INFO  [main] DataDownload : 📥 Data stale for CI [HOUR_1]: last candle 2026-04-09T21:00+02:00[Europe/Madrid] vs threshold PT2H - downloading delta
2026-04-10 16:28:33.994 ERROR [main] DataDownload : ❌ Failed to download CI [HOUR_1]: Failed to connect to TWS at 127.0.0.1:7497
2026-04-10 16:28:34.007 INFO  [main] DataDownload : 📥 Data stale for CINF [MIN_5]: last candle 2026-04-09T21:55+02:00[Europe/Madrid] vs threshold PT15M - downloading delta
2026-04-10 16:28:34.011 ERROR [main] DataDownload : ❌ Failed to download CINF [MIN_5]: Failed to connect to TWS at 127.0.0.1:7497
2026-04-10 16:28:34.017 INFO  [main] DataDownload : 📥 Data stale for CINF [MIN_15]: last candle 2026-04-09T21:45+02:00[Europe/Madrid] vs threshold PT30M - downloading delta
2026-04-10 16:28:34.020 ERROR [main] DataDownload : ❌ Failed to download CINF [MIN_15]: Failed to connect to TWS at 127.0.0.1:7497
2026-04-10 16:28:34.026 INFO  [main] DataDownload : 📥 Data stale for CINF [HOUR_1]: last candle 2026-04-09T21:00+02:00[Europe/Madrid] vs threshold PT2H - downloading delta
2026-04-10 16:28:34.030 ERROR [main] DataDownload : ❌ Failed to download CINF [HOUR_1]: Failed to connect to TWS at 127.0.0.1:7497
2026-04-10 16:28:34.044 INFO  [main] DataDownload : 📥 Data stale for CL [MIN_5]: last candle 2026-04-09T21:55+02:00[Europe/Madrid] vs threshold PT15M - downloading delta
2026-04-10 16:28:34.049 ERROR [main] DataDownload : ❌ Failed to download CL [MIN_5]: Failed to connect to TWS at 127.0.0.1:7497
2026-04-10 16:28:34.055 INFO  [main] DataDownload : 📥 Data stale for CL [MIN_15]: last candle 2026-04-09T21:45+02:00[Europe/Madrid] vs threshold PT30M - downloading delta
2026-04-10 16:28:34.060 ERROR [main] DataDownload : ❌ Failed to download CL [MIN_15]: Failed to connect to TWS at 127.0.0.1:7497
2026-04-10 16:28:34.065 INFO  [main] DataDownload : 📥 Data stale for CL [HOUR_1]: last candle 2026-04-09T21:00+02:00[Europe/Madrid] vs threshold PT2H - downloading delta
2026-04-10 16:28:34.069 ERROR [main] DataDownload : ❌ Failed to download CL [HOUR_1]: Failed to connect to TWS at 127.0.0.1:7497
2026-04-10 16:28:34.080 INFO  [main] DataDownload : 📥 Data stale for CLX [MIN_5]: last candle 2026-04-09T21:55+02:00[Europe/Madrid] vs threshold PT15M - downloading delta
2026-04-10 16:28:34.083 ERROR [main] DataDownload : ❌ Failed to download CLX [MIN_5]: Failed to connect to TWS at 127.0.0.1:7497
2026-04-10 16:28:34.090 INFO  [main] DataDownload : 📥 Data stale for CLX [MIN_15]: last candle 2026-04-09T21:45+02:00[Europe/Madrid] vs threshold PT30M - downloading delta
2026-04-10 16:28:34.094 ERROR [main] DataDownload : ❌ Failed to download CLX [MIN_15]: Failed to connect to TWS at 127.0.0.1:7497
2026-04-10 16:28:34.100 INFO  [main] DataDownload : 📥 Data stale for CLX [HOUR_1]: last candle 2026-04-09T21:00+02:00[Europe/Madrid] vs threshold PT2H - downloading delta
2026-04-10 16:28:34.104 ERROR [main] DataDownload : ❌ Failed to download CLX [HOUR_1]: Failed to connect to TWS at 127.0.0.1:7497
2026-04-10 16:28:34.116 INFO  [main] DataDownload : 📥 Data stale for CMCSA [MIN_5]: last candle 2026-04-09T21:55+02:00[Europe/Madrid] vs threshold PT15M - downloading delta
2026-04-10 16:28:34.120 ERROR [main] DataDownload : ❌ Failed to download CMCSA [MIN_5]: Failed to connect to TWS at 127.0.0.1:7497
2026-04-10 16:28:34.125 INFO  [main] DataDownload : 📥 Data stale for CMCSA [MIN_15]: last candle 2026-04-09T21:45+02:00[Europe/Madrid] vs threshold PT30M - downloading delta
2026-04-10 16:28:34.130 ERROR [main] DataDownload : ❌ Failed to download CMCSA [MIN_15]: Failed to connect to TWS at 127.0.0.1:7497
2026-04-10 16:28:34.136 INFO  [main] DataDownload : 📥 Data stale for CMCSA [HOUR_1]: last candle 2026-04-09T21:00+02:00[Europe/Madrid] vs threshold PT2H - downloading delta
2026-04-10 16:28:34.140 ERROR [main] DataDownload : ❌ Failed to download CMCSA [HOUR_1]: Failed to connect to TWS at 127.0.0.1:7497
2026-04-10 16:28:34.150 INFO  [main] DataDownload : 📥 Data stale for CME [MIN_5]: last candle 2026-04-09T21:55+02:00[Europe/Madrid] vs threshold PT15M - downloading delta
2026-04-10 16:28:34.153 ERROR [main] DataDownload : ❌ Failed to download CME [MIN_5]: Failed to connect to TWS at 127.0.0.1:7497
2026-04-10 16:28:34.158 INFO  [main] DataDownload : 📥 Data stale for CME [MIN_15]: last candle 2026-04-09T21:45+02:00[Europe/Madrid] vs threshold PT30M - downloading delta
2026-04-10 16:28:34.162 ERROR [main] DataDownload : ❌ Failed to download CME [MIN_15]: Failed to connect to TWS at 127.0.0.1:7497
2026-04-10 16:28:34.168 INFO  [main] DataDownload : 📥 Data stale for CME [HOUR_1]: last candle 2026-04-09T21:00+02:00[Europe/Madrid] vs threshold PT2H - downloading delta
2026-04-10 16:28:34.172 ERROR [main] DataDownload : ❌ Failed to download CME [HOUR_1]: Failed to connect to TWS at 127.0.0.1:7497
2026-04-10 16:28:34.182 INFO  [main] DataDownload : 📥 Data stale for CMG [MIN_5]: last candle 2026-04-09T21:55+02:00[Europe/Madrid] vs threshold PT15M - downloading delta
2026-04-10 16:28:34.187 ERROR [main] DataDownload : ❌ Failed to download CMG [MIN_5]: Failed to connect to TWS at 127.0.0.1:7497
2026-04-10 16:28:34.193 INFO  [main] DataDownload : 📥 Data stale for CMG [MIN_15]: last candle 2026-04-09T21:45+02:00[Europe/Madrid] vs threshold PT30M - downloading delta
2026-04-10 16:28:34.196 ERROR [main] DataDownload : ❌ Failed to download CMG [MIN_15]: Failed to connect to TWS at 127.0.0.1:7497
2026-04-10 16:28:34.201 INFO  [main] DataDownload : 📥 Data stale for CMG [HOUR_1]: last candle 2026-04-09T21:00+02:00[Europe/Madrid] vs threshold PT2H - downloading delta
2026-04-10 16:28:34.204 ERROR [main] DataDownload : ❌ Failed to download CMG [HOUR_1]: Failed to connect to TWS at 127.0.0.1:7497
2026-04-10 16:28:34.215 INFO  [main] DataDownload : 📥 Data stale for CMI [MIN_5]: last candle 2026-04-09T21:55+02:00[Europe/Madrid] vs threshold PT15M - downloading delta
2026-04-10 16:28:34.218 ERROR [main] DataDownload : ❌ Failed to download CMI [MIN_5]: Failed to connect to TWS at 127.0.0.1:7497
2026-04-10 16:28:34.224 INFO  [main] DataDownload : 📥 Data stale for CMI [MIN_15]: last candle 2026-04-09T21:45+02:00[Europe/Madrid] vs threshold PT30M - downloading delta
2026-04-10 16:28:34.228 ERROR [main] DataDownload : ❌ Failed to download CMI [MIN_15]: Failed to connect to TWS at 127.0.0.1:7497
2026-04-10 16:28:34.237 INFO  [main] DataDownload : 📥 Data stale for CMI [HOUR_1]: last candle 2026-04-09T21:00+02:00[Europe/Madrid] vs threshold PT2H - downloading delta
2026-04-10 16:28:34.241 ERROR [main] DataDownload : ❌ Failed to download CMI [HOUR_1]: Failed to connect to TWS at 127.0.0.1:7497
2026-04-10 16:28:34.255 INFO  [main] DataDownload : 📥 Data stale for CMS [MIN_5]: last candle 2026-04-09T21:55+02:00[Europe/Madrid] vs threshold PT15M - downloading delta
2026-04-10 16:28:34.259 ERROR [main] DataDownload : ❌ Failed to download CMS [MIN_5]: Failed to connect to TWS at 127.0.0.1:7497
2026-04-10 16:28:34.264 INFO  [main] DataDownload : 📥 Data stale for CMS [MIN_15]: last candle 2026-04-09T21:45+02:00[Europe/Madrid] vs threshold PT30M - downloading delta
2026-04-10 16:28:34.267 ERROR [main] DataDownload : ❌ Failed to download CMS [MIN_15]: Failed to connect to TWS at 127.0.0.1:7497
2026-04-10 16:28:34.272 INFO  [main] DataDownload : 📥 Data stale for CMS [HOUR_1]: last candle 2026-04-09T21:00+02:00[Europe/Madrid] vs threshold PT2H - downloading delta
2026-04-10 16:28:34.276 ERROR [main] DataDownload : ❌ Failed to download CMS [HOUR_1]: Failed to connect to TWS at 127.0.0.1:7497
2026-04-10 16:28:34.286 INFO  [main] DataDownload : 📥 Data stale for CNC [MIN_5]: last candle 2026-04-09T21:55+02:00[Europe/Madrid] vs threshold PT15M - downloading delta
2026-04-10 16:28:34.289 ERROR [main] DataDownload : ❌ Failed to download CNC [MIN_5]: Failed to connect to TWS at 127.0.0.1:7497
2026-04-10 16:28:34.294 INFO  [main] DataDownload : 📥 Data stale for CNC [MIN_15]: last candle 2026-04-09T21:45+02:00[Europe/Madrid] vs threshold PT30M - downloading delta
2026-04-10 16:28:34.297 ERROR [main] DataDownload : ❌ Failed to download CNC [MIN_15]: Failed to connect to TWS at 127.0.0.1:7497
2026-04-10 16:28:34.302 INFO  [main] DataDownload : 📥 Data stale for CNC [HOUR_1]: last candle 2026-04-09T21:00+02:00[Europe/Madrid] vs threshold PT2H - downloading delta
2026-04-10 16:28:34.306 ERROR [main] DataDownload : ❌ Failed to download CNC [HOUR_1]: Failed to connect to TWS at 127.0.0.1:7497
2026-04-10 16:28:34.315 INFO  [main] DataDownload : 📥 Data stale for CNP [MIN_5]: last candle 2026-04-09T21:55+02:00[Europe/Madrid] vs threshold PT15M - downloading delta
2026-04-10 16:28:34.319 ERROR [main] DataDownload : ❌ Failed to download CNP [MIN_5]: Failed to connect to TWS at 127.0.0.1:7497
2026-04-10 16:28:34.324 INFO  [main] DataDownload : 📥 Data stale for CNP [MIN_15]: last candle 2026-04-09T21:45+02:00[Europe/Madrid] vs threshold PT30M - downloading delta
2026-04-10 16:28:34.328 ERROR [main] DataDownload : ❌ Failed to download CNP [MIN_15]: Failed to connect to TWS at 127.0.0.1:7497
2026-04-10 16:28:34.332 INFO  [main] DataDownload : 📥 Data stale for CNP [HOUR_1]: last candle 2026-04-09T21:00+02:00[Europe/Madrid] vs threshold PT2H - downloading delta
2026-04-10 16:28:34.336 ERROR [main] DataDownload : ❌ Failed to download CNP [HOUR_1]: Failed to connect to TWS at 127.0.0.1:7497
2026-04-10 16:28:34.347 INFO  [main] DataDownload : 📥 Data stale for COF [MIN_5]: last candle 2026-04-09T21:55+02:00[Europe/Madrid] vs threshold PT15M - downloading delta
2026-04-10 16:28:34.350 ERROR [main] DataDownload : ❌ Failed to download COF [MIN_5]: Failed to connect to TWS at 127.0.0.1:7497
2026-04-10 16:28:34.357 INFO  [main] DataDownload : 📥 Data stale for COF [MIN_15]: last candle 2026-04-09T21:45+02:00[Europe/Madrid] vs threshold PT30M - downloading delta
2026-04-10 16:28:34.360 ERROR [main] DataDownload : ❌ Failed to download COF [MIN_15]: Failed to connect to TWS at 127.0.0.1:7497
2026-04-10 16:28:34.366 INFO  [main] DataDownload : 📥 Data stale for COF [HOUR_1]: last candle 2026-04-09T21:00+02:00[Europe/Madrid] vs threshold PT2H - downloading delta
2026-04-10 16:28:34.369 ERROR [main] DataDownload : ❌ Failed to download COF [HOUR_1]: Failed to connect to TWS at 127.0.0.1:7497
2026-04-10 16:28:34.378 INFO  [main] DataDownload : 📥 Data stale for COIN [MIN_5]: last candle 2026-04-09T21:55+02:00[Europe/Madrid] vs threshold PT15M - downloading delta
2026-04-10 16:28:34.386 ERROR [main] DataDownload : ❌ Failed to download COIN [MIN_5]: Failed to connect to TWS at 127.0.0.1:7497
2026-04-10 16:28:34.393 INFO  [main] DataDownload : 📥 Data stale for COIN [MIN_15]: last candle 2026-04-09T21:45+02:00[Europe/Madrid] vs threshold PT30M - downloading delta
2026-04-10 16:28:34.396 ERROR [main] DataDownload : ❌ Failed to download COIN [MIN_15]: Failed to connect to TWS at 127.0.0.1:7497
2026-04-10 16:28:34.402 INFO  [main] DataDownload : 📥 Data stale for COIN [HOUR_1]: last candle 2026-04-09T21:00+02:00[Europe/Madrid] vs threshold PT2H - downloading delta
2026-04-10 16:28:34.405 ERROR [main] DataDownload : ❌ Failed to download COIN [HOUR_1]: Failed to connect to TWS at 127.0.0.1:7497
2026-04-10 16:28:34.419 INFO  [main] DataDownload : 📥 Data stale for COO [MIN_5]: last candle 2026-04-09T21:55+02:00[Europe/Madrid] vs threshold PT15M - downloading delta
2026-04-10 16:28:34.422 ERROR [main] DataDownload : ❌ Failed to download COO [MIN_5]: Failed to connect to TWS at 127.0.0.1:7497
2026-04-10 16:28:34.428 INFO  [main] DataDownload : 📥 Data stale for COO [MIN_15]: last candle 2026-04-09T21:45+02:00[Europe/Madrid] vs threshold PT30M - downloading delta
2026-04-10 16:28:34.432 ERROR [main] DataDownload : ❌ Failed to download COO [MIN_15]: Failed to connect to TWS at 127.0.0.1:7497
2026-04-10 16:28:34.438 INFO  [main] DataDownload : 📥 Data stale for COO [HOUR_1]: last candle 2026-04-09T21:00+02:00[Europe/Madrid] vs threshold PT2H - downloading delta
2026-04-10 16:28:34.442 ERROR [main] DataDownload : ❌ Failed to download COO [HOUR_1]: Failed to connect to TWS at 127.0.0.1:7497
2026-04-10 16:28:34.459 INFO  [main] DataDownload : 📥 Data stale for COP [MIN_5]: last candle 2026-04-09T21:55+02:00[Europe/Madrid] vs threshold PT15M - downloading delta
2026-04-10 16:28:34.463 ERROR [main] DataDownload : ❌ Failed to download COP [MIN_5]: Failed to connect to TWS at 127.0.0.1:7497
2026-04-10 16:28:34.469 INFO  [main] DataDownload : 📥 Data stale for COP [MIN_15]: last candle 2026-04-09T21:45+02:00[Europe/Madrid] vs threshold PT30M - downloading delta
2026-04-10 16:28:34.473 ERROR [main] DataDownload : ❌ Failed to download COP [MIN_15]: Failed to connect to TWS at 127.0.0.1:7497
2026-04-10 16:28:34.478 INFO  [main] DataDownload : 📥 Data stale for COP [HOUR_1]: last candle 2026-04-09T21:00+02:00[Europe/Madrid] vs threshold PT2H - downloading delta
2026-04-10 16:28:34.482 ERROR [main] DataDownload : ❌ Failed to download COP [HOUR_1]: Failed to connect to TWS at 127.0.0.1:7497
2026-04-10 16:28:34.491 INFO  [main] DataDownload : 📥 Data stale for COR [MIN_5]: last candle 2026-04-09T21:55+02:00[Europe/Madrid] vs threshold PT15M - downloading delta
2026-04-10 16:28:34.495 ERROR [main] DataDownload : ❌ Failed to download COR [MIN_5]: Failed to connect to TWS at 127.0.0.1:7497
2026-04-10 16:28:34.501 INFO  [main] DataDownload : 📥 Data stale for COR [MIN_15]: last candle 2026-04-09T21:45+02:00[Europe/Madrid] vs threshold PT30M - downloading delta
2026-04-10 16:28:34.504 ERROR [main] DataDownload : ❌ Failed to download COR [MIN_15]: Failed to connect to TWS at 127.0.0.1:7497
2026-04-10 16:28:34.508 INFO  [main] DataDownload : 📥 Data stale for COR [HOUR_1]: last candle 2026-04-09T21:00+02:00[Europe/Madrid] vs threshold PT2H - downloading delta
2026-04-10 16:28:34.512 ERROR [main] DataDownload : ❌ Failed to download COR [HOUR_1]: Failed to connect to TWS at 127.0.0.1:7497
2026-04-10 16:28:34.522 INFO  [main] DataDownload : 📥 Data stale for COST [MIN_5]: last candle 2026-04-09T21:55+02:00[Europe/Madrid] vs threshold PT15M - downloading delta
2026-04-10 16:28:34.526 ERROR [main] DataDownload : ❌ Failed to download COST [MIN_5]: Failed to connect to TWS at 127.0.0.1:7497
2026-04-10 16:28:34.530 INFO  [main] DataDownload : 📥 Data stale for COST [MIN_15]: last candle 2026-04-09T21:45+02:00[Europe/Madrid] vs threshold PT30M - downloading delta
2026-04-10 16:28:34.534 ERROR [main] DataDownload : ❌ Failed to download COST [MIN_15]: Failed to connect to TWS at 127.0.0.1:7497
2026-04-10 16:28:34.539 INFO  [main] DataDownload : 📥 Data stale for COST [HOUR_1]: last candle 2026-04-09T21:00+02:00[Europe/Madrid] vs threshold PT2H - downloading delta
2026-04-10 16:28:34.543 ERROR [main] DataDownload : ❌ Failed to download COST [HOUR_1]: Failed to connect to TWS at 127.0.0.1:7497
2026-04-10 16:28:34.553 INFO  [main] DataDownload : 📥 Data stale for CPAY [MIN_5]: last candle 2026-04-09T21:55+02:00[Europe/Madrid] vs threshold PT15M - downloading delta
2026-04-10 16:28:34.557 ERROR [main] DataDownload : ❌ Failed to download CPAY [MIN_5]: Failed to connect to TWS at 127.0.0.1:7497
2026-04-10 16:28:34.561 INFO  [main] DataDownload : 📥 Data stale for CPAY [MIN_15]: last candle 2026-04-09T21:45+02:00[Europe/Madrid] vs threshold PT30M - downloading delta
2026-04-10 16:28:34.564 ERROR [main] DataDownload : ❌ Failed to download CPAY [MIN_15]: Failed to connect to TWS at 127.0.0.1:7497
2026-04-10 16:28:34.570 INFO  [main] DataDownload : 📥 Data stale for CPAY [HOUR_1]: last candle 2026-04-09T21:00+02:00[Europe/Madrid] vs threshold PT2H - downloading delta
2026-04-10 16:28:34.573 ERROR [main] DataDownload : ❌ Failed to download CPAY [HOUR_1]: Failed to connect to TWS at 127.0.0.1:7497
2026-04-10 16:28:34.583 INFO  [main] DataDownload : 📥 Data stale for CPB [MIN_5]: last candle 2026-04-09T21:55+02:00[Europe/Madrid] vs threshold PT15M - downloading delta
2026-04-10 16:28:34.587 ERROR [main] DataDownload : ❌ Failed to download CPB [MIN_5]: Failed to connect to TWS at 127.0.0.1:7497
2026-04-10 16:28:34.592 INFO  [main] DataDownload : 📥 Data stale for CPB [MIN_15]: last candle 2026-04-09T21:45+02:00[Europe/Madrid] vs threshold PT30M - downloading delta
2026-04-10 16:28:34.596 ERROR [main] DataDownload : ❌ Failed to download CPB [MIN_15]: Failed to connect to TWS at 127.0.0.1:7497
2026-04-10 16:28:34.601 INFO  [main] DataDownload : 📥 Data stale for CPB [HOUR_1]: last candle 2026-04-09T21:00+02:00[Europe/Madrid] vs threshold PT2H - downloading delta
2026-04-10 16:28:34.605 ERROR [main] DataDownload : ❌ Failed to download CPB [HOUR_1]: Failed to connect to TWS at 127.0.0.1:7497
2026-04-10 16:28:34.616 INFO  [main] DataDownload : 📥 Data stale for CPRT [MIN_5]: last candle 2026-04-09T21:55+02:00[Europe/Madrid] vs threshold PT15M - downloading delta
2026-04-10 16:28:34.621 ERROR [main] DataDownload : ❌ Failed to download CPRT [MIN_5]: Failed to connect to TWS at 127.0.0.1:7497
2026-04-10 16:28:34.626 INFO  [main] DataDownload : 📥 Data stale for CPRT [MIN_15]: last candle 2026-04-09T21:45+02:00[Europe/Madrid] vs threshold PT30M - downloading delta
2026-04-10 16:28:34.629 ERROR [main] DataDownload : ❌ Failed to download CPRT [MIN_15]: Failed to connect to TWS at 127.0.0.1:7497
2026-04-10 16:28:34.635 INFO  [main] DataDownload : 📥 Data stale for CPRT [HOUR_1]: last candle 2026-04-09T21:00+02:00[Europe/Madrid] vs threshold PT2H - downloading delta
2026-04-10 16:28:34.639 ERROR [main] DataDownload : ❌ Failed to download CPRT [HOUR_1]: Failed to connect to TWS at 127.0.0.1:7497
2026-04-10 16:28:34.657 INFO  [main] DataDownload : 📥 Data stale for CPT [MIN_5]: last candle 2026-04-09T21:55+02:00[Europe/Madrid] vs threshold PT15M - downloading delta
2026-04-10 16:28:34.661 ERROR [main] DataDownload : ❌ Failed to download CPT [MIN_5]: Failed to connect to TWS at 127.0.0.1:7497
2026-04-10 16:28:34.669 INFO  [main] DataDownload : 📥 Data stale for CPT [MIN_15]: last candle 2026-04-09T21:45+02:00[Europe/Madrid] vs threshold PT30M - downloading delta
2026-04-10 16:28:34.673 ERROR [main] DataDownload : ❌ Failed to download CPT [MIN_15]: Failed to connect to TWS at 127.0.0.1:7497
2026-04-10 16:28:34.678 INFO  [main] DataDownload : 📥 Data stale for CPT [HOUR_1]: last candle 2026-04-09T21:00+02:00[Europe/Madrid] vs threshold PT2H - downloading delta
2026-04-10 16:28:34.682 ERROR [main] DataDownload : ❌ Failed to download CPT [HOUR_1]: Failed to connect to TWS at 127.0.0.1:7497
2026-04-10 16:28:34.692 INFO  [main] DataDownload : 📥 Data stale for CRL [MIN_5]: last candle 2026-04-09T21:55+02:00[Europe/Madrid] vs threshold PT15M - downloading delta
2026-04-10 16:28:34.695 ERROR [main] DataDownload : ❌ Failed to download CRL [MIN_5]: Failed to connect to TWS at 127.0.0.1:7497
2026-04-10 16:28:34.701 INFO  [main] DataDownload : 📥 Data stale for CRL [MIN_15]: last candle 2026-04-09T21:45+02:00[Europe/Madrid] vs threshold PT30M - downloading delta
2026-04-10 16:28:34.704 ERROR [main] DataDownload : ❌ Failed to download CRL [MIN_15]: Failed to connect to TWS at 127.0.0.1:7497
2026-04-10 16:28:34.709 INFO  [main] DataDownload : 📥 Data stale for CRL [HOUR_1]: last candle 2026-04-09T21:00+02:00[Europe/Madrid] vs threshold PT2H - downloading delta
2026-04-10 16:28:34.713 ERROR [main] DataDownload : ❌ Failed to download CRL [HOUR_1]: Failed to connect to TWS at 127.0.0.1:7497
2026-04-10 16:28:34.723 INFO  [main] DataDownload : 📥 Data stale for CRM [MIN_5]: last candle 2026-04-09T21:55+02:00[Europe/Madrid] vs threshold PT15M - downloading delta
2026-04-10 16:28:34.727 ERROR [main] DataDownload : ❌ Failed to download CRM [MIN_5]: Failed to connect to TWS at 127.0.0.1:7497
2026-04-10 16:28:34.732 INFO  [main] DataDownload : 📥 Data stale for CRM [MIN_15]: last candle 2026-04-09T21:45+02:00[Europe/Madrid] vs threshold PT30M - downloading delta
2026-04-10 16:28:34.736 ERROR [main] DataDownload : ❌ Failed to download CRM [MIN_15]: Failed to connect to TWS at 127.0.0.1:7497
2026-04-10 16:28:34.740 INFO  [main] DataDownload : 📥 Data stale for CRM [HOUR_1]: last candle 2026-04-09T21:00+02:00[Europe/Madrid] vs threshold PT2H - downloading delta
2026-04-10 16:28:34.744 ERROR [main] DataDownload : ❌ Failed to download CRM [HOUR_1]: Failed to connect to TWS at 127.0.0.1:7497
2026-04-10 16:28:34.755 INFO  [main] DataDownload : 📥 Data stale for CRWD [MIN_5]: last candle 2026-04-09T21:55+02:00[Europe/Madrid] vs threshold PT15M - downloading delta
2026-04-10 16:28:34.759 ERROR [main] DataDownload : ❌ Failed to download CRWD [MIN_5]: Failed to connect to TWS at 127.0.0.1:7497
2026-04-10 16:28:34.764 INFO  [main] DataDownload : 📥 Data stale for CRWD [MIN_15]: last candle 2026-04-09T21:45+02:00[Europe/Madrid] vs threshold PT30M - downloading delta
2026-04-10 16:28:34.767 ERROR [main] DataDownload : ❌ Failed to download CRWD [MIN_15]: Failed to connect to TWS at 127.0.0.1:7497
2026-04-10 16:28:34.773 INFO  [main] DataDownload : 📥 Data stale for CRWD [HOUR_1]: last candle 2026-04-09T21:00+02:00[Europe/Madrid] vs threshold PT2H - downloading delta
2026-04-10 16:28:34.776 ERROR [main] DataDownload : ❌ Failed to download CRWD [HOUR_1]: Failed to connect to TWS at 127.0.0.1:7497
2026-04-10 16:28:34.786 INFO  [main] DataDownload : 📥 Data stale for CSGP [MIN_5]: last candle 2026-04-09T21:55+02:00[Europe/Madrid] vs threshold PT15M - downloading delta
2026-04-10 16:28:34.789 ERROR [main] DataDownload : ❌ Failed to download CSGP [MIN_5]: Failed to connect to TWS at 127.0.0.1:7497
2026-04-10 16:28:34.795 INFO  [main] DataDownload : 📥 Data stale for CSGP [MIN_15]: last candle 2026-04-09T21:45+02:00[Europe/Madrid] vs threshold PT30M - downloading delta
2026-04-10 16:28:34.798 ERROR [main] DataDownload : ❌ Failed to download CSGP [MIN_15]: Failed to connect to TWS at 127.0.0.1:7497
2026-04-10 16:28:34.803 INFO  [main] DataDownload : 📥 Data stale for CSGP [HOUR_1]: last candle 2026-04-09T21:00+02:00[Europe/Madrid] vs threshold PT2H - downloading delta
2026-04-10 16:28:34.806 ERROR [main] DataDownload : ❌ Failed to download CSGP [HOUR_1]: Failed to connect to TWS at 127.0.0.1:7497
2026-04-10 16:28:34.819 INFO  [main] DataDownload : 📥 Data stale for CSX [MIN_5]: last candle 2026-04-09T21:55+02:00[Europe/Madrid] vs threshold PT15M - downloading delta
2026-04-10 16:28:34.824 ERROR [main] DataDownload : ❌ Failed to download CSX [MIN_5]: Failed to connect to TWS at 127.0.0.1:7497
2026-04-10 16:28:34.829 INFO  [main] DataDownload : 📥 Data stale for CSX [MIN_15]: last candle 2026-04-09T21:45+02:00[Europe/Madrid] vs threshold PT30M - downloading delta
2026-04-10 16:28:34.833 ERROR [main] DataDownload : ❌ Failed to download CSX [MIN_15]: Failed to connect to TWS at 127.0.0.1:7497
2026-04-10 16:28:34.841 INFO  [main] DataDownload : 📥 Data stale for CSX [HOUR_1]: last candle 2026-04-09T21:00+02:00[Europe/Madrid] vs threshold PT2H - downloading delta
2026-04-10 16:28:34.846 ERROR [main] DataDownload : ❌ Failed to download CSX [HOUR_1]: Failed to connect to TWS at 127.0.0.1:7497
2026-04-10 16:28:34.862 INFO  [main] DataDownload : 📥 Data stale for CTAS [MIN_5]: last candle 2026-04-09T21:55+02:00[Europe/Madrid] vs threshold PT15M - downloading delta
2026-04-10 16:28:34.866 ERROR [main] DataDownload : ❌ Failed to download CTAS [MIN_5]: Failed to connect to TWS at 127.0.0.1:7497
2026-04-10 16:28:34.872 INFO  [main] DataDownload : 📥 Data stale for CTAS [MIN_15]: last candle 2026-04-09T21:45+02:00[Europe/Madrid] vs threshold PT30M - downloading delta
2026-04-10 16:28:34.876 ERROR [main] DataDownload : ❌ Failed to download CTAS [MIN_15]: Failed to connect to TWS at 127.0.0.1:7497
2026-04-10 16:28:34.881 INFO  [main] DataDownload : 📥 Data stale for CTAS [HOUR_1]: last candle 2026-04-09T21:00+02:00[Europe/Madrid] vs threshold PT2H - downloading delta
2026-04-10 16:28:34.885 ERROR [main] DataDownload : ❌ Failed to download CTAS [HOUR_1]: Failed to connect to TWS at 127.0.0.1:7497
2026-04-10 16:28:34.897 INFO  [main] DataDownload : 📥 Data stale for CTRA [MIN_5]: last candle 2026-04-09T21:55+02:00[Europe/Madrid] vs threshold PT15M - downloading delta
2026-04-10 16:28:34.902 ERROR [main] DataDownload : ❌ Failed to download CTRA [MIN_5]: Failed to connect to TWS at 127.0.0.1:7497
2026-04-10 16:28:34.907 INFO  [main] DataDownload : 📥 Data stale for CTRA [MIN_15]: last candle 2026-04-09T21:45+02:00[Europe/Madrid] vs threshold PT30M - downloading delta
2026-04-10 16:28:34.911 ERROR [main] DataDownload : ❌ Failed to download CTRA [MIN_15]: Failed to connect to TWS at 127.0.0.1:7497
2026-04-10 16:28:34.915 INFO  [main] DataDownload : 📥 Data stale for CTRA [HOUR_1]: last candle 2026-04-09T21:00+02:00[Europe/Madrid] vs threshold PT2H - downloading delta
2026-04-10 16:28:34.918 ERROR [main] DataDownload : ❌ Failed to download CTRA [HOUR_1]: Failed to connect to TWS at 127.0.0.1:7497
2026-04-10 16:28:34.929 INFO  [main] DataDownload : 📥 Data stale for CTSH [MIN_5]: last candle 2026-04-09T21:55+02:00[Europe/Madrid] vs threshold PT15M - downloading delta
2026-04-10 16:28:34.933 ERROR [main] DataDownload : ❌ Failed to download CTSH [MIN_5]: Failed to connect to TWS at 127.0.0.1:7497
2026-04-10 16:28:34.940 INFO  [main] DataDownload : 📥 Data stale for CTSH [MIN_15]: last candle 2026-04-09T21:45+02:00[Europe/Madrid] vs threshold PT30M - downloading delta
2026-04-10 16:28:34.945 ERROR [main] DataDownload : ❌ Failed to download CTSH [MIN_15]: Failed to connect to TWS at 127.0.0.1:7497
2026-04-10 16:28:34.952 INFO  [main] DataDownload : 📥 Data stale for CTSH [HOUR_1]: last candle 2026-04-09T21:00+02:00[Europe/Madrid] vs threshold PT2H - downloading delta
2026-04-10 16:28:34.957 ERROR [main] DataDownload : ❌ Failed to download CTSH [HOUR_1]: Failed to connect to TWS at 127.0.0.1:7497
2026-04-10 16:28:34.967 INFO  [main] DataDownload : 📥 Data stale for CTVA [MIN_5]: last candle 2026-04-09T21:55+02:00[Europe/Madrid] vs threshold PT15M - downloading delta
2026-04-10 16:28:34.971 ERROR [main] DataDownload : ❌ Failed to download CTVA [MIN_5]: Failed to connect to TWS at 127.0.0.1:7497
2026-04-10 16:28:35.026 INFO  [main] DataDownload : 📥 Data stale for CTVA [MIN_15]: last candle 2026-04-09T21:45+02:00[Europe/Madrid] vs threshold PT30M - downloading delta
2026-04-10 16:28:35.030 ERROR [main] DataDownload : ❌ Failed to download CTVA [MIN_15]: Failed to connect to TWS at 127.0.0.1:7497
2026-04-10 16:28:35.052 INFO  [main] DataDownload : 📥 Data stale for CTVA [HOUR_1]: last candle 2026-04-09T21:00+02:00[Europe/Madrid] vs threshold PT2H - downloading delta
2026-04-10 16:28:35.056 ERROR [main] DataDownload : ❌ Failed to download CTVA [HOUR_1]: Failed to connect to TWS at 127.0.0.1:7497
2026-04-10 16:28:35.098 INFO  [main] DataDownload : 📥 Data stale for CVNA [MIN_5]: last candle 2026-04-08T21:55+02:00[Europe/Madrid] vs threshold PT15M - downloading delta
2026-04-10 16:28:35.103 ERROR [main] DataDownload : ❌ Failed to download CVNA [MIN_5]: Failed to connect to TWS at 127.0.0.1:7497
2026-04-10 16:28:35.125 INFO  [main] DataDownload : 📥 Data stale for CVNA [MIN_15]: last candle 2026-04-08T21:45+02:00[Europe/Madrid] vs threshold PT30M - downloading delta
2026-04-10 16:28:35.129 ERROR [main] DataDownload : ❌ Failed to download CVNA [MIN_15]: Failed to connect to TWS at 127.0.0.1:7497
2026-04-10 16:28:35.147 INFO  [main] DataDownload : 📥 Data stale for CVNA [HOUR_1]: last candle 2026-04-08T21:00+02:00[Europe/Madrid] vs threshold PT2H - downloading delta
2026-04-10 16:28:35.151 ERROR [main] DataDownload : ❌ Failed to download CVNA [HOUR_1]: Failed to connect to TWS at 127.0.0.1:7497
2026-04-10 16:28:35.172 INFO  [main] DataDownload : 📥 Data stale for CVNA [DAY_1]: last candle 2026-04-08T22:00+02:00[Europe/Madrid] vs threshold PT26H - downloading delta
2026-04-10 16:28:35.176 ERROR [main] DataDownload : ❌ Failed to download CVNA [DAY_1]: Failed to connect to TWS at 127.0.0.1:7497
2026-04-10 16:28:35.192 INFO  [main] DataDownload : 📥 Data stale for CVS [MIN_5]: last candle 2026-04-08T21:55+02:00[Europe/Madrid] vs threshold PT15M - downloading delta
2026-04-10 16:28:35.197 ERROR [main] DataDownload : ❌ Failed to download CVS [MIN_5]: Failed to connect to TWS at 127.0.0.1:7497
2026-04-10 16:28:35.218 INFO  [main] DataDownload : 📥 Data stale for CVS [MIN_15]: last candle 2026-04-08T21:45+02:00[Europe/Madrid] vs threshold PT30M - downloading delta
2026-04-10 16:28:35.222 ERROR [main] DataDownload : ❌ Failed to download CVS [MIN_15]: Failed to connect to TWS at 127.0.0.1:7497
2026-04-10 16:28:35.236 INFO  [main] DataDownload : 📥 Data stale for CVS [HOUR_1]: last candle 2026-04-08T21:00+02:00[Europe/Madrid] vs threshold PT2H - downloading delta
2026-04-10 16:28:35.239 ERROR [main] DataDownload : ❌ Failed to download CVS [HOUR_1]: Failed to connect to TWS at 127.0.0.1:7497
2026-04-10 16:28:35.245 INFO  [main] DataDownload : 📥 Data stale for CVS [DAY_1]: last candle 2026-04-08T22:00+02:00[Europe/Madrid] vs threshold PT26H - downloading delta
2026-04-10 16:28:35.249 ERROR [main] DataDownload : ❌ Failed to download CVS [DAY_1]: Failed to connect to TWS at 127.0.0.1:7497
2026-04-10 16:28:35.256 INFO  [main] DataDownload : 📥 Data stale for CVX [MIN_5]: last candle 2026-04-08T21:55+02:00[Europe/Madrid] vs threshold PT15M - downloading delta
2026-04-10 16:28:35.260 ERROR [main] DataDownload : ❌ Failed to download CVX [MIN_5]: Failed to connect to TWS at 127.0.0.1:7497
2026-04-10 16:28:35.266 INFO  [main] DataDownload : 📥 Data stale for CVX [MIN_15]: last candle 2026-04-08T21:45+02:00[Europe/Madrid] vs threshold PT30M - downloading delta
2026-04-10 16:28:35.270 ERROR [main] DataDownload : ❌ Failed to download CVX [MIN_15]: Failed to connect to TWS at 127.0.0.1:7497
2026-04-10 16:28:35.276 INFO  [main] DataDownload : 📥 Data stale for CVX [HOUR_1]: last candle 2026-04-08T21:00+02:00[Europe/Madrid] vs threshold PT2H - downloading delta
2026-04-10 16:28:35.279 ERROR [main] DataDownload : ❌ Failed to download CVX [HOUR_1]: Failed to connect to TWS at 127.0.0.1:7497
2026-04-10 16:28:35.284 INFO  [main] DataDownload : 📥 Data stale for CVX [DAY_1]: last candle 2026-04-08T22:00+02:00[Europe/Madrid] vs threshold PT26H - downloading delta
2026-04-10 16:28:35.289 ERROR [main] DataDownload : ❌ Failed to download CVX [DAY_1]: Failed to connect to TWS at 127.0.0.1:7497
2026-04-10 16:28:35.296 INFO  [main] DataDownload : 📥 Data stale for CZR [MIN_5]: last candle 2026-04-08T21:55+02:00[Europe/Madrid] vs threshold PT15M - downloading delta
2026-04-10 16:28:35.299 ERROR [main] DataDownload : ❌ Failed to download CZR [MIN_5]: Failed to connect to TWS at 127.0.0.1:7497
2026-04-10 16:28:35.305 INFO  [main] DataDownload : 📥 Data stale for CZR [MIN_15]: last candle 2026-04-08T21:45+02:00[Europe/Madrid] vs threshold PT30M - downloading delta
2026-04-10 16:28:35.309 ERROR [main] DataDownload : ❌ Failed to download CZR [MIN_15]: Failed to connect to TWS at 127.0.0.1:7497
2026-04-10 16:28:35.314 INFO  [main] DataDownload : 📥 Data stale for CZR [HOUR_1]: last candle 2026-04-08T21:00+02:00[Europe/Madrid] vs threshold PT2H - downloading delta
2026-04-10 16:28:35.317 ERROR [main] DataDownload : ❌ Failed to download CZR [HOUR_1]: Failed to connect to TWS at 127.0.0.1:7497
2026-04-10 16:28:35.323 INFO  [main] DataDownload : 📥 Data stale for CZR [DAY_1]: last candle 2026-04-08T22:00+02:00[Europe/Madrid] vs threshold PT26H - downloading delta
2026-04-10 16:28:35.326 ERROR [main] DataDownload : ❌ Failed to download CZR [DAY_1]: Failed to connect to TWS at 127.0.0.1:7497
2026-04-10 16:28:35.334 INFO  [main] DataDownload : 📥 Data stale for D [MIN_5]: last candle 2026-04-08T21:55+02:00[Europe/Madrid] vs threshold PT15M - downloading delta
2026-04-10 16:28:35.337 ERROR [main] DataDownload : ❌ Failed to download D [MIN_5]: Failed to connect to TWS at 127.0.0.1:7497
2026-04-10 16:28:35.342 INFO  [main] DataDownload : 📥 Data stale for D [MIN_15]: last candle 2026-04-08T21:45+02:00[Europe/Madrid] vs threshold PT30M - downloading delta
2026-04-10 16:28:35.345 ERROR [main] DataDownload : ❌ Failed to download D [MIN_15]: Failed to connect to TWS at 127.0.0.1:7497
2026-04-10 16:28:35.351 INFO  [main] DataDownload : 📥 Data stale for D [HOUR_1]: last candle 2026-04-08T21:00+02:00[Europe/Madrid] vs threshold PT2H - downloading delta
2026-04-10 16:28:35.354 ERROR [main] DataDownload : ❌ Failed to download D [HOUR_1]: Failed to connect to TWS at 127.0.0.1:7497
2026-04-10 16:28:35.359 INFO  [main] DataDownload : 📥 Data stale for D [DAY_1]: last candle 2026-04-08T22:00+02:00[Europe/Madrid] vs threshold PT26H - downloading delta
2026-04-10 16:28:35.363 ERROR [main] DataDownload : ❌ Failed to download D [DAY_1]: Failed to connect to TWS at 127.0.0.1:7497
2026-04-10 16:28:35.373 INFO  [main] DataDownload : 📥 Data stale for DAL [MIN_5]: last candle 2026-04-08T21:55+02:00[Europe/Madrid] vs threshold PT15M - downloading delta
2026-04-10 16:28:35.377 ERROR [main] DataDownload : ❌ Failed to download DAL [MIN_5]: Failed to connect to TWS at 127.0.0.1:7497
2026-04-10 16:28:35.382 INFO  [main] DataDownload : 📥 Data stale for DAL [MIN_15]: last candle 2026-04-08T21:45+02:00[Europe/Madrid] vs threshold PT30M - downloading delta
2026-04-10 16:28:35.386 ERROR [main] DataDownload : ❌ Failed to download DAL [MIN_15]: Failed to connect to TWS at 127.0.0.1:7497
2026-04-10 16:28:35.395 INFO  [main] DataDownload : 📥 Data stale for DAL [HOUR_1]: last candle 2026-04-08T21:00+02:00[Europe/Madrid] vs threshold PT2H - downloading delta
2026-04-10 16:28:35.398 ERROR [main] DataDownload : ❌ Failed to download DAL [HOUR_1]: Failed to connect to TWS at 127.0.0.1:7497
2026-04-10 16:28:35.404 INFO  [main] DataDownload : 📥 Data stale for DAL [DAY_1]: last candle 2026-04-08T22:00+02:00[Europe/Madrid] vs threshold PT26H - downloading delta
2026-04-10 16:28:35.407 ERROR [main] DataDownload : ❌ Failed to download DAL [DAY_1]: Failed to connect to TWS at 127.0.0.1:7497
2026-04-10 16:28:35.418 INFO  [main] DataDownload : 📥 Data stale for DD [MIN_5]: last candle 2026-04-08T21:55+02:00[Europe/Madrid] vs threshold PT15M - downloading delta
2026-04-10 16:28:35.422 ERROR [main] DataDownload : ❌ Failed to download DD [MIN_5]: Failed to connect to TWS at 127.0.0.1:7497
2026-04-10 16:28:35.427 INFO  [main] DataDownload : 📥 Data stale for DD [MIN_15]: last candle 2026-04-08T21:45+02:00[Europe/Madrid] vs threshold PT30M - downloading delta
2026-04-10 16:28:35.431 ERROR [main] DataDownload : ❌ Failed to download DD [MIN_15]: Failed to connect to TWS at 127.0.0.1:7497
2026-04-10 16:28:35.435 INFO  [main] DataDownload : 📥 Data stale for DD [HOUR_1]: last candle 2026-04-08T21:00+02:00[Europe/Madrid] vs threshold PT2H - downloading delta
2026-04-10 16:28:35.439 ERROR [main] DataDownload : ❌ Failed to download DD [HOUR_1]: Failed to connect to TWS at 127.0.0.1:7497
2026-04-10 16:28:35.446 INFO  [main] DataDownload : 📥 Data stale for DD [DAY_1]: last candle 2026-04-08T22:00+02:00[Europe/Madrid] vs threshold PT26H - downloading delta
2026-04-10 16:28:35.449 ERROR [main] DataDownload : ❌ Failed to download DD [DAY_1]: Failed to connect to TWS at 127.0.0.1:7497
2026-04-10 16:28:35.459 INFO  [main] DataDownload : 📥 Data stale for DDOG [MIN_5]: last candle 2026-04-08T21:55+02:00[Europe/Madrid] vs threshold PT15M - downloading delta
2026-04-10 16:28:35.462 ERROR [main] DataDownload : ❌ Failed to download DDOG [MIN_5]: Failed to connect to TWS at 127.0.0.1:7497
2026-04-10 16:28:35.471 INFO  [main] DataDownload : 📥 Data stale for DDOG [MIN_15]: last candle 2026-04-08T21:45+02:00[Europe/Madrid] vs threshold PT30M - downloading delta
2026-04-10 16:28:35.475 ERROR [main] DataDownload : ❌ Failed to download DDOG [MIN_15]: Failed to connect to TWS at 127.0.0.1:7497
2026-04-10 16:28:35.482 INFO  [main] DataDownload : 📥 Data stale for DDOG [HOUR_1]: last candle 2026-04-08T21:00+02:00[Europe/Madrid] vs threshold PT2H - downloading delta
2026-04-10 16:28:35.489 ERROR [main] DataDownload : ❌ Failed to download DDOG [HOUR_1]: Failed to connect to TWS at 127.0.0.1:7497
2026-04-10 16:28:35.494 INFO  [main] DataDownload : 📥 Data stale for DDOG [DAY_1]: last candle 2026-04-08T22:00+02:00[Europe/Madrid] vs threshold PT26H - downloading delta
2026-04-10 16:28:35.498 ERROR [main] DataDownload : ❌ Failed to download DDOG [DAY_1]: Failed to connect to TWS at 127.0.0.1:7497
2026-04-10 16:28:35.506 INFO  [main] DataDownload : 📥 Data stale for DE [MIN_5]: last candle 2026-04-08T21:55+02:00[Europe/Madrid] vs threshold PT15M - downloading delta
2026-04-10 16:28:35.510 ERROR [main] DataDownload : ❌ Failed to download DE [MIN_5]: Failed to connect to TWS at 127.0.0.1:7497
2026-04-10 16:28:35.516 INFO  [main] DataDownload : 📥 Data stale for DE [MIN_15]: last candle 2026-04-08T21:45+02:00[Europe/Madrid] vs threshold PT30M - downloading delta
2026-04-10 16:28:35.519 ERROR [main] DataDownload : ❌ Failed to download DE [MIN_15]: Failed to connect to TWS at 127.0.0.1:7497
2026-04-10 16:28:35.524 INFO  [main] DataDownload : 📥 Data stale for DE [HOUR_1]: last candle 2026-04-08T21:00+02:00[Europe/Madrid] vs threshold PT2H - downloading delta
2026-04-10 16:28:35.528 ERROR [main] DataDownload : ❌ Failed to download DE [HOUR_1]: Failed to connect to TWS at 127.0.0.1:7497
2026-04-10 16:28:35.532 INFO  [main] DataDownload : 📥 Data stale for DE [DAY_1]: last candle 2026-04-08T22:00+02:00[Europe/Madrid] vs threshold PT26H - downloading delta
2026-04-10 16:28:35.536 ERROR [main] DataDownload : ❌ Failed to download DE [DAY_1]: Failed to connect to TWS at 127.0.0.1:7497
2026-04-10 16:28:35.545 INFO  [main] DataDownload : 📥 Data stale for DECK [MIN_5]: last candle 2026-04-08T21:55+02:00[Europe/Madrid] vs threshold PT15M - downloading delta
2026-04-10 16:28:35.549 ERROR [main] DataDownload : ❌ Failed to download DECK [MIN_5]: Failed to connect to TWS at 127.0.0.1:7497
2026-04-10 16:28:35.555 INFO  [main] DataDownload : 📥 Data stale for DECK [MIN_15]: last candle 2026-04-08T21:45+02:00[Europe/Madrid] vs threshold PT30M - downloading delta
2026-04-10 16:28:35.558 ERROR [main] DataDownload : ❌ Failed to download DECK [MIN_15]: Failed to connect to TWS at 127.0.0.1:7497
2026-04-10 16:28:35.562 INFO  [main] DataDownload : 📥 Data stale for DECK [HOUR_1]: last candle 2026-04-08T21:00+02:00[Europe/Madrid] vs threshold PT2H - downloading delta
2026-04-10 16:28:35.565 ERROR [main] DataDownload : ❌ Failed to download DECK [HOUR_1]: Failed to connect to TWS at 127.0.0.1:7497
2026-04-10 16:28:35.570 INFO  [main] DataDownload : 📥 Data stale for DECK [DAY_1]: last candle 2026-04-08T22:00+02:00[Europe/Madrid] vs threshold PT26H - downloading delta
2026-04-10 16:28:35.575 ERROR [main] DataDownload : ❌ Failed to download DECK [DAY_1]: Failed to connect to TWS at 127.0.0.1:7497
2026-04-10 16:28:35.582 INFO  [main] DataDownload : 📥 Data stale for DELL [MIN_5]: last candle 2026-04-08T21:55+02:00[Europe/Madrid] vs threshold PT15M - downloading delta
2026-04-10 16:28:35.585 ERROR [main] DataDownload : ❌ Failed to download DELL [MIN_5]: Failed to connect to TWS at 127.0.0.1:7497
2026-04-10 16:28:35.590 INFO  [main] DataDownload : 📥 Data stale for DELL [MIN_15]: last candle 2026-04-08T21:45+02:00[Europe/Madrid] vs threshold PT30M - downloading delta
2026-04-10 16:28:35.594 ERROR [main] DataDownload : ❌ Failed to download DELL [MIN_15]: Failed to connect to TWS at 127.0.0.1:7497
2026-04-10 16:28:35.598 INFO  [main] DataDownload : 📥 Data stale for DELL [HOUR_1]: last candle 2026-04-08T21:00+02:00[Europe/Madrid] vs threshold PT2H - downloading delta
2026-04-10 16:28:35.603 ERROR [main] DataDownload : ❌ Failed to download DELL [HOUR_1]: Failed to connect to TWS at 127.0.0.1:7497
2026-04-10 16:28:35.607 INFO  [main] DataDownload : 📥 Data stale for DELL [DAY_1]: last candle 2026-04-08T22:00+02:00[Europe/Madrid] vs threshold PT26H - downloading delta
2026-04-10 16:28:35.610 ERROR [main] DataDownload : ❌ Failed to download DELL [DAY_1]: Failed to connect to TWS at 127.0.0.1:7497
2026-04-10 16:28:35.617 INFO  [main] DataDownload : 📥 Data stale for DG [MIN_5]: last candle 2026-04-08T21:55+02:00[Europe/Madrid] vs threshold PT15M - downloading delta
2026-04-10 16:28:35.621 ERROR [main] DataDownload : ❌ Failed to download DG [MIN_5]: Failed to connect to TWS at 127.0.0.1:7497
2026-04-10 16:28:35.626 INFO  [main] DataDownload : 📥 Data stale for DG [MIN_15]: last candle 2026-04-08T21:45+02:00[Europe/Madrid] vs threshold PT30M - downloading delta
2026-04-10 16:28:35.630 ERROR [main] DataDownload : ❌ Failed to download DG [MIN_15]: Failed to connect to TWS at 127.0.0.1:7497
2026-04-10 16:28:35.634 INFO  [main] DataDownload : 📥 Data stale for DG [HOUR_1]: last candle 2026-04-08T21:00+02:00[Europe/Madrid] vs threshold PT2H - downloading delta
2026-04-10 16:28:35.638 ERROR [main] DataDownload : ❌ Failed to download DG [HOUR_1]: Failed to connect to TWS at 127.0.0.1:7497
2026-04-10 16:28:35.643 INFO  [main] DataDownload : 📥 Data stale for DG [DAY_1]: last candle 2026-04-08T22:00+02:00[Europe/Madrid] vs threshold PT26H - downloading delta
2026-04-10 16:28:35.646 ERROR [main] DataDownload : ❌ Failed to download DG [DAY_1]: Failed to connect to TWS at 127.0.0.1:7497
2026-04-10 16:28:35.654 INFO  [main] DataDownload : 📥 Data stale for DGX [MIN_5]: last candle 2026-04-08T21:55+02:00[Europe/Madrid] vs threshold PT15M - downloading delta
2026-04-10 16:28:35.657 ERROR [main] DataDownload : ❌ Failed to download DGX [MIN_5]: Failed to connect to TWS at 127.0.0.1:7497
2026-04-10 16:28:35.664 INFO  [main] DataDownload : 📥 Data stale for DGX [MIN_15]: last candle 2026-04-08T21:45+02:00[Europe/Madrid] vs threshold PT30M - downloading delta
2026-04-10 16:28:35.670 ERROR [main] DataDownload : ❌ Failed to download DGX [MIN_15]: Failed to connect to TWS at 127.0.0.1:7497
2026-04-10 16:28:35.676 INFO  [main] DataDownload : 📥 Data stale for DGX [HOUR_1]: last candle 2026-04-08T21:00+02:00[Europe/Madrid] vs threshold PT2H - downloading delta
2026-04-10 16:28:35.685 ERROR [main] DataDownload : ❌ Failed to download DGX [HOUR_1]: Failed to connect to TWS at 127.0.0.1:7497
2026-04-10 16:28:35.692 INFO  [main] DataDownload : 📥 Data stale for DGX [DAY_1]: last candle 2026-04-08T22:00+02:00[Europe/Madrid] vs threshold PT26H - downloading delta
2026-04-10 16:28:35.695 ERROR [main] DataDownload : ❌ Failed to download DGX [DAY_1]: Failed to connect to TWS at 127.0.0.1:7497
2026-04-10 16:28:35.702 INFO  [main] DataDownload : 📥 Data stale for DHI [MIN_5]: last candle 2026-04-08T21:55+02:00[Europe/Madrid] vs threshold PT15M - downloading delta
2026-04-10 16:28:35.707 ERROR [main] DataDownload : ❌ Failed to download DHI [MIN_5]: Failed to connect to TWS at 127.0.0.1:7497
2026-04-10 16:28:35.712 INFO  [main] DataDownload : 📥 Data stale for DHI [MIN_15]: last candle 2026-04-08T21:45+02:00[Europe/Madrid] vs threshold PT30M - downloading delta
2026-04-10 16:28:35.715 ERROR [main] DataDownload : ❌ Failed to download DHI [MIN_15]: Failed to connect to TWS at 127.0.0.1:7497
2026-04-10 16:28:35.720 INFO  [main] DataDownload : 📥 Data stale for DHI [HOUR_1]: last candle 2026-04-08T21:00+02:00[Europe/Madrid] vs threshold PT2H - downloading delta
2026-04-10 16:28:35.723 ERROR [main] DataDownload : ❌ Failed to download DHI [HOUR_1]: Failed to connect to TWS at 127.0.0.1:7497
2026-04-10 16:28:35.728 INFO  [main] DataDownload : 📥 Data stale for DHI [DAY_1]: last candle 2026-04-08T22:00+02:00[Europe/Madrid] vs threshold PT26H - downloading delta
2026-04-10 16:28:35.732 ERROR [main] DataDownload : ❌ Failed to download DHI [DAY_1]: Failed to connect to TWS at 127.0.0.1:7497
2026-04-10 16:28:35.741 INFO  [main] DataDownload : 📥 Data stale for DHR [MIN_5]: last candle 2026-04-08T21:55+02:00[Europe/Madrid] vs threshold PT15M - downloading delta
2026-04-10 16:28:35.744 ERROR [main] DataDownload : ❌ Failed to download DHR [MIN_5]: Failed to connect to TWS at 127.0.0.1:7497
2026-04-10 16:28:35.750 INFO  [main] DataDownload : 📥 Data stale for DHR [MIN_15]: last candle 2026-04-08T21:45+02:00[Europe/Madrid] vs threshold PT30M - downloading delta
2026-04-10 16:28:35.753 ERROR [main] DataDownload : ❌ Failed to download DHR [MIN_15]: Failed to connect to TWS at 127.0.0.1:7497
2026-04-10 16:28:35.758 INFO  [main] DataDownload : 📥 Data stale for DHR [HOUR_1]: last candle 2026-04-08T21:00+02:00[Europe/Madrid] vs threshold PT2H - downloading delta
2026-04-10 16:28:35.761 ERROR [main] DataDownload : ❌ Failed to download DHR [HOUR_1]: Failed to connect to TWS at 127.0.0.1:7497
2026-04-10 16:28:35.766 INFO  [main] DataDownload : 📥 Data stale for DHR [DAY_1]: last candle 2026-04-08T22:00+02:00[Europe/Madrid] vs threshold PT26H - downloading delta
2026-04-10 16:28:35.769 ERROR [main] DataDownload : ❌ Failed to download DHR [DAY_1]: Failed to connect to TWS at 127.0.0.1:7497
2026-04-10 16:28:35.776 INFO  [main] DataDownload : 📥 Data stale for DIA [MIN_5]: last candle 2026-04-08T21:55+02:00[Europe/Madrid] vs threshold PT15M - downloading delta
2026-04-10 16:28:35.780 ERROR [main] DataDownload : ❌ Failed to download DIA [MIN_5]: Failed to connect to TWS at 127.0.0.1:7497
2026-04-10 16:28:35.785 INFO  [main] DataDownload : 📥 Data stale for DIA [MIN_15]: last candle 2026-04-08T21:45+02:00[Europe/Madrid] vs threshold PT30M - downloading delta
2026-04-10 16:28:35.788 ERROR [main] DataDownload : ❌ Failed to download DIA [MIN_15]: Failed to connect to TWS at 127.0.0.1:7497
2026-04-10 16:28:35.793 INFO  [main] DataDownload : 📥 Data stale for DIA [HOUR_1]: last candle 2026-04-08T21:00+02:00[Europe/Madrid] vs threshold PT2H - downloading delta
2026-04-10 16:28:35.797 ERROR [main] DataDownload : ❌ Failed to download DIA [HOUR_1]: Failed to connect to TWS at 127.0.0.1:7497
2026-04-10 16:28:35.802 INFO  [main] DataDownload : 📥 Data stale for DIA [DAY_1]: last candle 2026-04-08T22:00+02:00[Europe/Madrid] vs threshold PT26H - downloading delta
2026-04-10 16:28:35.805 ERROR [main] DataDownload : ❌ Failed to download DIA [DAY_1]: Failed to connect to TWS at 127.0.0.1:7497
2026-04-10 16:28:35.812 INFO  [main] DataDownload : 📥 Data stale for DIS [MIN_5]: last candle 2026-04-08T21:55+02:00[Europe/Madrid] vs threshold PT15M - downloading delta
2026-04-10 16:28:35.816 ERROR [main] DataDownload : ❌ Failed to download DIS [MIN_5]: Failed to connect to TWS at 127.0.0.1:7497
2026-04-10 16:28:35.821 INFO  [main] DataDownload : 📥 Data stale for DIS [MIN_15]: last candle 2026-04-08T21:45+02:00[Europe/Madrid] vs threshold PT30M - downloading delta
2026-04-10 16:28:35.825 ERROR [main] DataDownload : ❌ Failed to download DIS [MIN_15]: Failed to connect to TWS at 127.0.0.1:7497
2026-04-10 16:28:35.830 INFO  [main] DataDownload : 📥 Data stale for DIS [HOUR_1]: last candle 2026-04-08T21:00+02:00[Europe/Madrid] vs threshold PT2H - downloading delta
2026-04-10 16:28:35.833 ERROR [main] DataDownload : ❌ Failed to download DIS [HOUR_1]: Failed to connect to TWS at 127.0.0.1:7497
2026-04-10 16:28:35.838 INFO  [main] DataDownload : 📥 Data stale for DIS [DAY_1]: last candle 2026-04-08T22:00+02:00[Europe/Madrid] vs threshold PT26H - downloading delta
2026-04-10 16:28:35.842 ERROR [main] DataDownload : ❌ Failed to download DIS [DAY_1]: Failed to connect to TWS at 127.0.0.1:7497
2026-04-10 16:28:35.851 INFO  [main] DataDownload : 📥 Data stale for DLR [MIN_5]: last candle 2026-04-08T21:55+02:00[Europe/Madrid] vs threshold PT15M - downloading delta
2026-04-10 16:28:35.855 ERROR [main] DataDownload : ❌ Failed to download DLR [MIN_5]: Failed to connect to TWS at 127.0.0.1:7497
2026-04-10 16:28:35.865 INFO  [main] DataDownload : 📥 Data stale for DLR [MIN_15]: last candle 2026-04-08T21:45+02:00[Europe/Madrid] vs threshold PT30M - downloading delta
2026-04-10 16:28:35.872 ERROR [main] DataDownload : ❌ Failed to download DLR [MIN_15]: Failed to connect to TWS at 127.0.0.1:7497
2026-04-10 16:28:35.883 INFO  [main] DataDownload : 📥 Data stale for DLR [HOUR_1]: last candle 2026-04-08T21:00+02:00[Europe/Madrid] vs threshold PT2H - downloading delta
2026-04-10 16:28:35.889 ERROR [main] DataDownload : ❌ Failed to download DLR [HOUR_1]: Failed to connect to TWS at 127.0.0.1:7497
2026-04-10 16:28:35.898 INFO  [main] DataDownload : 📥 Data stale for DLR [DAY_1]: last candle 2026-04-08T22:00+02:00[Europe/Madrid] vs threshold PT26H - downloading delta
2026-04-10 16:28:35.901 ERROR [main] DataDownload : ❌ Failed to download DLR [DAY_1]: Failed to connect to TWS at 127.0.0.1:7497
2026-04-10 16:28:35.908 INFO  [main] DataDownload : 📥 Data stale for DLTR [MIN_5]: last candle 2026-04-08T21:55+02:00[Europe/Madrid] vs threshold PT15M - downloading delta
2026-04-10 16:28:35.913 ERROR [main] DataDownload : ❌ Failed to download DLTR [MIN_5]: Failed to connect to TWS at 127.0.0.1:7497
2026-04-10 16:28:35.919 INFO  [main] DataDownload : 📥 Data stale for DLTR [MIN_15]: last candle 2026-04-08T21:45+02:00[Europe/Madrid] vs threshold PT30M - downloading delta
2026-04-10 16:28:35.923 ERROR [main] DataDownload : ❌ Failed to download DLTR [MIN_15]: Failed to connect to TWS at 127.0.0.1:7497
2026-04-10 16:28:35.928 INFO  [main] DataDownload : 📥 Data stale for DLTR [HOUR_1]: last candle 2026-04-08T21:00+02:00[Europe/Madrid] vs threshold PT2H - downloading delta
2026-04-10 16:28:35.931 ERROR [main] DataDownload : ❌ Failed to download DLTR [HOUR_1]: Failed to connect to TWS at 127.0.0.1:7497
2026-04-10 16:28:35.935 INFO  [main] DataDownload : 📥 Data stale for DLTR [DAY_1]: last candle 2026-04-08T22:00+02:00[Europe/Madrid] vs threshold PT26H - downloading delta
2026-04-10 16:28:35.940 ERROR [main] DataDownload : ❌ Failed to download DLTR [DAY_1]: Failed to connect to TWS at 127.0.0.1:7497
2026-04-10 16:28:35.947 INFO  [main] DataDownload : 📥 Data stale for DOC [MIN_5]: last candle 2026-04-08T21:55+02:00[Europe/Madrid] vs threshold PT15M - downloading delta
2026-04-10 16:28:35.951 ERROR [main] DataDownload : ❌ Failed to download DOC [MIN_5]: Failed to connect to TWS at 127.0.0.1:7497
2026-04-10 16:28:35.956 INFO  [main] DataDownload : 📥 Data stale for DOC [MIN_15]: last candle 2026-04-08T21:45+02:00[Europe/Madrid] vs threshold PT30M - downloading delta
2026-04-10 16:28:35.959 ERROR [main] DataDownload : ❌ Failed to download DOC [MIN_15]: Failed to connect to TWS at 127.0.0.1:7497
2026-04-10 16:28:35.964 INFO  [main] DataDownload : 📥 Data stale for DOC [HOUR_1]: last candle 2026-04-08T21:00+02:00[Europe/Madrid] vs threshold PT2H - downloading delta
2026-04-10 16:28:35.968 ERROR [main] DataDownload : ❌ Failed to download DOC [HOUR_1]: Failed to connect to TWS at 127.0.0.1:7497
2026-04-10 16:28:35.972 INFO  [main] DataDownload : 📥 Data stale for DOC [DAY_1]: last candle 2026-04-08T22:00+02:00[Europe/Madrid] vs threshold PT26H - downloading delta
2026-04-10 16:28:35.976 ERROR [main] DataDownload : ❌ Failed to download DOC [DAY_1]: Failed to connect to TWS at 127.0.0.1:7497
2026-04-10 16:28:35.984 INFO  [main] DataDownload : 📥 Data stale for DOV [MIN_5]: last candle 2026-04-08T21:55+02:00[Europe/Madrid] vs threshold PT15M - downloading delta
2026-04-10 16:28:35.987 ERROR [main] DataDownload : ❌ Failed to download DOV [MIN_5]: Failed to connect to TWS at 127.0.0.1:7497
2026-04-10 16:28:35.992 INFO  [main] DataDownload : 📥 Data stale for DOV [MIN_15]: last candle 2026-04-08T21:45+02:00[Europe/Madrid] vs threshold PT30M - downloading delta
2026-04-10 16:28:35.996 ERROR [main] DataDownload : ❌ Failed to download DOV [MIN_15]: Failed to connect to TWS at 127.0.0.1:7497
2026-04-10 16:28:36.000 INFO  [main] DataDownload : 📥 Data stale for DOV [HOUR_1]: last candle 2026-04-08T21:00+02:00[Europe/Madrid] vs threshold PT2H - downloading delta
2026-04-10 16:28:36.005 ERROR [main] DataDownload : ❌ Failed to download DOV [HOUR_1]: Failed to connect to TWS at 127.0.0.1:7497
2026-04-10 16:28:36.009 INFO  [main] DataDownload : 📥 Data stale for DOV [DAY_1]: last candle 2026-04-08T22:00+02:00[Europe/Madrid] vs threshold PT26H - downloading delta
2026-04-10 16:28:36.013 ERROR [main] DataDownload : ❌ Failed to download DOV [DAY_1]: Failed to connect to TWS at 127.0.0.1:7497
2026-04-10 16:28:36.020 INFO  [main] DataDownload : 📥 Data stale for DOW [MIN_5]: last candle 2026-04-08T21:55+02:00[Europe/Madrid] vs threshold PT15M - downloading delta
2026-04-10 16:28:36.024 ERROR [main] DataDownload : ❌ Failed to download DOW [MIN_5]: Failed to connect to TWS at 127.0.0.1:7497
2026-04-10 16:28:36.029 INFO  [main] DataDownload : 📥 Data stale for DOW [MIN_15]: last candle 2026-04-08T21:45+02:00[Europe/Madrid] vs threshold PT30M - downloading delta
2026-04-10 16:28:36.033 ERROR [main] DataDownload : ❌ Failed to download DOW [MIN_15]: Failed to connect to TWS at 127.0.0.1:7497
2026-04-10 16:28:36.037 INFO  [main] DataDownload : 📥 Data stale for DOW [HOUR_1]: last candle 2026-04-08T21:00+02:00[Europe/Madrid] vs threshold PT2H - downloading delta
2026-04-10 16:28:36.041 ERROR [main] DataDownload : ❌ Failed to download DOW [HOUR_1]: Failed to connect to TWS at 127.0.0.1:7497
2026-04-10 16:28:36.047 INFO  [main] DataDownload : 📥 Data stale for DOW [DAY_1]: last candle 2026-04-08T22:00+02:00[Europe/Madrid] vs threshold PT26H - downloading delta
2026-04-10 16:28:36.051 ERROR [main] DataDownload : ❌ Failed to download DOW [DAY_1]: Failed to connect to TWS at 127.0.0.1:7497
2026-04-10 16:28:36.059 INFO  [main] DataDownload : 📥 Data stale for DPZ [MIN_5]: last candle 2026-04-08T21:55+02:00[Europe/Madrid] vs threshold PT15M - downloading delta
2026-04-10 16:28:36.063 ERROR [main] DataDownload : ❌ Failed to download DPZ [MIN_5]: Failed to connect to TWS at 127.0.0.1:7497
2026-04-10 16:28:36.073 INFO  [main] DataDownload : 📥 Data stale for DPZ [MIN_15]: last candle 2026-04-08T21:45+02:00[Europe/Madrid] vs threshold PT30M - downloading delta
2026-04-10 16:28:36.077 ERROR [main] DataDownload : ❌ Failed to download DPZ [MIN_15]: Failed to connect to TWS at 127.0.0.1:7497
2026-04-10 16:28:36.088 INFO  [main] DataDownload : 📥 Data stale for DPZ [HOUR_1]: last candle 2026-04-08T21:00+02:00[Europe/Madrid] vs threshold PT2H - downloading delta
2026-04-10 16:28:36.095 ERROR [main] DataDownload : ❌ Failed to download DPZ [HOUR_1]: Failed to connect to TWS at 127.0.0.1:7497
2026-04-10 16:28:36.102 INFO  [main] DataDownload : 📥 Data stale for DPZ [DAY_1]: last candle 2026-04-08T22:00+02:00[Europe/Madrid] vs threshold PT26H - downloading delta
2026-04-10 16:28:36.106 ERROR [main] DataDownload : ❌ Failed to download DPZ [DAY_1]: Failed to connect to TWS at 127.0.0.1:7497
2026-04-10 16:28:36.115 INFO  [main] DataDownload : 📥 Data stale for DRI [MIN_5]: last candle 2026-04-08T21:55+02:00[Europe/Madrid] vs threshold PT15M - downloading delta
2026-04-10 16:28:36.119 ERROR [main] DataDownload : ❌ Failed to download DRI [MIN_5]: Failed to connect to TWS at 127.0.0.1:7497
2026-04-10 16:28:36.125 INFO  [main] DataDownload : 📥 Data stale for DRI [MIN_15]: last candle 2026-04-08T21:45+02:00[Europe/Madrid] vs threshold PT30M - downloading delta
2026-04-10 16:28:36.129 ERROR [main] DataDownload : ❌ Failed to download DRI [MIN_15]: Failed to connect to TWS at 127.0.0.1:7497
2026-04-10 16:28:36.135 INFO  [main] DataDownload : 📥 Data stale for DRI [HOUR_1]: last candle 2026-04-08T21:00+02:00[Europe/Madrid] vs threshold PT2H - downloading delta
2026-04-10 16:28:36.138 ERROR [main] DataDownload : ❌ Failed to download DRI [HOUR_1]: Failed to connect to TWS at 127.0.0.1:7497
2026-04-10 16:28:36.146 INFO  [main] DataDownload : 📥 Data stale for DRI [DAY_1]: last candle 2026-04-08T22:00+02:00[Europe/Madrid] vs threshold PT26H - downloading delta
2026-04-10 16:28:36.149 ERROR [main] DataDownload : ❌ Failed to download DRI [DAY_1]: Failed to connect to TWS at 127.0.0.1:7497
2026-04-10 16:28:36.157 INFO  [main] DataDownload : 📥 Data stale for DTE [MIN_5]: last candle 2026-04-08T21:55+02:00[Europe/Madrid] vs threshold PT15M - downloading delta
2026-04-10 16:28:36.161 ERROR [main] DataDownload : ❌ Failed to download DTE [MIN_5]: Failed to connect to TWS at 127.0.0.1:7497
2026-04-10 16:28:36.166 INFO  [main] DataDownload : 📥 Data stale for DTE [MIN_15]: last candle 2026-04-08T21:45+02:00[Europe/Madrid] vs threshold PT30M - downloading delta
2026-04-10 16:28:36.170 ERROR [main] DataDownload : ❌ Failed to download DTE [MIN_15]: Failed to connect to TWS at 127.0.0.1:7497
2026-04-10 16:28:36.175 INFO  [main] DataDownload : 📥 Data stale for DTE [HOUR_1]: last candle 2026-04-08T21:00+02:00[Europe/Madrid] vs threshold PT2H - downloading delta
2026-04-10 16:28:36.179 ERROR [main] DataDownload : ❌ Failed to download DTE [HOUR_1]: Failed to connect to TWS at 127.0.0.1:7497
2026-04-10 16:28:36.184 INFO  [main] DataDownload : 📥 Data stale for DTE [DAY_1]: last candle 2026-04-08T22:00+02:00[Europe/Madrid] vs threshold PT26H - downloading delta
2026-04-10 16:28:36.188 ERROR [main] DataDownload : ❌ Failed to download DTE [DAY_1]: Failed to connect to TWS at 127.0.0.1:7497
2026-04-10 16:28:36.197 INFO  [main] DataDownload : 📥 Data stale for DUK [MIN_5]: last candle 2026-04-08T21:55+02:00[Europe/Madrid] vs threshold PT15M - downloading delta
2026-04-10 16:28:36.201 ERROR [main] DataDownload : ❌ Failed to download DUK [MIN_5]: Failed to connect to TWS at 127.0.0.1:7497
2026-04-10 16:28:36.206 INFO  [main] DataDownload : 📥 Data stale for DUK [MIN_15]: last candle 2026-04-08T21:45+02:00[Europe/Madrid] vs threshold PT30M - downloading delta
2026-04-10 16:28:36.211 ERROR [main] DataDownload : ❌ Failed to download DUK [MIN_15]: Failed to connect to TWS at 127.0.0.1:7497
2026-04-10 16:28:36.217 INFO  [main] DataDownload : 📥 Data stale for DUK [HOUR_1]: last candle 2026-04-08T21:00+02:00[Europe/Madrid] vs threshold PT2H - downloading delta
2026-04-10 16:28:36.221 ERROR [main] DataDownload : ❌ Failed to download DUK [HOUR_1]: Failed to connect to TWS at 127.0.0.1:7497
2026-04-10 16:28:36.227 INFO  [main] DataDownload : 📥 Data stale for DUK [DAY_1]: last candle 2026-04-08T22:00+02:00[Europe/Madrid] vs threshold PT26H - downloading delta
2026-04-10 16:28:36.231 ERROR [main] DataDownload : ❌ Failed to download DUK [DAY_1]: Failed to connect to TWS at 127.0.0.1:7497
2026-04-10 16:28:36.239 INFO  [main] DataDownload : 📥 Data stale for DVA [MIN_5]: last candle 2026-04-08T21:55+02:00[Europe/Madrid] vs threshold PT15M - downloading delta
2026-04-10 16:28:36.243 ERROR [main] DataDownload : ❌ Failed to download DVA [MIN_5]: Failed to connect to TWS at 127.0.0.1:7497
2026-04-10 16:28:36.249 INFO  [main] DataDownload : 📥 Data stale for DVA [MIN_15]: last candle 2026-04-08T21:45+02:00[Europe/Madrid] vs threshold PT30M - downloading delta
2026-04-10 16:28:36.253 ERROR [main] DataDownload : ❌ Failed to download DVA [MIN_15]: Failed to connect to TWS at 127.0.0.1:7497
2026-04-10 16:28:36.258 INFO  [main] DataDownload : 📥 Data stale for DVA [HOUR_1]: last candle 2026-04-08T21:00+02:00[Europe/Madrid] vs threshold PT2H - downloading delta
2026-04-10 16:28:36.261 ERROR [main] DataDownload : ❌ Failed to download DVA [HOUR_1]: Failed to connect to TWS at 127.0.0.1:7497
2026-04-10 16:28:36.266 INFO  [main] DataDownload : 📥 Data stale for DVA [DAY_1]: last candle 2026-04-08T22:00+02:00[Europe/Madrid] vs threshold PT26H - downloading delta
2026-04-10 16:28:36.270 ERROR [main] DataDownload : ❌ Failed to download DVA [DAY_1]: Failed to connect to TWS at 127.0.0.1:7497
2026-04-10 16:28:36.278 INFO  [main] DataDownload : 📥 Data stale for DVN [MIN_5]: last candle 2026-04-08T21:55+02:00[Europe/Madrid] vs threshold PT15M - downloading delta
2026-04-10 16:28:36.285 ERROR [main] DataDownload : ❌ Failed to download DVN [MIN_5]: Failed to connect to TWS at 127.0.0.1:7497
2026-04-10 16:28:36.295 INFO  [main] DataDownload : 📥 Data stale for DVN [MIN_15]: last candle 2026-04-08T21:45+02:00[Europe/Madrid] vs threshold PT30M - downloading delta
2026-04-10 16:28:36.302 ERROR [main] DataDownload : ❌ Failed to download DVN [MIN_15]: Failed to connect to TWS at 127.0.0.1:7497
2026-04-10 16:28:36.309 INFO  [main] DataDownload : 📥 Data stale for DVN [HOUR_1]: last candle 2026-04-08T21:00+02:00[Europe/Madrid] vs threshold PT2H - downloading delta
2026-04-10 16:28:36.313 ERROR [main] DataDownload : ❌ Failed to download DVN [HOUR_1]: Failed to connect to TWS at 127.0.0.1:7497
2026-04-10 16:28:36.318 INFO  [main] DataDownload : 📥 Data stale for DVN [DAY_1]: last candle 2026-04-08T22:00+02:00[Europe/Madrid] vs threshold PT26H - downloading delta
2026-04-10 16:28:36.322 ERROR [main] DataDownload : ❌ Failed to download DVN [DAY_1]: Failed to connect to TWS at 127.0.0.1:7497
2026-04-10 16:28:36.329 INFO  [main] DataDownload : 📥 Data stale for DXCM [MIN_5]: last candle 2026-04-08T21:55+02:00[Europe/Madrid] vs threshold PT15M - downloading delta
2026-04-10 16:28:36.333 ERROR [main] DataDownload : ❌ Failed to download DXCM [MIN_5]: Failed to connect to TWS at 127.0.0.1:7497
2026-04-10 16:28:36.338 INFO  [main] DataDownload : 📥 Data stale for DXCM [MIN_15]: last candle 2026-04-08T21:45+02:00[Europe/Madrid] vs threshold PT30M - downloading delta
2026-04-10 16:28:36.342 ERROR [main] DataDownload : ❌ Failed to download DXCM [MIN_15]: Failed to connect to TWS at 127.0.0.1:7497
2026-04-10 16:28:36.347 INFO  [main] DataDownload : 📥 Data stale for DXCM [HOUR_1]: last candle 2026-04-08T21:00+02:00[Europe/Madrid] vs threshold PT2H - downloading delta
2026-04-10 16:28:36.351 ERROR [main] DataDownload : ❌ Failed to download DXCM [HOUR_1]: Failed to connect to TWS at 127.0.0.1:7497
2026-04-10 16:28:36.356 INFO  [main] DataDownload : 📥 Data stale for DXCM [DAY_1]: last candle 2026-04-08T22:00+02:00[Europe/Madrid] vs threshold PT26H - downloading delta
2026-04-10 16:28:36.360 ERROR [main] DataDownload : ❌ Failed to download DXCM [DAY_1]: Failed to connect to TWS at 127.0.0.1:7497
2026-04-10 16:28:36.371 INFO  [main] DataDownload : 📥 Data stale for EA [MIN_5]: last candle 2026-04-08T21:55+02:00[Europe/Madrid] vs threshold PT15M - downloading delta
2026-04-10 16:28:36.375 ERROR [main] DataDownload : ❌ Failed to download EA [MIN_5]: Failed to connect to TWS at 127.0.0.1:7497
2026-04-10 16:28:36.380 INFO  [main] DataDownload : 📥 Data stale for EA [MIN_15]: last candle 2026-04-08T21:45+02:00[Europe/Madrid] vs threshold PT30M - downloading delta
2026-04-10 16:28:36.384 ERROR [main] DataDownload : ❌ Failed to download EA [MIN_15]: Failed to connect to TWS at 127.0.0.1:7497
2026-04-10 16:28:36.390 INFO  [main] DataDownload : 📥 Data stale for EA [HOUR_1]: last candle 2026-04-08T21:00+02:00[Europe/Madrid] vs threshold PT2H - downloading delta
2026-04-10 16:28:36.393 ERROR [main] DataDownload : ❌ Failed to download EA [HOUR_1]: Failed to connect to TWS at 127.0.0.1:7497
2026-04-10 16:28:36.398 INFO  [main] DataDownload : 📥 Data stale for EA [DAY_1]: last candle 2026-04-08T22:00+02:00[Europe/Madrid] vs threshold PT26H - downloading delta
2026-04-10 16:28:36.403 ERROR [main] DataDownload : ❌ Failed to download EA [DAY_1]: Failed to connect to TWS at 127.0.0.1:7497
2026-04-10 16:28:36.414 INFO  [main] DataDownload : 📥 Data stale for EBAY [MIN_5]: last candle 2026-04-08T21:55+02:00[Europe/Madrid] vs threshold PT15M - downloading delta
2026-04-10 16:28:36.419 ERROR [main] DataDownload : ❌ Failed to download EBAY [MIN_5]: Failed to connect to TWS at 127.0.0.1:7497
2026-04-10 16:28:36.424 INFO  [main] DataDownload : 📥 Data stale for EBAY [MIN_15]: last candle 2026-04-08T21:45+02:00[Europe/Madrid] vs threshold PT30M - downloading delta
2026-04-10 16:28:36.428 ERROR [main] DataDownload : ❌ Failed to download EBAY [MIN_15]: Failed to connect to TWS at 127.0.0.1:7497
2026-04-10 16:28:36.434 INFO  [main] DataDownload : 📥 Data stale for EBAY [HOUR_1]: last candle 2026-04-08T21:00+02:00[Europe/Madrid] vs threshold PT2H - downloading delta
2026-04-10 16:28:36.438 ERROR [main] DataDownload : ❌ Failed to download EBAY [HOUR_1]: Failed to connect to TWS at 127.0.0.1:7497
2026-04-10 16:28:36.443 INFO  [main] DataDownload : 📥 Data stale for EBAY [DAY_1]: last candle 2026-04-08T22:00+02:00[Europe/Madrid] vs threshold PT26H - downloading delta
2026-04-10 16:28:36.447 ERROR [main] DataDownload : ❌ Failed to download EBAY [DAY_1]: Failed to connect to TWS at 127.0.0.1:7497
2026-04-10 16:28:36.456 INFO  [main] DataDownload : 📥 Data stale for ECL [MIN_5]: last candle 2026-04-08T21:55+02:00[Europe/Madrid] vs threshold PT15M - downloading delta
2026-04-10 16:28:36.460 ERROR [main] DataDownload : ❌ Failed to download ECL [MIN_5]: Failed to connect to TWS at 127.0.0.1:7497
2026-04-10 16:28:36.465 INFO  [main] DataDownload : 📥 Data stale for ECL [MIN_15]: last candle 2026-04-08T21:45+02:00[Europe/Madrid] vs threshold PT30M - downloading delta
2026-04-10 16:28:36.469 ERROR [main] DataDownload : ❌ Failed to download ECL [MIN_15]: Failed to connect to TWS at 127.0.0.1:7497
2026-04-10 16:28:36.476 INFO  [main] DataDownload : 📥 Data stale for ECL [HOUR_1]: last candle 2026-04-08T21:00+02:00[Europe/Madrid] vs threshold PT2H - downloading delta
2026-04-10 16:28:36.479 ERROR [main] DataDownload : ❌ Failed to download ECL [HOUR_1]: Failed to connect to TWS at 127.0.0.1:7497
2026-04-10 16:28:36.486 INFO  [main] DataDownload : 📥 Data stale for ECL [DAY_1]: last candle 2026-04-08T22:00+02:00[Europe/Madrid] vs threshold PT26H - downloading delta
2026-04-10 16:28:36.491 ERROR [main] DataDownload : ❌ Failed to download ECL [DAY_1]: Failed to connect to TWS at 127.0.0.1:7497
2026-04-10 16:28:36.501 INFO  [main] DataDownload : 📥 Data stale for ED [MIN_5]: last candle 2026-04-08T21:55+02:00[Europe/Madrid] vs threshold PT15M - downloading delta
2026-04-10 16:28:36.506 ERROR [main] DataDownload : ❌ Failed to download ED [MIN_5]: Failed to connect to TWS at 127.0.0.1:7497
2026-04-10 16:28:36.513 INFO  [main] DataDownload : 📥 Data stale for ED [MIN_15]: last candle 2026-04-08T21:45+02:00[Europe/Madrid] vs threshold PT30M - downloading delta
2026-04-10 16:28:36.517 ERROR [main] DataDownload : ❌ Failed to download ED [MIN_15]: Failed to connect to TWS at 127.0.0.1:7497
2026-04-10 16:28:36.522 INFO  [main] DataDownload : 📥 Data stale for ED [HOUR_1]: last candle 2026-04-08T21:00+02:00[Europe/Madrid] vs threshold PT2H - downloading delta
2026-04-10 16:28:36.527 ERROR [main] DataDownload : ❌ Failed to download ED [HOUR_1]: Failed to connect to TWS at 127.0.0.1:7497
2026-04-10 16:28:36.534 INFO  [main] DataDownload : 📥 Data stale for ED [DAY_1]: last candle 2026-04-08T22:00+02:00[Europe/Madrid] vs threshold PT26H - downloading delta
2026-04-10 16:28:36.538 ERROR [main] DataDownload : ❌ Failed to download ED [DAY_1]: Failed to connect to TWS at 127.0.0.1:7497
2026-04-10 16:28:36.551 INFO  [main] DataDownload : 📥 Data stale for EFX [MIN_5]: last candle 2026-04-08T21:55+02:00[Europe/Madrid] vs threshold PT15M - downloading delta
2026-04-10 16:28:36.555 ERROR [main] DataDownload : ❌ Failed to download EFX [MIN_5]: Failed to connect to TWS at 127.0.0.1:7497
2026-04-10 16:28:36.563 INFO  [main] DataDownload : 📥 Data stale for EFX [MIN_15]: last candle 2026-04-08T21:45+02:00[Europe/Madrid] vs threshold PT30M - downloading delta
2026-04-10 16:28:36.569 ERROR [main] DataDownload : ❌ Failed to download EFX [MIN_15]: Failed to connect to TWS at 127.0.0.1:7497
2026-04-10 16:28:36.576 INFO  [main] DataDownload : 📥 Data stale for EFX [HOUR_1]: last candle 2026-04-08T21:00+02:00[Europe/Madrid] vs threshold PT2H - downloading delta
2026-04-10 16:28:36.580 ERROR [main] DataDownload : ❌ Failed to download EFX [HOUR_1]: Failed to connect to TWS at 127.0.0.1:7497
2026-04-10 16:28:36.588 INFO  [main] DataDownload : 📥 Data stale for EFX [DAY_1]: last candle 2026-04-08T22:00+02:00[Europe/Madrid] vs threshold PT26H - downloading delta
2026-04-10 16:28:36.592 ERROR [main] DataDownload : ❌ Failed to download EFX [DAY_1]: Failed to connect to TWS at 127.0.0.1:7497
2026-04-10 16:28:36.601 INFO  [main] DataDownload : 📥 Data stale for EG [MIN_5]: last candle 2026-04-08T21:55+02:00[Europe/Madrid] vs threshold PT15M - downloading delta
2026-04-10 16:28:36.606 ERROR [main] DataDownload : ❌ Failed to download EG [MIN_5]: Failed to connect to TWS at 127.0.0.1:7497
2026-04-10 16:28:36.613 INFO  [main] DataDownload : 📥 Data stale for EG [MIN_15]: last candle 2026-04-08T21:45+02:00[Europe/Madrid] vs threshold PT30M - downloading delta
2026-04-10 16:28:36.618 ERROR [main] DataDownload : ❌ Failed to download EG [MIN_15]: Failed to connect to TWS at 127.0.0.1:7497
2026-04-10 16:28:36.624 INFO  [main] DataDownload : 📥 Data stale for EG [HOUR_1]: last candle 2026-04-08T21:00+02:00[Europe/Madrid] vs threshold PT2H - downloading delta
2026-04-10 16:28:36.629 ERROR [main] DataDownload : ❌ Failed to download EG [HOUR_1]: Failed to connect to TWS at 127.0.0.1:7497
2026-04-10 16:28:36.635 INFO  [main] DataDownload : 📥 Data stale for EG [DAY_1]: last candle 2026-04-08T22:00+02:00[Europe/Madrid] vs threshold PT26H - downloading delta
2026-04-10 16:28:36.640 ERROR [main] DataDownload : ❌ Failed to download EG [DAY_1]: Failed to connect to TWS at 127.0.0.1:7497
2026-04-10 16:28:36.650 INFO  [main] DataDownload : 📥 Data stale for EIX [MIN_5]: last candle 2026-04-08T21:55+02:00[Europe/Madrid] vs threshold PT15M - downloading delta
2026-04-10 16:28:36.655 ERROR [main] DataDownload : ❌ Failed to download EIX [MIN_5]: Failed to connect to TWS at 127.0.0.1:7497
2026-04-10 16:28:36.662 INFO  [main] DataDownload : 📥 Data stale for EIX [MIN_15]: last candle 2026-04-08T21:45+02:00[Europe/Madrid] vs threshold PT30M - downloading delta
2026-04-10 16:28:36.667 ERROR [main] DataDownload : ❌ Failed to download EIX [MIN_15]: Failed to connect to TWS at 127.0.0.1:7497
2026-04-10 16:28:36.674 INFO  [main] DataDownload : 📥 Data stale for EIX [HOUR_1]: last candle 2026-04-08T21:00+02:00[Europe/Madrid] vs threshold PT2H - downloading delta
2026-04-10 16:28:36.680 ERROR [main] DataDownload : ❌ Failed to download EIX [HOUR_1]: Failed to connect to TWS at 127.0.0.1:7497
2026-04-10 16:28:36.691 INFO  [main] DataDownload : 📥 Data stale for EIX [DAY_1]: last candle 2026-04-08T22:00+02:00[Europe/Madrid] vs threshold PT26H - downloading delta
2026-04-10 16:28:36.696 ERROR [main] DataDownload : ❌ Failed to download EIX [DAY_1]: Failed to connect to TWS at 127.0.0.1:7497
2026-04-10 16:28:36.708 INFO  [main] DataDownload : 📥 Data stale for EL [MIN_5]: last candle 2026-04-08T21:55+02:00[Europe/Madrid] vs threshold PT15M - downloading delta
2026-04-10 16:28:36.713 ERROR [main] DataDownload : ❌ Failed to download EL [MIN_5]: Failed to connect to TWS at 127.0.0.1:7497
2026-04-10 16:28:36.721 INFO  [main] DataDownload : 📥 Data stale for EL [MIN_15]: last candle 2026-04-08T21:45+02:00[Europe/Madrid] vs threshold PT30M - downloading delta
2026-04-10 16:28:36.726 ERROR [main] DataDownload : ❌ Failed to download EL [MIN_15]: Failed to connect to TWS at 127.0.0.1:7497
2026-04-10 16:28:36.733 INFO  [main] DataDownload : 📥 Data stale for EL [HOUR_1]: last candle 2026-04-08T21:00+02:00[Europe/Madrid] vs threshold PT2H - downloading delta
2026-04-10 16:28:36.738 ERROR [main] DataDownload : ❌ Failed to download EL [HOUR_1]: Failed to connect to TWS at 127.0.0.1:7497
2026-04-10 16:28:36.744 INFO  [main] DataDownload : 📥 Data stale for EL [DAY_1]: last candle 2026-04-08T22:00+02:00[Europe/Madrid] vs threshold PT26H - downloading delta
2026-04-10 16:28:36.748 ERROR [main] DataDownload : ❌ Failed to download EL [DAY_1]: Failed to connect to TWS at 127.0.0.1:7497
2026-04-10 16:28:36.758 INFO  [main] DataDownload : 📥 Data stale for ELV [MIN_5]: last candle 2026-04-08T21:55+02:00[Europe/Madrid] vs threshold PT15M - downloading delta
2026-04-10 16:28:36.763 ERROR [main] DataDownload : ❌ Failed to download ELV [MIN_5]: Failed to connect to TWS at 127.0.0.1:7497
2026-04-10 16:28:36.770 INFO  [main] DataDownload : 📥 Data stale for ELV [MIN_15]: last candle 2026-04-08T21:45+02:00[Europe/Madrid] vs threshold PT30M - downloading delta
2026-04-10 16:28:36.774 ERROR [main] DataDownload : ❌ Failed to download ELV [MIN_15]: Failed to connect to TWS at 127.0.0.1:7497
2026-04-10 16:28:36.780 INFO  [main] DataDownload : 📥 Data stale for ELV [HOUR_1]: last candle 2026-04-08T21:00+02:00[Europe/Madrid] vs threshold PT2H - downloading delta
2026-04-10 16:28:36.784 ERROR [main] DataDownload : ❌ Failed to download ELV [HOUR_1]: Failed to connect to TWS at 127.0.0.1:7497
2026-04-10 16:28:36.791 INFO  [main] DataDownload : 📥 Data stale for ELV [DAY_1]: last candle 2026-04-08T22:00+02:00[Europe/Madrid] vs threshold PT26H - downloading delta
2026-04-10 16:28:36.795 ERROR [main] DataDownload : ❌ Failed to download ELV [DAY_1]: Failed to connect to TWS at 127.0.0.1:7497
2026-04-10 16:28:36.803 INFO  [main] DataDownload : 📥 Data stale for EMN [MIN_5]: last candle 2026-04-08T21:55+02:00[Europe/Madrid] vs threshold PT15M - downloading delta
2026-04-10 16:28:36.809 ERROR [main] DataDownload : ❌ Failed to download EMN [MIN_5]: Failed to connect to TWS at 127.0.0.1:7497
2026-04-10 16:28:36.815 INFO  [main] DataDownload : 📥 Data stale for EMN [MIN_15]: last candle 2026-04-08T21:45+02:00[Europe/Madrid] vs threshold PT30M - downloading delta
2026-04-10 16:28:36.820 ERROR [main] DataDownload : ❌ Failed to download EMN [MIN_15]: Failed to connect to TWS at 127.0.0.1:7497
2026-04-10 16:28:36.825 INFO  [main] DataDownload : 📥 Data stale for EMN [HOUR_1]: last candle 2026-04-08T21:00+02:00[Europe/Madrid] vs threshold PT2H - downloading delta
2026-04-10 16:28:36.829 ERROR [main] DataDownload : ❌ Failed to download EMN [HOUR_1]: Failed to connect to TWS at 127.0.0.1:7497
2026-04-10 16:28:36.835 INFO  [main] DataDownload : 📥 Data stale for EMN [DAY_1]: last candle 2026-04-08T22:00+02:00[Europe/Madrid] vs threshold PT26H - downloading delta
2026-04-10 16:28:36.840 ERROR [main] DataDownload : ❌ Failed to download EMN [DAY_1]: Failed to connect to TWS at 127.0.0.1:7497
2026-04-10 16:28:36.850 INFO  [main] DataDownload : 📥 Data stale for EMR [MIN_5]: last candle 2026-04-08T21:55+02:00[Europe/Madrid] vs threshold PT15M - downloading delta
2026-04-10 16:28:36.854 ERROR [main] DataDownload : ❌ Failed to download EMR [MIN_5]: Failed to connect to TWS at 127.0.0.1:7497
2026-04-10 16:28:36.861 INFO  [main] DataDownload : 📥 Data stale for EMR [MIN_15]: last candle 2026-04-08T21:45+02:00[Europe/Madrid] vs threshold PT30M - downloading delta
2026-04-10 16:28:36.866 ERROR [main] DataDownload : ❌ Failed to download EMR [MIN_15]: Failed to connect to TWS at 127.0.0.1:7497
2026-04-10 16:28:36.871 INFO  [main] DataDownload : 📥 Data stale for EMR [HOUR_1]: last candle 2026-04-08T21:00+02:00[Europe/Madrid] vs threshold PT2H - downloading delta
2026-04-10 16:28:36.876 ERROR [main] DataDownload : ❌ Failed to download EMR [HOUR_1]: Failed to connect to TWS at 127.0.0.1:7497
2026-04-10 16:28:36.884 INFO  [main] DataDownload : 📥 Data stale for EMR [DAY_1]: last candle 2026-04-08T22:00+02:00[Europe/Madrid] vs threshold PT26H - downloading delta
2026-04-10 16:28:36.889 ERROR [main] DataDownload : ❌ Failed to download EMR [DAY_1]: Failed to connect to TWS at 127.0.0.1:7497
2026-04-10 16:28:36.899 INFO  [main] DataDownload : 📥 Data stale for ENPH [MIN_5]: last candle 2026-04-08T21:55+02:00[Europe/Madrid] vs threshold PT15M - downloading delta
2026-04-10 16:28:36.905 ERROR [main] DataDownload : ❌ Failed to download ENPH [MIN_5]: Failed to connect to TWS at 127.0.0.1:7497
2026-04-10 16:28:36.915 INFO  [main] DataDownload : 📥 Data stale for ENPH [MIN_15]: last candle 2026-04-08T21:45+02:00[Europe/Madrid] vs threshold PT30M - downloading delta
2026-04-10 16:28:36.920 ERROR [main] DataDownload : ❌ Failed to download ENPH [MIN_15]: Failed to connect to TWS at 127.0.0.1:7497
2026-04-10 16:28:36.927 INFO  [main] DataDownload : 📥 Data stale for ENPH [HOUR_1]: last candle 2026-04-08T21:00+02:00[Europe/Madrid] vs threshold PT2H - downloading delta
2026-04-10 16:28:36.932 ERROR [main] DataDownload : ❌ Failed to download ENPH [HOUR_1]: Failed to connect to TWS at 127.0.0.1:7497
2026-04-10 16:28:36.939 INFO  [main] DataDownload : 📥 Data stale for ENPH [DAY_1]: last candle 2026-04-08T22:00+02:00[Europe/Madrid] vs threshold PT26H - downloading delta
2026-04-10 16:28:36.943 ERROR [main] DataDownload : ❌ Failed to download ENPH [DAY_1]: Failed to connect to TWS at 127.0.0.1:7497
2026-04-10 16:28:36.953 INFO  [main] DataDownload : 📥 Data stale for EOG [MIN_5]: last candle 2026-04-08T21:55+02:00[Europe/Madrid] vs threshold PT15M - downloading delta
2026-04-10 16:28:36.957 ERROR [main] DataDownload : ❌ Failed to download EOG [MIN_5]: Failed to connect to TWS at 127.0.0.1:7497
2026-04-10 16:28:36.963 INFO  [main] DataDownload : 📥 Data stale for EOG [MIN_15]: last candle 2026-04-08T21:45+02:00[Europe/Madrid] vs threshold PT30M - downloading delta
2026-04-10 16:28:36.968 ERROR [main] DataDownload : ❌ Failed to download EOG [MIN_15]: Failed to connect to TWS at 127.0.0.1:7497
2026-04-10 16:28:36.974 INFO  [main] DataDownload : 📥 Data stale for EOG [HOUR_1]: last candle 2026-04-08T21:00+02:00[Europe/Madrid] vs threshold PT2H - downloading delta
2026-04-10 16:28:36.978 ERROR [main] DataDownload : ❌ Failed to download EOG [HOUR_1]: Failed to connect to TWS at 127.0.0.1:7497
2026-04-10 16:28:36.984 INFO  [main] DataDownload : 📥 Data stale for EOG [DAY_1]: last candle 2026-04-08T22:00+02:00[Europe/Madrid] vs threshold PT26H - downloading delta
2026-04-10 16:28:36.989 ERROR [main] DataDownload : ❌ Failed to download EOG [DAY_1]: Failed to connect to TWS at 127.0.0.1:7497
2026-04-10 16:28:36.998 INFO  [main] DataDownload : 📥 Data stale for EPAM [MIN_5]: last candle 2026-04-08T21:55+02:00[Europe/Madrid] vs threshold PT15M - downloading delta
2026-04-10 16:28:37.002 ERROR [main] DataDownload : ❌ Failed to download EPAM [MIN_5]: Failed to connect to TWS at 127.0.0.1:7497
2026-04-10 16:28:37.009 INFO  [main] DataDownload : 📥 Data stale for EPAM [MIN_15]: last candle 2026-04-08T21:45+02:00[Europe/Madrid] vs threshold PT30M - downloading delta
2026-04-10 16:28:37.013 ERROR [main] DataDownload : ❌ Failed to download EPAM [MIN_15]: Failed to connect to TWS at 127.0.0.1:7497
2026-04-10 16:28:37.020 INFO  [main] DataDownload : 📥 Data stale for EPAM [HOUR_1]: last candle 2026-04-08T21:00+02:00[Europe/Madrid] vs threshold PT2H - downloading delta
2026-04-10 16:28:37.024 ERROR [main] DataDownload : ❌ Failed to download EPAM [HOUR_1]: Failed to connect to TWS at 127.0.0.1:7497
2026-04-10 16:28:37.030 INFO  [main] DataDownload : 📥 Data stale for EPAM [DAY_1]: last candle 2026-04-08T22:00+02:00[Europe/Madrid] vs threshold PT26H - downloading delta
2026-04-10 16:28:37.034 ERROR [main] DataDownload : ❌ Failed to download EPAM [DAY_1]: Failed to connect to TWS at 127.0.0.1:7497
2026-04-10 16:28:37.044 INFO  [main] DataDownload : 📥 Data stale for EQIX [MIN_5]: last candle 2026-04-08T21:55+02:00[Europe/Madrid] vs threshold PT15M - downloading delta
2026-04-10 16:28:37.048 ERROR [main] DataDownload : ❌ Failed to download EQIX [MIN_5]: Failed to connect to TWS at 127.0.0.1:7497
2026-04-10 16:28:37.055 INFO  [main] DataDownload : 📥 Data stale for EQIX [MIN_15]: last candle 2026-04-08T21:45+02:00[Europe/Madrid] vs threshold PT30M - downloading delta
2026-04-10 16:28:37.059 ERROR [main] DataDownload : ❌ Failed to download EQIX [MIN_15]: Failed to connect to TWS at 127.0.0.1:7497
2026-04-10 16:28:37.066 INFO  [main] DataDownload : 📥 Data stale for EQIX [HOUR_1]: last candle 2026-04-08T21:00+02:00[Europe/Madrid] vs threshold PT2H - downloading delta
2026-04-10 16:28:37.070 ERROR [main] DataDownload : ❌ Failed to download EQIX [HOUR_1]: Failed to connect to TWS at 127.0.0.1:7497
2026-04-10 16:28:37.076 INFO  [main] DataDownload : 📥 Data stale for EQIX [DAY_1]: last candle 2026-04-08T22:00+02:00[Europe/Madrid] vs threshold PT26H - downloading delta
2026-04-10 16:28:37.081 ERROR [main] DataDownload : ❌ Failed to download EQIX [DAY_1]: Failed to connect to TWS at 127.0.0.1:7497
2026-04-10 16:28:37.090 INFO  [main] DataDownload : 📥 Data stale for EQT [MIN_5]: last candle 2026-04-08T21:55+02:00[Europe/Madrid] vs threshold PT15M - downloading delta
2026-04-10 16:28:37.096 ERROR [main] DataDownload : ❌ Failed to download EQT [MIN_5]: Failed to connect to TWS at 127.0.0.1:7497
2026-04-10 16:28:37.104 INFO  [main] DataDownload : 📥 Data stale for EQT [MIN_15]: last candle 2026-04-08T21:45+02:00[Europe/Madrid] vs threshold PT30M - downloading delta
2026-04-10 16:28:37.108 ERROR [main] DataDownload : ❌ Failed to download EQT [MIN_15]: Failed to connect to TWS at 127.0.0.1:7497
2026-04-10 16:28:37.116 INFO  [main] DataDownload : 📥 Data stale for EQT [HOUR_1]: last candle 2026-04-08T21:00+02:00[Europe/Madrid] vs threshold PT2H - downloading delta
2026-04-10 16:28:37.120 ERROR [main] DataDownload : ❌ Failed to download EQT [HOUR_1]: Failed to connect to TWS at 127.0.0.1:7497
2026-04-10 16:28:37.128 INFO  [main] DataDownload : 📥 Data stale for EQT [DAY_1]: last candle 2026-04-08T22:00+02:00[Europe/Madrid] vs threshold PT26H - downloading delta
2026-04-10 16:28:37.133 ERROR [main] DataDownload : ❌ Failed to download EQT [DAY_1]: Failed to connect to TWS at 127.0.0.1:7497
2026-04-10 16:28:37.144 INFO  [main] DataDownload : 📥 Data stale for ERIE [MIN_5]: last candle 2026-04-08T21:55+02:00[Europe/Madrid] vs threshold PT15M - downloading delta
2026-04-10 16:28:37.149 ERROR [main] DataDownload : ❌ Failed to download ERIE [MIN_5]: Failed to connect to TWS at 127.0.0.1:7497
2026-04-10 16:28:37.155 INFO  [main] DataDownload : 📥 Data stale for ERIE [MIN_15]: last candle 2026-04-08T21:45+02:00[Europe/Madrid] vs threshold PT30M - downloading delta
2026-04-10 16:28:37.160 ERROR [main] DataDownload : ❌ Failed to download ERIE [MIN_15]: Failed to connect to TWS at 127.0.0.1:7497
2026-04-10 16:28:37.166 INFO  [main] DataDownload : 📥 Data stale for ERIE [HOUR_1]: last candle 2026-04-08T21:00+02:00[Europe/Madrid] vs threshold PT2H - downloading delta
2026-04-10 16:28:37.171 ERROR [main] DataDownload : ❌ Failed to download ERIE [HOUR_1]: Failed to connect to TWS at 127.0.0.1:7497
2026-04-10 16:28:37.177 INFO  [main] DataDownload : 📥 Data stale for ERIE [DAY_1]: last candle 2026-04-08T22:00+02:00[Europe/Madrid] vs threshold PT26H - downloading delta
2026-04-10 16:28:37.182 ERROR [main] DataDownload : ❌ Failed to download ERIE [DAY_1]: Failed to connect to TWS at 127.0.0.1:7497
2026-04-10 16:28:37.191 INFO  [main] DataDownload : 📥 Data stale for ES [MIN_5]: last candle 2026-04-08T21:55+02:00[Europe/Madrid] vs threshold PT15M - downloading delta
2026-04-10 16:28:37.196 ERROR [main] DataDownload : ❌ Failed to download ES [MIN_5]: Failed to connect to TWS at 127.0.0.1:7497
2026-04-10 16:28:37.203 INFO  [main] DataDownload : 📥 Data stale for ES [MIN_15]: last candle 2026-04-08T21:45+02:00[Europe/Madrid] vs threshold PT30M - downloading delta
2026-04-10 16:28:37.207 ERROR [main] DataDownload : ❌ Failed to download ES [MIN_15]: Failed to connect to TWS at 127.0.0.1:7497
2026-04-10 16:28:37.213 INFO  [main] DataDownload : 📥 Data stale for ES [HOUR_1]: last candle 2026-04-08T21:00+02:00[Europe/Madrid] vs threshold PT2H - downloading delta
2026-04-10 16:28:37.219 ERROR [main] DataDownload : ❌ Failed to download ES [HOUR_1]: Failed to connect to TWS at 127.0.0.1:7497
2026-04-10 16:28:37.225 INFO  [main] DataDownload : 📥 Data stale for ES [DAY_1]: last candle 2026-04-08T22:00+02:00[Europe/Madrid] vs threshold PT26H - downloading delta
2026-04-10 16:28:37.229 ERROR [main] DataDownload : ❌ Failed to download ES [DAY_1]: Failed to connect to TWS at 127.0.0.1:7497
2026-04-10 16:28:37.239 INFO  [main] DataDownload : 📥 Data stale for ESS [MIN_5]: last candle 2026-04-08T21:55+02:00[Europe/Madrid] vs threshold PT15M - downloading delta
2026-04-10 16:28:37.244 ERROR [main] DataDownload : ❌ Failed to download ESS [MIN_5]: Failed to connect to TWS at 127.0.0.1:7497
2026-04-10 16:28:37.251 INFO  [main] DataDownload : 📥 Data stale for ESS [MIN_15]: last candle 2026-04-08T21:45+02:00[Europe/Madrid] vs threshold PT30M - downloading delta
2026-04-10 16:28:37.256 ERROR [main] DataDownload : ❌ Failed to download ESS [MIN_15]: Failed to connect to TWS at 127.0.0.1:7497
2026-04-10 16:28:37.264 INFO  [main] DataDownload : 📥 Data stale for ESS [HOUR_1]: last candle 2026-04-08T21:00+02:00[Europe/Madrid] vs threshold PT2H - downloading delta
2026-04-10 16:28:37.269 ERROR [main] DataDownload : ❌ Failed to download ESS [HOUR_1]: Failed to connect to TWS at 127.0.0.1:7497
2026-04-10 16:28:37.275 INFO  [main] DataDownload : 📥 Data stale for ESS [DAY_1]: last candle 2026-04-08T22:00+02:00[Europe/Madrid] vs threshold PT26H - downloading delta
2026-04-10 16:28:37.280 ERROR [main] DataDownload : ❌ Failed to download ESS [DAY_1]: Failed to connect to TWS at 127.0.0.1:7497
2026-04-10 16:28:37.294 INFO  [main] DataDownload : 📥 Data stale for ETN [MIN_5]: last candle 2026-04-08T21:55+02:00[Europe/Madrid] vs threshold PT15M - downloading delta
2026-04-10 16:28:37.298 ERROR [main] DataDownload : ❌ Failed to download ETN [MIN_5]: Failed to connect to TWS at 127.0.0.1:7497
2026-04-10 16:28:37.306 INFO  [main] DataDownload : 📥 Data stale for ETN [MIN_15]: last candle 2026-04-08T21:45+02:00[Europe/Madrid] vs threshold PT30M - downloading delta
2026-04-10 16:28:37.310 ERROR [main] DataDownload : ❌ Failed to download ETN [MIN_15]: Failed to connect to TWS at 127.0.0.1:7497
2026-04-10 16:28:37.317 INFO  [main] DataDownload : 📥 Data stale for ETN [HOUR_1]: last candle 2026-04-08T21:00+02:00[Europe/Madrid] vs threshold PT2H - downloading delta
2026-04-10 16:28:37.322 ERROR [main] DataDownload : ❌ Failed to download ETN [HOUR_1]: Failed to connect to TWS at 127.0.0.1:7497
2026-04-10 16:28:37.329 INFO  [main] DataDownload : 📥 Data stale for ETN [DAY_1]: last candle 2026-04-08T22:00+02:00[Europe/Madrid] vs threshold PT26H - downloading delta
2026-04-10 16:28:37.334 ERROR [main] DataDownload : ❌ Failed to download ETN [DAY_1]: Failed to connect to TWS at 127.0.0.1:7497
2026-04-10 16:28:37.344 INFO  [main] DataDownload : 📥 Data stale for ETR [MIN_5]: last candle 2026-04-08T21:55+02:00[Europe/Madrid] vs threshold PT15M - downloading delta
2026-04-10 16:28:37.348 ERROR [main] DataDownload : ❌ Failed to download ETR [MIN_5]: Failed to connect to TWS at 127.0.0.1:7497
2026-04-10 16:28:37.355 INFO  [main] DataDownload : 📥 Data stale for ETR [MIN_15]: last candle 2026-04-08T21:45+02:00[Europe/Madrid] vs threshold PT30M - downloading delta
2026-04-10 16:28:37.359 ERROR [main] DataDownload : ❌ Failed to download ETR [MIN_15]: Failed to connect to TWS at 127.0.0.1:7497
2026-04-10 16:28:37.366 INFO  [main] DataDownload : 📥 Data stale for ETR [HOUR_1]: last candle 2026-04-08T21:00+02:00[Europe/Madrid] vs threshold PT2H - downloading delta
2026-04-10 16:28:37.371 ERROR [main] DataDownload : ❌ Failed to download ETR [HOUR_1]: Failed to connect to TWS at 127.0.0.1:7497
2026-04-10 16:28:37.377 INFO  [main] DataDownload : 📥 Data stale for ETR [DAY_1]: last candle 2026-04-08T22:00+02:00[Europe/Madrid] vs threshold PT26H - downloading delta
2026-04-10 16:28:37.381 ERROR [main] DataDownload : ❌ Failed to download ETR [DAY_1]: Failed to connect to TWS at 127.0.0.1:7497
2026-04-10 16:28:37.390 INFO  [main] DataDownload : 📥 Data stale for ETSY [MIN_5]: last candle 2026-04-08T21:55+02:00[Europe/Madrid] vs threshold PT15M - downloading delta
2026-04-10 16:28:37.394 ERROR [main] DataDownload : ❌ Failed to download ETSY [MIN_5]: Failed to connect to TWS at 127.0.0.1:7497
2026-04-10 16:28:37.401 INFO  [main] DataDownload : 📥 Data stale for ETSY [MIN_15]: last candle 2026-04-08T21:45+02:00[Europe/Madrid] vs threshold PT30M - downloading delta
2026-04-10 16:28:37.406 ERROR [main] DataDownload : ❌ Failed to download ETSY [MIN_15]: Failed to connect to TWS at 127.0.0.1:7497
2026-04-10 16:28:37.412 INFO  [main] DataDownload : 📥 Data stale for ETSY [HOUR_1]: last candle 2026-04-08T21:00+02:00[Europe/Madrid] vs threshold PT2H - downloading delta
2026-04-10 16:28:37.416 ERROR [main] DataDownload : ❌ Failed to download ETSY [HOUR_1]: Failed to connect to TWS at 127.0.0.1:7497
2026-04-10 16:28:37.423 INFO  [main] DataDownload : 📥 Data stale for ETSY [DAY_1]: last candle 2026-04-08T22:00+02:00[Europe/Madrid] vs threshold PT26H - downloading delta
2026-04-10 16:28:37.431 ERROR [main] DataDownload : ❌ Failed to download ETSY [DAY_1]: Failed to connect to TWS at 127.0.0.1:7497
2026-04-10 16:28:37.441 INFO  [main] DataDownload : 📥 Data stale for EVRG [MIN_5]: last candle 2026-04-08T21:55+02:00[Europe/Madrid] vs threshold PT15M - downloading delta
2026-04-10 16:28:37.445 ERROR [main] DataDownload : ❌ Failed to download EVRG [MIN_5]: Failed to connect to TWS at 127.0.0.1:7497
2026-04-10 16:28:37.452 INFO  [main] DataDownload : 📥 Data stale for EVRG [MIN_15]: last candle 2026-04-08T21:45+02:00[Europe/Madrid] vs threshold PT30M - downloading delta
2026-04-10 16:28:37.457 ERROR [main] DataDownload : ❌ Failed to download EVRG [MIN_15]: Failed to connect to TWS at 127.0.0.1:7497
2026-04-10 16:28:37.463 INFO  [main] DataDownload : 📥 Data stale for EVRG [HOUR_1]: last candle 2026-04-08T21:00+02:00[Europe/Madrid] vs threshold PT2H - downloading delta
2026-04-10 16:28:37.467 ERROR [main] DataDownload : ❌ Failed to download EVRG [HOUR_1]: Failed to connect to TWS at 127.0.0.1:7497
2026-04-10 16:28:37.474 INFO  [main] DataDownload : 📥 Data stale for EVRG [DAY_1]: last candle 2026-04-08T22:00+02:00[Europe/Madrid] vs threshold PT26H - downloading delta
2026-04-10 16:28:37.480 ERROR [main] DataDownload : ❌ Failed to download EVRG [DAY_1]: Failed to connect to TWS at 127.0.0.1:7497
2026-04-10 16:28:37.494 INFO  [main] DataDownload : 📥 Data stale for EW [MIN_5]: last candle 2026-04-08T21:55+02:00[Europe/Madrid] vs threshold PT15M - downloading delta
2026-04-10 16:28:37.498 ERROR [main] DataDownload : ❌ Failed to download EW [MIN_5]: Failed to connect to TWS at 127.0.0.1:7497
2026-04-10 16:28:37.505 INFO  [main] DataDownload : 📥 Data stale for EW [MIN_15]: last candle 2026-04-08T21:45+02:00[Europe/Madrid] vs threshold PT30M - downloading delta
2026-04-10 16:28:37.510 ERROR [main] DataDownload : ❌ Failed to download EW [MIN_15]: Failed to connect to TWS at 127.0.0.1:7497
2026-04-10 16:28:37.520 INFO  [main] DataDownload : 📥 Data stale for EW [HOUR_1]: last candle 2026-04-08T21:00+02:00[Europe/Madrid] vs threshold PT2H - downloading delta
2026-04-10 16:28:37.525 ERROR [main] DataDownload : ❌ Failed to download EW [HOUR_1]: Failed to connect to TWS at 127.0.0.1:7497
2026-04-10 16:28:37.532 INFO  [main] DataDownload : 📥 Data stale for EW [DAY_1]: last candle 2026-04-08T22:00+02:00[Europe/Madrid] vs threshold PT26H - downloading delta
2026-04-10 16:28:37.537 ERROR [main] DataDownload : ❌ Failed to download EW [DAY_1]: Failed to connect to TWS at 127.0.0.1:7497
2026-04-10 16:28:37.547 INFO  [main] DataDownload : 📥 Data stale for EXC [MIN_5]: last candle 2026-04-08T21:55+02:00[Europe/Madrid] vs threshold PT15M - downloading delta
2026-04-10 16:28:37.551 ERROR [main] DataDownload : ❌ Failed to download EXC [MIN_5]: Failed to connect to TWS at 127.0.0.1:7497
2026-04-10 16:28:37.557 INFO  [main] DataDownload : 📥 Data stale for EXC [MIN_15]: last candle 2026-04-08T21:45+02:00[Europe/Madrid] vs threshold PT30M - downloading delta
2026-04-10 16:28:37.563 ERROR [main] DataDownload : ❌ Failed to download EXC [MIN_15]: Failed to connect to TWS at 127.0.0.1:7497
2026-04-10 16:28:37.568 INFO  [main] DataDownload : 📥 Data stale for EXC [HOUR_1]: last candle 2026-04-08T21:00+02:00[Europe/Madrid] vs threshold PT2H - downloading delta
2026-04-10 16:28:37.572 ERROR [main] DataDownload : ❌ Failed to download EXC [HOUR_1]: Failed to connect to TWS at 127.0.0.1:7497
2026-04-10 16:28:37.578 INFO  [main] DataDownload : 📥 Data stale for EXC [DAY_1]: last candle 2026-04-08T22:00+02:00[Europe/Madrid] vs threshold PT26H - downloading delta
2026-04-10 16:28:37.583 ERROR [main] DataDownload : ❌ Failed to download EXC [DAY_1]: Failed to connect to TWS at 127.0.0.1:7497
2026-04-10 16:28:37.593 INFO  [main] DataDownload : 📥 Data stale for EXPD [MIN_5]: last candle 2026-04-08T21:55+02:00[Europe/Madrid] vs threshold PT15M - downloading delta
2026-04-10 16:28:37.598 ERROR [main] DataDownload : ❌ Failed to download EXPD [MIN_5]: Failed to connect to TWS at 127.0.0.1:7497
2026-04-10 16:28:37.604 INFO  [main] DataDownload : 📥 Data stale for EXPD [MIN_15]: last candle 2026-04-08T21:45+02:00[Europe/Madrid] vs threshold PT30M - downloading delta
2026-04-10 16:28:37.609 ERROR [main] DataDownload : ❌ Failed to download EXPD [MIN_15]: Failed to connect to TWS at 127.0.0.1:7497
2026-04-10 16:28:37.615 INFO  [main] DataDownload : 📥 Data stale for EXPD [HOUR_1]: last candle 2026-04-08T21:00+02:00[Europe/Madrid] vs threshold PT2H - downloading delta
2026-04-10 16:28:37.618 ERROR [main] DataDownload : ❌ Failed to download EXPD [HOUR_1]: Failed to connect to TWS at 127.0.0.1:7497
2026-04-10 16:28:37.624 INFO  [main] DataDownload : 📥 Data stale for EXPD [DAY_1]: last candle 2026-04-08T22:00+02:00[Europe/Madrid] vs threshold PT26H - downloading delta
2026-04-10 16:28:37.629 ERROR [main] DataDownload : ❌ Failed to download EXPD [DAY_1]: Failed to connect to TWS at 127.0.0.1:7497
2026-04-10 16:28:37.638 INFO  [main] DataDownload : 📥 Data stale for EXPE [MIN_5]: last candle 2026-04-08T21:55+02:00[Europe/Madrid] vs threshold PT15M - downloading delta
2026-04-10 16:28:37.643 ERROR [main] DataDownload : ❌ Failed to download EXPE [MIN_5]: Failed to connect to TWS at 127.0.0.1:7497
2026-04-10 16:28:37.649 INFO  [main] DataDownload : 📥 Data stale for EXPE [MIN_15]: last candle 2026-04-08T21:45+02:00[Europe/Madrid] vs threshold PT30M - downloading delta
2026-04-10 16:28:37.653 ERROR [main] DataDownload : ❌ Failed to download EXPE [MIN_15]: Failed to connect to TWS at 127.0.0.1:7497
2026-04-10 16:28:37.660 INFO  [main] DataDownload : 📥 Data stale for EXPE [HOUR_1]: last candle 2026-04-08T21:00+02:00[Europe/Madrid] vs threshold PT2H - downloading delta
2026-04-10 16:28:37.666 ERROR [main] DataDownload : ❌ Failed to download EXPE [HOUR_1]: Failed to connect to TWS at 127.0.0.1:7497
2026-04-10 16:28:37.673 INFO  [main] DataDownload : 📥 Data stale for EXPE [DAY_1]: last candle 2026-04-08T22:00+02:00[Europe/Madrid] vs threshold PT26H - downloading delta
2026-04-10 16:28:37.678 ERROR [main] DataDownload : ❌ Failed to download EXPE [DAY_1]: Failed to connect to TWS at 127.0.0.1:7497
2026-04-10 16:28:37.687 INFO  [main] DataDownload : 📥 Data stale for EXR [MIN_5]: last candle 2026-04-08T21:55+02:00[Europe/Madrid] vs threshold PT15M - downloading delta
2026-04-10 16:28:37.691 ERROR [main] DataDownload : ❌ Failed to download EXR [MIN_5]: Failed to connect to TWS at 127.0.0.1:7497
2026-04-10 16:28:37.698 INFO  [main] DataDownload : 📥 Data stale for EXR [MIN_15]: last candle 2026-04-08T21:45+02:00[Europe/Madrid] vs threshold PT30M - downloading delta
2026-04-10 16:28:37.702 ERROR [main] DataDownload : ❌ Failed to download EXR [MIN_15]: Failed to connect to TWS at 127.0.0.1:7497
2026-04-10 16:28:37.712 INFO  [main] DataDownload : 📥 Data stale for EXR [HOUR_1]: last candle 2026-04-08T21:00+02:00[Europe/Madrid] vs threshold PT2H - downloading delta
2026-04-10 16:28:37.718 ERROR [main] DataDownload : ❌ Failed to download EXR [HOUR_1]: Failed to connect to TWS at 127.0.0.1:7497
2026-04-10 16:28:37.726 INFO  [main] DataDownload : 📥 Data stale for EXR [DAY_1]: last candle 2026-04-08T22:00+02:00[Europe/Madrid] vs threshold PT26H - downloading delta
2026-04-10 16:28:37.731 ERROR [main] DataDownload : ❌ Failed to download EXR [DAY_1]: Failed to connect to TWS at 127.0.0.1:7497
2026-04-10 16:28:37.740 INFO  [main] DataDownload : 📥 Data stale for F [MIN_5]: last candle 2026-04-08T21:55+02:00[Europe/Madrid] vs threshold PT15M - downloading delta
2026-04-10 16:28:37.745 ERROR [main] DataDownload : ❌ Failed to download F [MIN_5]: Failed to connect to TWS at 127.0.0.1:7497
2026-04-10 16:28:37.751 INFO  [main] DataDownload : 📥 Data stale for F [MIN_15]: last candle 2026-04-08T21:45+02:00[Europe/Madrid] vs threshold PT30M - downloading delta
2026-04-10 16:28:37.756 ERROR [main] DataDownload : ❌ Failed to download F [MIN_15]: Failed to connect to TWS at 127.0.0.1:7497
2026-04-10 16:28:37.763 INFO  [main] DataDownload : 📥 Data stale for F [HOUR_1]: last candle 2026-04-08T21:00+02:00[Europe/Madrid] vs threshold PT2H - downloading delta
2026-04-10 16:28:37.766 ERROR [main] DataDownload : ❌ Failed to download F [HOUR_1]: Failed to connect to TWS at 127.0.0.1:7497
2026-04-10 16:28:37.773 INFO  [main] DataDownload : 📥 Data stale for F [DAY_1]: last candle 2026-04-08T22:00+02:00[Europe/Madrid] vs threshold PT26H - downloading delta
2026-04-10 16:28:37.778 ERROR [main] DataDownload : ❌ Failed to download F [DAY_1]: Failed to connect to TWS at 127.0.0.1:7497
2026-04-10 16:28:37.787 INFO  [main] DataDownload : 📥 Data stale for FANG [MIN_5]: last candle 2026-04-08T21:55+02:00[Europe/Madrid] vs threshold PT15M - downloading delta
2026-04-10 16:28:37.792 ERROR [main] DataDownload : ❌ Failed to download FANG [MIN_5]: Failed to connect to TWS at 127.0.0.1:7497
2026-04-10 16:28:37.798 INFO  [main] DataDownload : 📥 Data stale for FANG [MIN_15]: last candle 2026-04-08T21:45+02:00[Europe/Madrid] vs threshold PT30M - downloading delta
2026-04-10 16:28:37.803 ERROR [main] DataDownload : ❌ Failed to download FANG [MIN_15]: Failed to connect to TWS at 127.0.0.1:7497
2026-04-10 16:28:37.808 INFO  [main] DataDownload : 📥 Data stale for FANG [HOUR_1]: last candle 2026-04-08T21:00+02:00[Europe/Madrid] vs threshold PT2H - downloading delta
2026-04-10 16:28:37.813 ERROR [main] DataDownload : ❌ Failed to download FANG [HOUR_1]: Failed to connect to TWS at 127.0.0.1:7497
2026-04-10 16:28:37.820 INFO  [main] DataDownload : 📥 Data stale for FANG [DAY_1]: last candle 2026-04-08T22:00+02:00[Europe/Madrid] vs threshold PT26H - downloading delta
2026-04-10 16:28:37.824 ERROR [main] DataDownload : ❌ Failed to download FANG [DAY_1]: Failed to connect to TWS at 127.0.0.1:7497
2026-04-10 16:28:37.833 INFO  [main] DataDownload : 📥 Data stale for FAST [MIN_5]: last candle 2026-04-08T21:55+02:00[Europe/Madrid] vs threshold PT15M - downloading delta
2026-04-10 16:28:37.837 ERROR [main] DataDownload : ❌ Failed to download FAST [MIN_5]: Failed to connect to TWS at 127.0.0.1:7497
2026-04-10 16:28:37.844 INFO  [main] DataDownload : 📥 Data stale for FAST [MIN_15]: last candle 2026-04-08T21:45+02:00[Europe/Madrid] vs threshold PT30M - downloading delta
2026-04-10 16:28:37.848 ERROR [main] DataDownload : ❌ Failed to download FAST [MIN_15]: Failed to connect to TWS at 127.0.0.1:7497
2026-04-10 16:28:37.854 INFO  [main] DataDownload : 📥 Data stale for FAST [HOUR_1]: last candle 2026-04-08T21:00+02:00[Europe/Madrid] vs threshold PT2H - downloading delta
2026-04-10 16:28:37.858 ERROR [main] DataDownload : ❌ Failed to download FAST [HOUR_1]: Failed to connect to TWS at 127.0.0.1:7497
2026-04-10 16:28:37.864 INFO  [main] DataDownload : 📥 Data stale for FAST [DAY_1]: last candle 2026-04-08T22:00+02:00[Europe/Madrid] vs threshold PT26H - downloading delta
2026-04-10 16:28:37.868 ERROR [main] DataDownload : ❌ Failed to download FAST [DAY_1]: Failed to connect to TWS at 127.0.0.1:7497
2026-04-10 16:28:37.880 INFO  [main] DataDownload : 📥 Data stale for FCX [MIN_5]: last candle 2026-04-08T21:55+02:00[Europe/Madrid] vs threshold PT15M - downloading delta
2026-04-10 16:28:37.884 ERROR [main] DataDownload : ❌ Failed to download FCX [MIN_5]: Failed to connect to TWS at 127.0.0.1:7497
2026-04-10 16:28:37.889 INFO  [main] DataDownload : 📥 Data stale for FCX [MIN_15]: last candle 2026-04-08T21:45+02:00[Europe/Madrid] vs threshold PT30M - downloading delta
2026-04-10 16:28:37.894 ERROR [main] DataDownload : ❌ Failed to download FCX [MIN_15]: Failed to connect to TWS at 127.0.0.1:7497
2026-04-10 16:28:37.899 INFO  [main] DataDownload : 📥 Data stale for FCX [HOUR_1]: last candle 2026-04-08T21:00+02:00[Europe/Madrid] vs threshold PT2H - downloading delta
2026-04-10 16:28:37.905 ERROR [main] DataDownload : ❌ Failed to download FCX [HOUR_1]: Failed to connect to TWS at 127.0.0.1:7497
2026-04-10 16:28:37.910 INFO  [main] DataDownload : 📥 Data stale for FCX [DAY_1]: last candle 2026-04-08T22:00+02:00[Europe/Madrid] vs threshold PT26H - downloading delta
2026-04-10 16:28:37.916 ERROR [main] DataDownload : ❌ Failed to download FCX [DAY_1]: Failed to connect to TWS at 127.0.0.1:7497
2026-04-10 16:28:37.925 INFO  [main] DataDownload : 📥 Data stale for FDS [MIN_5]: last candle 2026-04-08T21:55+02:00[Europe/Madrid] vs threshold PT15M - downloading delta
2026-04-10 16:28:37.930 ERROR [main] DataDownload : ❌ Failed to download FDS [MIN_5]: Failed to connect to TWS at 127.0.0.1:7497
2026-04-10 16:28:37.937 INFO  [main] DataDownload : 📥 Data stale for FDS [MIN_15]: last candle 2026-04-08T21:45+02:00[Europe/Madrid] vs threshold PT30M - downloading delta
2026-04-10 16:28:37.942 ERROR [main] DataDownload : ❌ Failed to download FDS [MIN_15]: Failed to connect to TWS at 127.0.0.1:7497
2026-04-10 16:28:37.948 INFO  [main] DataDownload : 📥 Data stale for FDS [HOUR_1]: last candle 2026-04-08T21:00+02:00[Europe/Madrid] vs threshold PT2H - downloading delta
2026-04-10 16:28:37.953 ERROR [main] DataDownload : ❌ Failed to download FDS [HOUR_1]: Failed to connect to TWS at 127.0.0.1:7497
2026-04-10 16:28:37.960 INFO  [main] DataDownload : 📥 Data stale for FDS [DAY_1]: last candle 2026-04-08T22:00+02:00[Europe/Madrid] vs threshold PT26H - downloading delta
2026-04-10 16:28:37.964 ERROR [main] DataDownload : ❌ Failed to download FDS [DAY_1]: Failed to connect to TWS at 127.0.0.1:7497
2026-04-10 16:28:37.973 INFO  [main] DataDownload : 📥 Data stale for FDX [MIN_5]: last candle 2026-04-08T21:55+02:00[Europe/Madrid] vs threshold PT15M - downloading delta
2026-04-10 16:28:37.977 ERROR [main] DataDownload : ❌ Failed to download FDX [MIN_5]: Failed to connect to TWS at 127.0.0.1:7497
2026-04-10 16:28:37.984 INFO  [main] DataDownload : 📥 Data stale for FDX [MIN_15]: last candle 2026-04-08T21:45+02:00[Europe/Madrid] vs threshold PT30M - downloading delta
2026-04-10 16:28:37.988 ERROR [main] DataDownload : ❌ Failed to download FDX [MIN_15]: Failed to connect to TWS at 127.0.0.1:7497
2026-04-10 16:28:37.994 INFO  [main] DataDownload : 📥 Data stale for FDX [HOUR_1]: last candle 2026-04-08T21:00+02:00[Europe/Madrid] vs threshold PT2H - downloading delta
2026-04-10 16:28:37.999 ERROR [main] DataDownload : ❌ Failed to download FDX [HOUR_1]: Failed to connect to TWS at 127.0.0.1:7497
2026-04-10 16:28:38.004 INFO  [main] DataDownload : 📥 Data stale for FDX [DAY_1]: last candle 2026-04-08T22:00+02:00[Europe/Madrid] vs threshold PT26H - downloading delta
2026-04-10 16:28:38.008 ERROR [main] DataDownload : ❌ Failed to download FDX [DAY_1]: Failed to connect to TWS at 127.0.0.1:7497
2026-04-10 16:28:38.019 INFO  [main] DataDownload : 📥 Data stale for FE [MIN_5]: last candle 2026-04-08T21:55+02:00[Europe/Madrid] vs threshold PT15M - downloading delta
2026-04-10 16:28:38.023 ERROR [main] DataDownload : ❌ Failed to download FE [MIN_5]: Failed to connect to TWS at 127.0.0.1:7497
2026-04-10 16:28:38.029 INFO  [main] DataDownload : 📥 Data stale for FE [MIN_15]: last candle 2026-04-08T21:45+02:00[Europe/Madrid] vs threshold PT30M - downloading delta
2026-04-10 16:28:38.033 ERROR [main] DataDownload : ❌ Failed to download FE [MIN_15]: Failed to connect to TWS at 127.0.0.1:7497
2026-04-10 16:28:38.039 INFO  [main] DataDownload : 📥 Data stale for FE [HOUR_1]: last candle 2026-04-08T21:00+02:00[Europe/Madrid] vs threshold PT2H - downloading delta
2026-04-10 16:28:38.044 ERROR [main] DataDownload : ❌ Failed to download FE [HOUR_1]: Failed to connect to TWS at 127.0.0.1:7497
2026-04-10 16:28:38.050 INFO  [main] DataDownload : 📥 Data stale for FE [DAY_1]: last candle 2026-04-08T22:00+02:00[Europe/Madrid] vs threshold PT26H - downloading delta
2026-04-10 16:28:38.055 ERROR [main] DataDownload : ❌ Failed to download FE [DAY_1]: Failed to connect to TWS at 127.0.0.1:7497
2026-04-10 16:28:38.064 INFO  [main] DataDownload : 📥 Data stale for FFIV [MIN_5]: last candle 2026-04-08T21:55+02:00[Europe/Madrid] vs threshold PT15M - downloading delta
2026-04-10 16:28:38.069 ERROR [main] DataDownload : ❌ Failed to download FFIV [MIN_5]: Failed to connect to TWS at 127.0.0.1:7497
2026-04-10 16:28:38.075 INFO  [main] DataDownload : 📥 Data stale for FFIV [MIN_15]: last candle 2026-04-08T21:45+02:00[Europe/Madrid] vs threshold PT30M - downloading delta
2026-04-10 16:28:38.079 ERROR [main] DataDownload : ❌ Failed to download FFIV [MIN_15]: Failed to connect to TWS at 127.0.0.1:7497
2026-04-10 16:28:38.086 INFO  [main] DataDownload : 📥 Data stale for FFIV [HOUR_1]: last candle 2026-04-08T21:00+02:00[Europe/Madrid] vs threshold PT2H - downloading delta
2026-04-10 16:28:38.090 ERROR [main] DataDownload : ❌ Failed to download FFIV [HOUR_1]: Failed to connect to TWS at 127.0.0.1:7497
2026-04-10 16:28:38.096 INFO  [main] DataDownload : 📥 Data stale for FFIV [DAY_1]: last candle 2026-04-08T22:00+02:00[Europe/Madrid] vs threshold PT26H - downloading delta
2026-04-10 16:28:38.101 ERROR [main] DataDownload : ❌ Failed to download FFIV [DAY_1]: Failed to connect to TWS at 127.0.0.1:7497
2026-04-10 16:28:38.111 INFO  [main] DataDownload : 📥 Data stale for FICO [MIN_5]: last candle 2026-04-08T21:55+02:00[Europe/Madrid] vs threshold PT15M - downloading delta
2026-04-10 16:28:38.116 ERROR [main] DataDownload : ❌ Failed to download FICO [MIN_5]: Failed to connect to TWS at 127.0.0.1:7497
2026-04-10 16:28:38.123 INFO  [main] DataDownload : 📥 Data stale for FICO [MIN_15]: last candle 2026-04-08T21:45+02:00[Europe/Madrid] vs threshold PT30M - downloading delta
2026-04-10 16:28:38.128 ERROR [main] DataDownload : ❌ Failed to download FICO [MIN_15]: Failed to connect to TWS at 127.0.0.1:7497
2026-04-10 16:28:38.136 INFO  [main] DataDownload : 📥 Data stale for FICO [HOUR_1]: last candle 2026-04-08T21:00+02:00[Europe/Madrid] vs threshold PT2H - downloading delta
2026-04-10 16:28:38.140 ERROR [main] DataDownload : ❌ Failed to download FICO [HOUR_1]: Failed to connect to TWS at 127.0.0.1:7497
2026-04-10 16:28:38.147 INFO  [main] DataDownload : 📥 Data stale for FICO [DAY_1]: last candle 2026-04-08T22:00+02:00[Europe/Madrid] vs threshold PT26H - downloading delta
2026-04-10 16:28:38.152 ERROR [main] DataDownload : ❌ Failed to download FICO [DAY_1]: Failed to connect to TWS at 127.0.0.1:7497
2026-04-10 16:28:38.160 INFO  [main] DataDownload : 📥 Data stale for FIS [MIN_5]: last candle 2026-04-08T21:55+02:00[Europe/Madrid] vs threshold PT15M - downloading delta
2026-04-10 16:28:38.165 ERROR [main] DataDownload : ❌ Failed to download FIS [MIN_5]: Failed to connect to TWS at 127.0.0.1:7497
2026-04-10 16:28:38.172 INFO  [main] DataDownload : 📥 Data stale for FIS [MIN_15]: last candle 2026-04-08T21:45+02:00[Europe/Madrid] vs threshold PT30M - downloading delta
2026-04-10 16:28:38.176 ERROR [main] DataDownload : ❌ Failed to download FIS [MIN_15]: Failed to connect to TWS at 127.0.0.1:7497
2026-04-10 16:28:38.182 INFO  [main] DataDownload : 📥 Data stale for FIS [HOUR_1]: last candle 2026-04-08T21:00+02:00[Europe/Madrid] vs threshold PT2H - downloading delta
2026-04-10 16:28:38.187 ERROR [main] DataDownload : ❌ Failed to download FIS [HOUR_1]: Failed to connect to TWS at 127.0.0.1:7497
2026-04-10 16:28:38.192 INFO  [main] DataDownload : 📥 Data stale for FIS [DAY_1]: last candle 2026-04-08T22:00+02:00[Europe/Madrid] vs threshold PT26H - downloading delta
2026-04-10 16:28:38.197 ERROR [main] DataDownload : ❌ Failed to download FIS [DAY_1]: Failed to connect to TWS at 127.0.0.1:7497
2026-04-10 16:28:38.206 INFO  [main] DataDownload : 📥 Data stale for FITB [MIN_5]: last candle 2026-04-08T21:55+02:00[Europe/Madrid] vs threshold PT15M - downloading delta
2026-04-10 16:28:38.211 ERROR [main] DataDownload : ❌ Failed to download FITB [MIN_5]: Failed to connect to TWS at 127.0.0.1:7497
2026-04-10 16:28:38.217 INFO  [main] DataDownload : 📥 Data stale for FITB [MIN_15]: last candle 2026-04-08T21:45+02:00[Europe/Madrid] vs threshold PT30M - downloading delta
2026-04-10 16:28:38.221 ERROR [main] DataDownload : ❌ Failed to download FITB [MIN_15]: Failed to connect to TWS at 127.0.0.1:7497
2026-04-10 16:28:38.228 INFO  [main] DataDownload : 📥 Data stale for FITB [HOUR_1]: last candle 2026-04-08T21:00+02:00[Europe/Madrid] vs threshold PT2H - downloading delta
2026-04-10 16:28:38.232 ERROR [main] DataDownload : ❌ Failed to download FITB [HOUR_1]: Failed to connect to TWS at 127.0.0.1:7497
2026-04-10 16:28:38.239 INFO  [main] DataDownload : 📥 Data stale for FITB [DAY_1]: last candle 2026-04-08T22:00+02:00[Europe/Madrid] vs threshold PT26H - downloading delta
2026-04-10 16:28:38.243 ERROR [main] DataDownload : ❌ Failed to download FITB [DAY_1]: Failed to connect to TWS at 127.0.0.1:7497
2026-04-10 16:28:38.252 INFO  [main] DataDownload : 📥 Data stale for FMC [MIN_5]: last candle 2026-04-08T21:55+02:00[Europe/Madrid] vs threshold PT15M - downloading delta
2026-04-10 16:28:38.256 ERROR [main] DataDownload : ❌ Failed to download FMC [MIN_5]: Failed to connect to TWS at 127.0.0.1:7497
2026-04-10 16:28:38.263 INFO  [main] DataDownload : 📥 Data stale for FMC [MIN_15]: last candle 2026-04-08T21:45+02:00[Europe/Madrid] vs threshold PT30M - downloading delta
2026-04-10 16:28:38.268 ERROR [main] DataDownload : ❌ Failed to download FMC [MIN_15]: Failed to connect to TWS at 127.0.0.1:7497
2026-04-10 16:28:38.274 INFO  [main] DataDownload : 📥 Data stale for FMC [HOUR_1]: last candle 2026-04-08T21:00+02:00[Europe/Madrid] vs threshold PT2H - downloading delta
2026-04-10 16:28:38.278 ERROR [main] DataDownload : ❌ Failed to download FMC [HOUR_1]: Failed to connect to TWS at 127.0.0.1:7497
2026-04-10 16:28:38.284 INFO  [main] DataDownload : 📥 Data stale for FMC [DAY_1]: last candle 2026-04-08T22:00+02:00[Europe/Madrid] vs threshold PT26H - downloading delta
2026-04-10 16:28:38.288 ERROR [main] DataDownload : ❌ Failed to download FMC [DAY_1]: Failed to connect to TWS at 127.0.0.1:7497
2026-04-10 16:28:38.298 INFO  [main] DataDownload : 📥 Data stale for FOX [MIN_5]: last candle 2026-04-08T21:55+02:00[Europe/Madrid] vs threshold PT15M - downloading delta
2026-04-10 16:28:38.303 ERROR [main] DataDownload : ❌ Failed to download FOX [MIN_5]: Failed to connect to TWS at 127.0.0.1:7497
2026-04-10 16:28:38.308 INFO  [main] DataDownload : 📥 Data stale for FOX [MIN_15]: last candle 2026-04-08T21:45+02:00[Europe/Madrid] vs threshold PT30M - downloading delta
2026-04-10 16:28:38.313 ERROR [main] DataDownload : ❌ Failed to download FOX [MIN_15]: Failed to connect to TWS at 127.0.0.1:7497
2026-04-10 16:28:38.325 INFO  [main] DataDownload : 📥 Data stale for FOX [HOUR_1]: last candle 2026-04-08T21:00+02:00[Europe/Madrid] vs threshold PT2H - downloading delta
2026-04-10 16:28:38.332 ERROR [main] DataDownload : ❌ Failed to download FOX [HOUR_1]: Failed to connect to TWS at 127.0.0.1:7497
2026-04-10 16:28:38.343 INFO  [main] DataDownload : 📥 Data stale for FOX [DAY_1]: last candle 2026-04-08T22:00+02:00[Europe/Madrid] vs threshold PT26H - downloading delta
2026-04-10 16:28:38.348 ERROR [main] DataDownload : ❌ Failed to download FOX [DAY_1]: Failed to connect to TWS at 127.0.0.1:7497
2026-04-10 16:28:38.361 INFO  [main] DataDownload : 📥 Data stale for FOXA [MIN_5]: last candle 2026-04-08T21:55+02:00[Europe/Madrid] vs threshold PT15M - downloading delta
2026-04-10 16:28:38.365 ERROR [main] DataDownload : ❌ Failed to download FOXA [MIN_5]: Failed to connect to TWS at 127.0.0.1:7497
2026-04-10 16:28:38.373 INFO  [main] DataDownload : 📥 Data stale for FOXA [MIN_15]: last candle 2026-04-08T21:45+02:00[Europe/Madrid] vs threshold PT30M - downloading delta
2026-04-10 16:28:38.377 ERROR [main] DataDownload : ❌ Failed to download FOXA [MIN_15]: Failed to connect to TWS at 127.0.0.1:7497
2026-04-10 16:28:38.384 INFO  [main] DataDownload : 📥 Data stale for FOXA [HOUR_1]: last candle 2026-04-08T21:00+02:00[Europe/Madrid] vs threshold PT2H - downloading delta
2026-04-10 16:28:38.389 ERROR [main] DataDownload : ❌ Failed to download FOXA [HOUR_1]: Failed to connect to TWS at 127.0.0.1:7497
2026-04-10 16:28:38.396 INFO  [main] DataDownload : 📥 Data stale for FOXA [DAY_1]: last candle 2026-04-08T22:00+02:00[Europe/Madrid] vs threshold PT26H - downloading delta
2026-04-10 16:28:38.401 ERROR [main] DataDownload : ❌ Failed to download FOXA [DAY_1]: Failed to connect to TWS at 127.0.0.1:7497
2026-04-10 16:28:38.410 INFO  [main] DataDownload : 📥 Data stale for FRT [MIN_5]: last candle 2026-04-08T21:55+02:00[Europe/Madrid] vs threshold PT15M - downloading delta
2026-04-10 16:28:38.414 ERROR [main] DataDownload : ❌ Failed to download FRT [MIN_5]: Failed to connect to TWS at 127.0.0.1:7497
2026-04-10 16:28:38.420 INFO  [main] DataDownload : 📥 Data stale for FRT [MIN_15]: last candle 2026-04-08T21:45+02:00[Europe/Madrid] vs threshold PT30M - downloading delta
2026-04-10 16:28:38.426 ERROR [main] DataDownload : ❌ Failed to download FRT [MIN_15]: Failed to connect to TWS at 127.0.0.1:7497
2026-04-10 16:28:38.437 INFO  [main] DataDownload : 📥 Data stale for FRT [HOUR_1]: last candle 2026-04-08T21:00+02:00[Europe/Madrid] vs threshold PT2H - downloading delta
2026-04-10 16:28:38.442 ERROR [main] DataDownload : ❌ Failed to download FRT [HOUR_1]: Failed to connect to TWS at 127.0.0.1:7497
2026-04-10 16:28:38.448 INFO  [main] DataDownload : 📥 Data stale for FRT [DAY_1]: last candle 2026-04-08T22:00+02:00[Europe/Madrid] vs threshold PT26H - downloading delta
2026-04-10 16:28:38.452 ERROR [main] DataDownload : ❌ Failed to download FRT [DAY_1]: Failed to connect to TWS at 127.0.0.1:7497
2026-04-10 16:28:38.462 INFO  [main] DataDownload : 📥 Data stale for FSLR [MIN_5]: last candle 2026-04-08T21:55+02:00[Europe/Madrid] vs threshold PT15M - downloading delta
2026-04-10 16:28:38.466 ERROR [main] DataDownload : ❌ Failed to download FSLR [MIN_5]: Failed to connect to TWS at 127.0.0.1:7497
2026-04-10 16:28:38.472 INFO  [main] DataDownload : 📥 Data stale for FSLR [MIN_15]: last candle 2026-04-08T21:45+02:00[Europe/Madrid] vs threshold PT30M - downloading delta
2026-04-10 16:28:38.477 ERROR [main] DataDownload : ❌ Failed to download FSLR [MIN_15]: Failed to connect to TWS at 127.0.0.1:7497
2026-04-10 16:28:38.483 INFO  [main] DataDownload : 📥 Data stale for FSLR [HOUR_1]: last candle 2026-04-08T21:00+02:00[Europe/Madrid] vs threshold PT2H - downloading delta
2026-04-10 16:28:38.487 ERROR [main] DataDownload : ❌ Failed to download FSLR [HOUR_1]: Failed to connect to TWS at 127.0.0.1:7497
2026-04-10 16:28:38.493 INFO  [main] DataDownload : 📥 Data stale for FSLR [DAY_1]: last candle 2026-04-08T22:00+02:00[Europe/Madrid] vs threshold PT26H - downloading delta
2026-04-10 16:28:38.497 ERROR [main] DataDownload : ❌ Failed to download FSLR [DAY_1]: Failed to connect to TWS at 127.0.0.1:7497
2026-04-10 16:28:38.507 INFO  [main] DataDownload : 📥 Data stale for FTNT [MIN_5]: last candle 2026-04-08T21:55+02:00[Europe/Madrid] vs threshold PT15M - downloading delta
2026-04-10 16:28:38.512 ERROR [main] DataDownload : ❌ Failed to download FTNT [MIN_5]: Failed to connect to TWS at 127.0.0.1:7497
2026-04-10 16:28:38.518 INFO  [main] DataDownload : 📥 Data stale for FTNT [MIN_15]: last candle 2026-04-08T21:45+02:00[Europe/Madrid] vs threshold PT30M - downloading delta
2026-04-10 16:28:38.523 ERROR [main] DataDownload : ❌ Failed to download FTNT [MIN_15]: Failed to connect to TWS at 127.0.0.1:7497
2026-04-10 16:28:38.531 INFO  [main] DataDownload : 📥 Data stale for FTNT [HOUR_1]: last candle 2026-04-08T21:00+02:00[Europe/Madrid] vs threshold PT2H - downloading delta
2026-04-10 16:28:38.536 ERROR [main] DataDownload : ❌ Failed to download FTNT [HOUR_1]: Failed to connect to TWS at 127.0.0.1:7497
2026-04-10 16:28:38.543 INFO  [main] DataDownload : 📥 Data stale for FTNT [DAY_1]: last candle 2026-04-08T22:00+02:00[Europe/Madrid] vs threshold PT26H - downloading delta
2026-04-10 16:28:38.547 ERROR [main] DataDownload : ❌ Failed to download FTNT [DAY_1]: Failed to connect to TWS at 127.0.0.1:7497
2026-04-10 16:28:38.556 INFO  [main] DataDownload : 📥 Data stale for FTV [MIN_5]: last candle 2026-04-08T21:55+02:00[Europe/Madrid] vs threshold PT15M - downloading delta
2026-04-10 16:28:38.561 ERROR [main] DataDownload : ❌ Failed to download FTV [MIN_5]: Failed to connect to TWS at 127.0.0.1:7497
2026-04-10 16:28:38.570 INFO  [main] DataDownload : 📥 Data stale for FTV [MIN_15]: last candle 2026-04-08T21:45+02:00[Europe/Madrid] vs threshold PT30M - downloading delta
2026-04-10 16:28:38.575 ERROR [main] DataDownload : ❌ Failed to download FTV [MIN_15]: Failed to connect to TWS at 127.0.0.1:7497
2026-04-10 16:28:38.580 INFO  [main] DataDownload : 📥 Data stale for FTV [HOUR_1]: last candle 2026-04-08T21:00+02:00[Europe/Madrid] vs threshold PT2H - downloading delta
2026-04-10 16:28:38.585 ERROR [main] DataDownload : ❌ Failed to download FTV [HOUR_1]: Failed to connect to TWS at 127.0.0.1:7497
2026-04-10 16:28:38.590 INFO  [main] DataDownload : 📥 Data stale for FTV [DAY_1]: last candle 2026-04-08T22:00+02:00[Europe/Madrid] vs threshold PT26H - downloading delta
2026-04-10 16:28:38.594 ERROR [main] DataDownload : ❌ Failed to download FTV [DAY_1]: Failed to connect to TWS at 127.0.0.1:7497
2026-04-10 16:28:38.604 INFO  [main] DataDownload : 📥 Data stale for GD [MIN_5]: last candle 2026-04-08T21:55+02:00[Europe/Madrid] vs threshold PT15M - downloading delta
2026-04-10 16:28:38.609 ERROR [main] DataDownload : ❌ Failed to download GD [MIN_5]: Failed to connect to TWS at 127.0.0.1:7497
2026-04-10 16:28:38.615 INFO  [main] DataDownload : 📥 Data stale for GD [MIN_15]: last candle 2026-04-08T21:45+02:00[Europe/Madrid] vs threshold PT30M - downloading delta
2026-04-10 16:28:38.620 ERROR [main] DataDownload : ❌ Failed to download GD [MIN_15]: Failed to connect to TWS at 127.0.0.1:7497
2026-04-10 16:28:38.625 INFO  [main] DataDownload : 📥 Data stale for GD [HOUR_1]: last candle 2026-04-08T21:00+02:00[Europe/Madrid] vs threshold PT2H - downloading delta
2026-04-10 16:28:38.629 ERROR [main] DataDownload : ❌ Failed to download GD [HOUR_1]: Failed to connect to TWS at 127.0.0.1:7497
2026-04-10 16:28:38.635 INFO  [main] DataDownload : 📥 Data stale for GD [DAY_1]: last candle 2026-04-08T22:00+02:00[Europe/Madrid] vs threshold PT26H - downloading delta
2026-04-10 16:28:38.640 ERROR [main] DataDownload : ❌ Failed to download GD [DAY_1]: Failed to connect to TWS at 127.0.0.1:7497
2026-04-10 16:28:38.650 INFO  [main] DataDownload : 📥 Data stale for GE [MIN_5]: last candle 2026-04-08T21:55+02:00[Europe/Madrid] vs threshold PT15M - downloading delta
2026-04-10 16:28:38.655 ERROR [main] DataDownload : ❌ Failed to download GE [MIN_5]: Failed to connect to TWS at 127.0.0.1:7497
2026-04-10 16:28:38.661 INFO  [main] DataDownload : 📥 Data stale for GE [MIN_15]: last candle 2026-04-08T21:45+02:00[Europe/Madrid] vs threshold PT30M - downloading delta
2026-04-10 16:28:38.665 ERROR [main] DataDownload : ❌ Failed to download GE [MIN_15]: Failed to connect to TWS at 127.0.0.1:7497
2026-04-10 16:28:38.671 INFO  [main] DataDownload : 📥 Data stale for GE [HOUR_1]: last candle 2026-04-08T21:00+02:00[Europe/Madrid] vs threshold PT2H - downloading delta
2026-04-10 16:28:38.676 ERROR [main] DataDownload : ❌ Failed to download GE [HOUR_1]: Failed to connect to TWS at 127.0.0.1:7497
2026-04-10 16:28:38.682 INFO  [main] DataDownload : 📥 Data stale for GE [DAY_1]: last candle 2026-04-08T22:00+02:00[Europe/Madrid] vs threshold PT26H - downloading delta
2026-04-10 16:28:38.686 ERROR [main] DataDownload : ❌ Failed to download GE [DAY_1]: Failed to connect to TWS at 127.0.0.1:7497
2026-04-10 16:28:38.695 INFO  [main] DataDownload : 📥 Data stale for GEHC [MIN_5]: last candle 2026-04-08T21:55+02:00[Europe/Madrid] vs threshold PT15M - downloading delta
2026-04-10 16:28:38.699 ERROR [main] DataDownload : ❌ Failed to download GEHC [MIN_5]: Failed to connect to TWS at 127.0.0.1:7497
2026-04-10 16:28:38.705 INFO  [main] DataDownload : 📥 Data stale for GEHC [MIN_15]: last candle 2026-04-08T21:45+02:00[Europe/Madrid] vs threshold PT30M - downloading delta
2026-04-10 16:28:38.709 ERROR [main] DataDownload : ❌ Failed to download GEHC [MIN_15]: Failed to connect to TWS at 127.0.0.1:7497
2026-04-10 16:28:38.715 INFO  [main] DataDownload : 📥 Data stale for GEHC [HOUR_1]: last candle 2026-04-08T21:00+02:00[Europe/Madrid] vs threshold PT2H - downloading delta
2026-04-10 16:28:38.720 ERROR [main] DataDownload : ❌ Failed to download GEHC [HOUR_1]: Failed to connect to TWS at 127.0.0.1:7497
2026-04-10 16:28:38.731 INFO  [main] DataDownload : 📥 Data stale for GEHC [DAY_1]: last candle 2026-04-08T22:00+02:00[Europe/Madrid] vs threshold PT26H - downloading delta
2026-04-10 16:28:38.736 ERROR [main] DataDownload : ❌ Failed to download GEHC [DAY_1]: Failed to connect to TWS at 127.0.0.1:7497
2026-04-10 16:28:38.747 INFO  [main] DataDownload : 📥 Data stale for GEN [MIN_5]: last candle 2026-04-08T21:55+02:00[Europe/Madrid] vs threshold PT15M - downloading delta
2026-04-10 16:28:38.751 ERROR [main] DataDownload : ❌ Failed to download GEN [MIN_5]: Failed to connect to TWS at 127.0.0.1:7497
2026-04-10 16:28:38.757 INFO  [main] DataDownload : 📥 Data stale for GEN [MIN_15]: last candle 2026-04-08T21:45+02:00[Europe/Madrid] vs threshold PT30M - downloading delta
2026-04-10 16:28:38.762 ERROR [main] DataDownload : ❌ Failed to download GEN [MIN_15]: Failed to connect to TWS at 127.0.0.1:7497
2026-04-10 16:28:38.768 INFO  [main] DataDownload : 📥 Data stale for GEN [HOUR_1]: last candle 2026-04-08T21:00+02:00[Europe/Madrid] vs threshold PT2H - downloading delta
2026-04-10 16:28:38.773 ERROR [main] DataDownload : ❌ Failed to download GEN [HOUR_1]: Failed to connect to TWS at 127.0.0.1:7497
2026-04-10 16:28:38.780 INFO  [main] DataDownload : 📥 Data stale for GEN [DAY_1]: last candle 2026-04-08T22:00+02:00[Europe/Madrid] vs threshold PT26H - downloading delta
2026-04-10 16:28:38.784 ERROR [main] DataDownload : ❌ Failed to download GEN [DAY_1]: Failed to connect to TWS at 127.0.0.1:7497
2026-04-10 16:28:38.799 INFO  [main] DataDownload : 📥 Data stale for GEV [MIN_5]: last candle 2026-04-08T21:55+02:00[Europe/Madrid] vs threshold PT15M - downloading delta
2026-04-10 16:28:38.804 ERROR [main] DataDownload : ❌ Failed to download GEV [MIN_5]: Failed to connect to TWS at 127.0.0.1:7497
2026-04-10 16:28:38.815 INFO  [main] DataDownload : 📥 Data stale for GEV [MIN_15]: last candle 2026-04-08T21:45+02:00[Europe/Madrid] vs threshold PT30M - downloading delta
2026-04-10 16:28:38.820 ERROR [main] DataDownload : ❌ Failed to download GEV [MIN_15]: Failed to connect to TWS at 127.0.0.1:7497
2026-04-10 16:28:38.829 INFO  [main] DataDownload : 📥 Data stale for GEV [HOUR_1]: last candle 2026-04-08T21:00+02:00[Europe/Madrid] vs threshold PT2H - downloading delta
2026-04-10 16:28:38.835 ERROR [main] DataDownload : ❌ Failed to download GEV [HOUR_1]: Failed to connect to TWS at 127.0.0.1:7497
2026-04-10 16:28:38.845 INFO  [main] DataDownload : 📥 Data stale for GEV [DAY_1]: last candle 2026-04-08T22:00+02:00[Europe/Madrid] vs threshold PT26H - downloading delta
2026-04-10 16:28:38.853 ERROR [main] DataDownload : ❌ Failed to download GEV [DAY_1]: Failed to connect to TWS at 127.0.0.1:7497
2026-04-10 16:28:38.864 INFO  [main] DataDownload : 📥 Data stale for GILD [MIN_5]: last candle 2026-04-08T21:55+02:00[Europe/Madrid] vs threshold PT15M - downloading delta
2026-04-10 16:28:38.869 ERROR [main] DataDownload : ❌ Failed to download GILD [MIN_5]: Failed to connect to TWS at 127.0.0.1:7497
2026-04-10 16:28:38.879 INFO  [main] DataDownload : 📥 Data stale for GILD [MIN_15]: last candle 2026-04-08T21:45+02:00[Europe/Madrid] vs threshold PT30M - downloading delta
2026-04-10 16:28:38.884 ERROR [main] DataDownload : ❌ Failed to download GILD [MIN_15]: Failed to connect to TWS at 127.0.0.1:7497
2026-04-10 16:28:38.891 INFO  [main] DataDownload : 📥 Data stale for GILD [HOUR_1]: last candle 2026-04-08T21:00+02:00[Europe/Madrid] vs threshold PT2H - downloading delta
2026-04-10 16:28:38.896 ERROR [main] DataDownload : ❌ Failed to download GILD [HOUR_1]: Failed to connect to TWS at 127.0.0.1:7497
2026-04-10 16:28:38.903 INFO  [main] DataDownload : 📥 Data stale for GILD [DAY_1]: last candle 2026-04-08T22:00+02:00[Europe/Madrid] vs threshold PT26H - downloading delta
2026-04-10 16:28:38.908 ERROR [main] DataDownload : ❌ Failed to download GILD [DAY_1]: Failed to connect to TWS at 127.0.0.1:7497
2026-04-10 16:28:38.926 INFO  [main] DataDownload : 📥 Data stale for GIS [MIN_5]: last candle 2026-04-08T21:55+02:00[Europe/Madrid] vs threshold PT15M - downloading delta
2026-04-10 16:28:38.933 ERROR [main] DataDownload : ❌ Failed to download GIS [MIN_5]: Failed to connect to TWS at 127.0.0.1:7497
2026-04-10 16:28:38.945 INFO  [main] DataDownload : 📥 Data stale for GIS [MIN_15]: last candle 2026-04-08T21:45+02:00[Europe/Madrid] vs threshold PT30M - downloading delta
2026-04-10 16:28:38.952 ERROR [main] DataDownload : ❌ Failed to download GIS [MIN_15]: Failed to connect to TWS at 127.0.0.1:7497
2026-04-10 16:28:38.961 INFO  [main] DataDownload : 📥 Data stale for GIS [HOUR_1]: last candle 2026-04-08T21:00+02:00[Europe/Madrid] vs threshold PT2H - downloading delta
2026-04-10 16:28:38.967 ERROR [main] DataDownload : ❌ Failed to download GIS [HOUR_1]: Failed to connect to TWS at 127.0.0.1:7497
2026-04-10 16:28:38.972 INFO  [main] DataDownload : 📥 Data stale for GIS [DAY_1]: last candle 2026-04-08T22:00+02:00[Europe/Madrid] vs threshold PT26H - downloading delta
2026-04-10 16:28:38.978 ERROR [main] DataDownload : ❌ Failed to download GIS [DAY_1]: Failed to connect to TWS at 127.0.0.1:7497
2026-04-10 16:28:38.989 INFO  [main] DataDownload : 📥 Data stale for GL [MIN_5]: last candle 2026-04-08T21:55+02:00[Europe/Madrid] vs threshold PT15M - downloading delta
2026-04-10 16:28:38.994 ERROR [main] DataDownload : ❌ Failed to download GL [MIN_5]: Failed to connect to TWS at 127.0.0.1:7497
2026-04-10 16:28:39.000 INFO  [main] DataDownload : 📥 Data stale for GL [MIN_15]: last candle 2026-04-08T21:45+02:00[Europe/Madrid] vs threshold PT30M - downloading delta
2026-04-10 16:28:39.005 ERROR [main] DataDownload : ❌ Failed to download GL [MIN_15]: Failed to connect to TWS at 127.0.0.1:7497
2026-04-10 16:28:39.013 INFO  [main] DataDownload : 📥 Data stale for GL [HOUR_1]: last candle 2026-04-08T21:00+02:00[Europe/Madrid] vs threshold PT2H - downloading delta
2026-04-10 16:28:39.017 ERROR [main] DataDownload : ❌ Failed to download GL [HOUR_1]: Failed to connect to TWS at 127.0.0.1:7497
2026-04-10 16:28:39.026 INFO  [main] DataDownload : 📥 Data stale for GL [DAY_1]: last candle 2026-04-08T22:00+02:00[Europe/Madrid] vs threshold PT26H - downloading delta
2026-04-10 16:28:39.032 ERROR [main] DataDownload : ❌ Failed to download GL [DAY_1]: Failed to connect to TWS at 127.0.0.1:7497
2026-04-10 16:28:39.042 INFO  [main] DataDownload : 📥 Data stale for GLW [MIN_5]: last candle 2026-04-08T21:55+02:00[Europe/Madrid] vs threshold PT15M - downloading delta
2026-04-10 16:28:39.048 ERROR [main] DataDownload : ❌ Failed to download GLW [MIN_5]: Failed to connect to TWS at 127.0.0.1:7497
2026-04-10 16:28:39.055 INFO  [main] DataDownload : 📥 Data stale for GLW [MIN_15]: last candle 2026-04-08T21:45+02:00[Europe/Madrid] vs threshold PT30M - downloading delta
2026-04-10 16:28:39.061 ERROR [main] DataDownload : ❌ Failed to download GLW [MIN_15]: Failed to connect to TWS at 127.0.0.1:7497
2026-04-10 16:28:39.068 INFO  [main] DataDownload : 📥 Data stale for GLW [HOUR_1]: last candle 2026-04-08T21:00+02:00[Europe/Madrid] vs threshold PT2H - downloading delta
2026-04-10 16:28:39.074 ERROR [main] DataDownload : ❌ Failed to download GLW [HOUR_1]: Failed to connect to TWS at 127.0.0.1:7497
2026-04-10 16:28:39.080 INFO  [main] DataDownload : 📥 Data stale for GLW [DAY_1]: last candle 2026-04-08T22:00+02:00[Europe/Madrid] vs threshold PT26H - downloading delta
2026-04-10 16:28:39.085 ERROR [main] DataDownload : ❌ Failed to download GLW [DAY_1]: Failed to connect to TWS at 127.0.0.1:7497
2026-04-10 16:28:39.095 INFO  [main] DataDownload : 📥 Data stale for GM [MIN_5]: last candle 2026-04-08T21:55+02:00[Europe/Madrid] vs threshold PT15M - downloading delta
2026-04-10 16:28:39.101 ERROR [main] DataDownload : ❌ Failed to download GM [MIN_5]: Failed to connect to TWS at 127.0.0.1:7497
2026-04-10 16:28:39.107 INFO  [main] DataDownload : 📥 Data stale for GM [MIN_15]: last candle 2026-04-08T21:45+02:00[Europe/Madrid] vs threshold PT30M - downloading delta
2026-04-10 16:28:39.112 ERROR [main] DataDownload : ❌ Failed to download GM [MIN_15]: Failed to connect to TWS at 127.0.0.1:7497
2026-04-10 16:28:39.120 INFO  [main] DataDownload : 📥 Data stale for GM [HOUR_1]: last candle 2026-04-08T21:00+02:00[Europe/Madrid] vs threshold PT2H - downloading delta
2026-04-10 16:28:39.124 ERROR [main] DataDownload : ❌ Failed to download GM [HOUR_1]: Failed to connect to TWS at 127.0.0.1:7497
2026-04-10 16:28:39.131 INFO  [main] DataDownload : 📥 Data stale for GM [DAY_1]: last candle 2026-04-08T22:00+02:00[Europe/Madrid] vs threshold PT26H - downloading delta
2026-04-10 16:28:39.137 ERROR [main] DataDownload : ❌ Failed to download GM [DAY_1]: Failed to connect to TWS at 127.0.0.1:7497
2026-04-10 16:28:39.147 INFO  [main] DataDownload : 📥 Data stale for GNRC [MIN_5]: last candle 2026-04-08T21:55+02:00[Europe/Madrid] vs threshold PT15M - downloading delta
2026-04-10 16:28:39.152 ERROR [main] DataDownload : ❌ Failed to download GNRC [MIN_5]: Failed to connect to TWS at 127.0.0.1:7497
2026-04-10 16:28:39.162 INFO  [main] DataDownload : 📥 Data stale for GNRC [MIN_15]: last candle 2026-04-08T21:45+02:00[Europe/Madrid] vs threshold PT30M - downloading delta
2026-04-10 16:28:39.167 ERROR [main] DataDownload : ❌ Failed to download GNRC [MIN_15]: Failed to connect to TWS at 127.0.0.1:7497
2026-04-10 16:28:39.175 INFO  [main] DataDownload : 📥 Data stale for GNRC [HOUR_1]: last candle 2026-04-08T21:00+02:00[Europe/Madrid] vs threshold PT2H - downloading delta
2026-04-10 16:28:39.179 ERROR [main] DataDownload : ❌ Failed to download GNRC [HOUR_1]: Failed to connect to TWS at 127.0.0.1:7497
2026-04-10 16:28:39.186 INFO  [main] DataDownload : 📥 Data stale for GNRC [DAY_1]: last candle 2026-04-08T22:00+02:00[Europe/Madrid] vs threshold PT26H - downloading delta
2026-04-10 16:28:39.191 ERROR [main] DataDownload : ❌ Failed to download GNRC [DAY_1]: Failed to connect to TWS at 127.0.0.1:7497
2026-04-10 16:28:39.200 INFO  [main] DataDownload : 📥 Data stale for GOOG [MIN_5]: last candle 2026-04-08T21:55+02:00[Europe/Madrid] vs threshold PT15M - downloading delta
2026-04-10 16:28:39.205 ERROR [main] DataDownload : ❌ Failed to download GOOG [MIN_5]: Failed to connect to TWS at 127.0.0.1:7497
2026-04-10 16:28:39.213 INFO  [main] DataDownload : 📥 Data stale for GOOG [MIN_15]: last candle 2026-04-08T21:45+02:00[Europe/Madrid] vs threshold PT30M - downloading delta
2026-04-10 16:28:39.219 ERROR [main] DataDownload : ❌ Failed to download GOOG [MIN_15]: Failed to connect to TWS at 127.0.0.1:7497
2026-04-10 16:28:39.226 INFO  [main] DataDownload : 📥 Data stale for GOOG [HOUR_1]: last candle 2026-04-08T21:00+02:00[Europe/Madrid] vs threshold PT2H - downloading delta
2026-04-10 16:28:39.230 ERROR [main] DataDownload : ❌ Failed to download GOOG [HOUR_1]: Failed to connect to TWS at 127.0.0.1:7497
2026-04-10 16:28:39.238 INFO  [main] DataDownload : 📥 Data stale for GOOG [DAY_1]: last candle 2026-04-08T22:00+02:00[Europe/Madrid] vs threshold PT26H - downloading delta
2026-04-10 16:28:39.243 ERROR [main] DataDownload : ❌ Failed to download GOOG [DAY_1]: Failed to connect to TWS at 127.0.0.1:7497
2026-04-10 16:28:39.252 INFO  [main] DataDownload : 📥 Data stale for GPN [MIN_5]: last candle 2026-04-08T21:55+02:00[Europe/Madrid] vs threshold PT15M - downloading delta
2026-04-10 16:28:39.258 ERROR [main] DataDownload : ❌ Failed to download GPN [MIN_5]: Failed to connect to TWS at 127.0.0.1:7497
2026-04-10 16:28:39.264 INFO  [main] DataDownload : 📥 Data stale for GPN [MIN_15]: last candle 2026-04-08T21:45+02:00[Europe/Madrid] vs threshold PT30M - downloading delta
2026-04-10 16:28:39.269 ERROR [main] DataDownload : ❌ Failed to download GPN [MIN_15]: Failed to connect to TWS at 127.0.0.1:7497
2026-04-10 16:28:39.275 INFO  [main] DataDownload : 📥 Data stale for GPN [HOUR_1]: last candle 2026-04-08T21:00+02:00[Europe/Madrid] vs threshold PT2H - downloading delta
2026-04-10 16:28:39.280 ERROR [main] DataDownload : ❌ Failed to download GPN [HOUR_1]: Failed to connect to TWS at 127.0.0.1:7497
2026-04-10 16:28:39.287 INFO  [main] DataDownload : 📥 Data stale for GPN [DAY_1]: last candle 2026-04-08T22:00+02:00[Europe/Madrid] vs threshold PT26H - downloading delta
2026-04-10 16:28:39.292 ERROR [main] DataDownload : ❌ Failed to download GPN [DAY_1]: Failed to connect to TWS at 127.0.0.1:7497
2026-04-10 16:28:39.301 INFO  [main] DataDownload : 📥 Data stale for GRMN [MIN_5]: last candle 2026-04-08T21:55+02:00[Europe/Madrid] vs threshold PT15M - downloading delta
2026-04-10 16:28:39.306 ERROR [main] DataDownload : ❌ Failed to download GRMN [MIN_5]: Failed to connect to TWS at 127.0.0.1:7497
2026-04-10 16:28:39.312 INFO  [main] DataDownload : 📥 Data stale for GRMN [MIN_15]: last candle 2026-04-08T21:45+02:00[Europe/Madrid] vs threshold PT30M - downloading delta
2026-04-10 16:28:39.317 ERROR [main] DataDownload : ❌ Failed to download GRMN [MIN_15]: Failed to connect to TWS at 127.0.0.1:7497
2026-04-10 16:28:39.326 INFO  [main] DataDownload : 📥 Data stale for GRMN [HOUR_1]: last candle 2026-04-08T21:00+02:00[Europe/Madrid] vs threshold PT2H - downloading delta
2026-04-10 16:28:39.330 ERROR [main] DataDownload : ❌ Failed to download GRMN [HOUR_1]: Failed to connect to TWS at 127.0.0.1:7497
2026-04-10 16:28:39.342 INFO  [main] DataDownload : 📥 Data stale for GRMN [DAY_1]: last candle 2026-04-08T22:00+02:00[Europe/Madrid] vs threshold PT26H - downloading delta
2026-04-10 16:28:39.348 ERROR [main] DataDownload : ❌ Failed to download GRMN [DAY_1]: Failed to connect to TWS at 127.0.0.1:7497
2026-04-10 16:28:39.358 INFO  [main] DataDownload : 📥 Data stale for GS [MIN_5]: last candle 2026-04-08T21:55+02:00[Europe/Madrid] vs threshold PT15M - downloading delta
2026-04-10 16:28:39.363 ERROR [main] DataDownload : ❌ Failed to download GS [MIN_5]: Failed to connect to TWS at 127.0.0.1:7497
2026-04-10 16:28:39.370 INFO  [main] DataDownload : 📥 Data stale for GS [MIN_15]: last candle 2026-04-08T21:45+02:00[Europe/Madrid] vs threshold PT30M - downloading delta
2026-04-10 16:28:39.375 ERROR [main] DataDownload : ❌ Failed to download GS [MIN_15]: Failed to connect to TWS at 127.0.0.1:7497
2026-04-10 16:28:39.380 INFO  [main] DataDownload : 📥 Data stale for GS [HOUR_1]: last candle 2026-04-08T21:00+02:00[Europe/Madrid] vs threshold PT2H - downloading delta
2026-04-10 16:28:39.385 ERROR [main] DataDownload : ❌ Failed to download GS [HOUR_1]: Failed to connect to TWS at 127.0.0.1:7497
2026-04-10 16:28:39.393 INFO  [main] DataDownload : 📥 Data stale for GS [DAY_1]: last candle 2026-04-08T22:00+02:00[Europe/Madrid] vs threshold PT26H - downloading delta
2026-04-10 16:28:39.398 ERROR [main] DataDownload : ❌ Failed to download GS [DAY_1]: Failed to connect to TWS at 127.0.0.1:7497
2026-04-10 16:28:39.408 INFO  [main] DataDownload : 📥 Data stale for GWW [MIN_5]: last candle 2026-04-08T21:55+02:00[Europe/Madrid] vs threshold PT15M - downloading delta
2026-04-10 16:28:39.413 ERROR [main] DataDownload : ❌ Failed to download GWW [MIN_5]: Failed to connect to TWS at 127.0.0.1:7497
2026-04-10 16:28:39.421 INFO  [main] DataDownload : 📥 Data stale for GWW [MIN_15]: last candle 2026-04-08T21:45+02:00[Europe/Madrid] vs threshold PT30M - downloading delta
2026-04-10 16:28:39.426 ERROR [main] DataDownload : ❌ Failed to download GWW [MIN_15]: Failed to connect to TWS at 127.0.0.1:7497
2026-04-10 16:28:39.434 INFO  [main] DataDownload : 📥 Data stale for GWW [HOUR_1]: last candle 2026-04-08T21:00+02:00[Europe/Madrid] vs threshold PT2H - downloading delta
2026-04-10 16:28:39.439 ERROR [main] DataDownload : ❌ Failed to download GWW [HOUR_1]: Failed to connect to TWS at 127.0.0.1:7497
2026-04-10 16:28:39.445 INFO  [main] DataDownload : 📥 Data stale for GWW [DAY_1]: last candle 2026-04-08T22:00+02:00[Europe/Madrid] vs threshold PT26H - downloading delta
2026-04-10 16:28:39.453 ERROR [main] DataDownload : ❌ Failed to download GWW [DAY_1]: Failed to connect to TWS at 127.0.0.1:7497
2026-04-10 16:28:39.470 INFO  [main] DataDownload : 📥 Data stale for HAL [MIN_5]: last candle 2026-04-08T21:55+02:00[Europe/Madrid] vs threshold PT15M - downloading delta
2026-04-10 16:28:39.474 ERROR [main] DataDownload : ❌ Failed to download HAL [MIN_5]: Failed to connect to TWS at 127.0.0.1:7497
2026-04-10 16:28:39.487 INFO  [main] DataDownload : 📥 Data stale for HAL [MIN_15]: last candle 2026-04-08T21:45+02:00[Europe/Madrid] vs threshold PT30M - downloading delta
2026-04-10 16:28:39.493 ERROR [main] DataDownload : ❌ Failed to download HAL [MIN_15]: Failed to connect to TWS at 127.0.0.1:7497
2026-04-10 16:28:39.501 INFO  [main] DataDownload : 📥 Data stale for HAL [HOUR_1]: last candle 2026-04-08T21:00+02:00[Europe/Madrid] vs threshold PT2H - downloading delta
2026-04-10 16:28:39.506 ERROR [main] DataDownload : ❌ Failed to download HAL [HOUR_1]: Failed to connect to TWS at 127.0.0.1:7497
2026-04-10 16:28:39.515 INFO  [main] DataDownload : 📥 Data stale for HAL [DAY_1]: last candle 2026-04-08T22:00+02:00[Europe/Madrid] vs threshold PT26H - downloading delta
2026-04-10 16:28:39.520 ERROR [main] DataDownload : ❌ Failed to download HAL [DAY_1]: Failed to connect to TWS at 127.0.0.1:7497
2026-04-10 16:28:39.539 INFO  [main] DataDownload : 📥 Data stale for HAS [MIN_5]: last candle 2026-04-08T21:55+02:00[Europe/Madrid] vs threshold PT15M - downloading delta
2026-04-10 16:28:39.547 ERROR [main] DataDownload : ❌ Failed to download HAS [MIN_5]: Failed to connect to TWS at 127.0.0.1:7497
2026-04-10 16:28:39.560 INFO  [main] DataDownload : 📥 Data stale for HAS [MIN_15]: last candle 2026-04-08T21:45+02:00[Europe/Madrid] vs threshold PT30M - downloading delta
2026-04-10 16:28:39.571 ERROR [main] DataDownload : ❌ Failed to download HAS [MIN_15]: Failed to connect to TWS at 127.0.0.1:7497
2026-04-10 16:28:39.586 INFO  [main] DataDownload : 📥 Data stale for HAS [HOUR_1]: last candle 2026-04-08T21:00+02:00[Europe/Madrid] vs threshold PT2H - downloading delta
2026-04-10 16:28:39.596 ERROR [main] DataDownload : ❌ Failed to download HAS [HOUR_1]: Failed to connect to TWS at 127.0.0.1:7497
2026-04-10 16:28:39.606 INFO  [main] DataDownload : 📥 Data stale for HAS [DAY_1]: last candle 2026-04-08T22:00+02:00[Europe/Madrid] vs threshold PT26H - downloading delta
2026-04-10 16:28:39.622 ERROR [main] DataDownload : ❌ Failed to download HAS [DAY_1]: Failed to connect to TWS at 127.0.0.1:7497
2026-04-10 16:28:39.719 INFO  [main] DataDownload : 📥 Data stale for HBAN [MIN_5]: last candle 2026-04-08T21:55+02:00[Europe/Madrid] vs threshold PT15M - downloading delta
2026-04-10 16:28:39.731 ERROR [main] DataDownload : ❌ Failed to download HBAN [MIN_5]: Failed to connect to TWS at 127.0.0.1:7497
2026-04-10 16:28:39.765 INFO  [main] DataDownload : 📥 Data stale for HBAN [MIN_15]: last candle 2026-04-08T21:45+02:00[Europe/Madrid] vs threshold PT30M - downloading delta
2026-04-10 16:28:39.775 ERROR [main] DataDownload : ❌ Failed to download HBAN [MIN_15]: Failed to connect to TWS at 127.0.0.1:7497
2026-04-10 16:28:39.792 INFO  [main] DataDownload : 📥 Data stale for HBAN [HOUR_1]: last candle 2026-04-08T21:00+02:00[Europe/Madrid] vs threshold PT2H - downloading delta
2026-04-10 16:28:39.802 ERROR [main] DataDownload : ❌ Failed to download HBAN [HOUR_1]: Failed to connect to TWS at 127.0.0.1:7497
2026-04-10 16:28:39.818 INFO  [main] DataDownload : 📥 Data stale for HBAN [DAY_1]: last candle 2026-04-08T22:00+02:00[Europe/Madrid] vs threshold PT26H - downloading delta
2026-04-10 16:28:39.828 ERROR [main] DataDownload : ❌ Failed to download HBAN [DAY_1]: Failed to connect to TWS at 127.0.0.1:7497
2026-04-10 16:28:39.849 INFO  [main] DataDownload : 📥 Data stale for HCA [MIN_5]: last candle 2026-04-08T21:55+02:00[Europe/Madrid] vs threshold PT15M - downloading delta
2026-04-10 16:28:39.857 ERROR [main] DataDownload : ❌ Failed to download HCA [MIN_5]: Failed to connect to TWS at 127.0.0.1:7497
2026-04-10 16:28:39.867 INFO  [main] DataDownload : 📥 Data stale for HCA [MIN_15]: last candle 2026-04-08T21:45+02:00[Europe/Madrid] vs threshold PT30M - downloading delta
2026-04-10 16:28:39.874 ERROR [main] DataDownload : ❌ Failed to download HCA [MIN_15]: Failed to connect to TWS at 127.0.0.1:7497
2026-04-10 16:28:39.889 INFO  [main] DataDownload : 📥 Data stale for HCA [HOUR_1]: last candle 2026-04-08T21:00+02:00[Europe/Madrid] vs threshold PT2H - downloading delta
2026-04-10 16:39:28.861 INFO  [main] DataDownload : 📥 Data stale for AAPL [MIN_5]: last candle 2026-04-09T21:55+02:00[Europe/Madrid] vs threshold PT15M - downloading delta
2026-04-10 16:39:29.372 INFO  [main] DataDownload : 📥 Data stale for AAPL [MIN_15]: last candle 2026-04-09T21:45+02:00[Europe/Madrid] vs threshold PT30M - downloading delta
2026-04-10 16:39:30.615 INFO  [main] DataDownload : 📥 Data stale for AAPL [HOUR_1]: last candle 2026-04-09T21:00+02:00[Europe/Madrid] vs threshold PT2H - downloading delta
2026-04-10 16:39:31.243 INFO  [main] DataDownload : 📥 Data stale for AMD [MIN_5]: last candle 2026-04-09T21:55+02:00[Europe/Madrid] vs threshold PT15M - downloading delta
2026-04-10 16:39:31.959 INFO  [main] DataDownload : 📥 Data stale for AMD [MIN_15]: last candle 2026-04-09T21:45+02:00[Europe/Madrid] vs threshold PT30M - downloading delta
2026-04-10 16:39:32.472 INFO  [main] DataDownload : 📥 Data stale for AMD [HOUR_1]: last candle 2026-04-09T21:00+02:00[Europe/Madrid] vs threshold PT2H - downloading delta
2026-04-10 16:39:36.207 INFO  [main] DataDownload : 📥 Data stale for AMZN [MIN_5]: last candle 2026-04-09T21:55+02:00[Europe/Madrid] vs threshold PT15M - downloading delta
2026-04-10 16:39:36.925 INFO  [main] DataDownload : 📥 Data stale for AMZN [MIN_15]: last candle 2026-04-09T21:45+02:00[Europe/Madrid] vs threshold PT30M - downloading delta
2026-04-10 16:39:42.262 INFO  [main] DataDownload : 📥 Data stale for AMZN [HOUR_1]: last candle 2026-04-09T21:00+02:00[Europe/Madrid] vs threshold PT2H - downloading delta
2026-04-10 16:39:42.779 INFO  [main] DataDownload : 📥 Data stale for GOOGL [MIN_5]: last candle 2026-04-09T21:55+02:00[Europe/Madrid] vs threshold PT15M - downloading delta
2026-04-10 16:39:48.083 INFO  [main] DataDownload : 📥 Data stale for GOOGL [MIN_15]: last candle 2026-04-09T21:45+02:00[Europe/Madrid] vs threshold PT30M - downloading delta
2026-04-10 16:39:48.694 INFO  [main] DataDownload : 📥 Data stale for GOOGL [HOUR_1]: last candle 2026-04-09T21:00+02:00[Europe/Madrid] vs threshold PT2H - downloading delta
2026-04-10 16:39:54.155 INFO  [main] DataDownload : 📥 Data stale for JNJ [MIN_5]: last candle 2026-04-09T21:55+02:00[Europe/Madrid] vs threshold PT15M - downloading delta
2026-04-10 16:40:00.112 INFO  [main] DataDownload : 📥 Data stale for JNJ [MIN_15]: last candle 2026-04-09T21:45+02:00[Europe/Madrid] vs threshold PT30M - downloading delta
2026-04-10 16:40:06.169 INFO  [main] DataDownload : 📥 Data stale for JNJ [HOUR_1]: last candle 2026-04-09T21:00+02:00[Europe/Madrid] vs threshold PT2H - downloading delta
2026-04-10 16:40:18.299 INFO  [main] DataDownload : 📥 Data stale for JPM [MIN_5]: last candle 2026-04-09T21:55+02:00[Europe/Madrid] vs threshold PT15M - downloading delta
2026-04-10 16:40:30.198 INFO  [main] DataDownload : 📥 Data stale for JPM [MIN_15]: last candle 2026-04-09T21:45+02:00[Europe/Madrid] vs threshold PT30M - downloading delta
2026-04-10 16:40:30.819 INFO  [main] DataDownload : 📥 Data stale for JPM [HOUR_1]: last candle 2026-04-09T21:00+02:00[Europe/Madrid] vs threshold PT2H - downloading delta
2026-04-10 16:40:31.549 INFO  [main] DataDownload : 📥 Data stale for META [MIN_5]: last candle 2026-04-09T21:55+02:00[Europe/Madrid] vs threshold PT15M - downloading delta
2026-04-10 16:40:32.162 INFO  [main] DataDownload : 📥 Data stale for META [MIN_15]: last candle 2026-04-09T21:45+02:00[Europe/Madrid] vs threshold PT30M - downloading delta
2026-04-10 16:40:32.574 INFO  [main] DataDownload : 📥 Data stale for META [HOUR_1]: last candle 2026-04-09T21:00+02:00[Europe/Madrid] vs threshold PT2H - downloading delta
2026-04-10 16:40:36.417 INFO  [main] DataDownload : 📥 Data stale for MSFT [MIN_5]: last candle 2026-04-09T21:55+02:00[Europe/Madrid] vs threshold PT15M - downloading delta
2026-04-10 16:40:37.130 INFO  [main] DataDownload : 📥 Data stale for MSFT [MIN_15]: last candle 2026-04-09T21:45+02:00[Europe/Madrid] vs threshold PT30M - downloading delta
2026-04-10 16:40:42.184 INFO  [main] DataDownload : 📥 Data stale for MSFT [HOUR_1]: last candle 2026-04-09T21:00+02:00[Europe/Madrid] vs threshold PT2H - downloading delta
2026-04-10 16:40:42.804 INFO  [main] DataDownload : 📥 Data stale for NVDA [MIN_5]: last candle 2026-04-09T21:55+02:00[Europe/Madrid] vs threshold PT15M - downloading delta
2026-04-10 16:40:48.048 INFO  [main] DataDownload : 📥 Data stale for NVDA [MIN_15]: last candle 2026-04-09T21:45+02:00[Europe/Madrid] vs threshold PT30M - downloading delta
2026-04-10 16:40:48.562 INFO  [main] DataDownload : 📥 Data stale for NVDA [HOUR_1]: last candle 2026-04-09T21:00+02:00[Europe/Madrid] vs threshold PT2H - downloading delta
2026-04-10 16:40:54.211 INFO  [main] DataDownload : 📥 Data stale for QQQ [MIN_5]: last candle 2026-04-09T21:55+02:00[Europe/Madrid] vs threshold PT15M - downloading delta
2026-04-10 16:41:00.052 INFO  [main] DataDownload : 📥 Data stale for QQQ [MIN_15]: last candle 2026-04-09T21:45+02:00[Europe/Madrid] vs threshold PT30M - downloading delta
2026-04-10 16:41:06.107 INFO  [main] DataDownload : 📥 Data stale for QQQ [HOUR_1]: last candle 2026-04-09T21:00+02:00[Europe/Madrid] vs threshold PT2H - downloading delta
2026-04-10 17:19:11.426 INFO  [main] DataDownload : ✅ AAPL [MIN_5] delta: +19 new candles (cached: 702 → merged: 721)
2026-04-10 17:19:11.838 INFO  [main] DataDownload : ✅ AAPL [MIN_15] delta: +7 new candles (cached: 1041 → merged: 553)
2026-04-10 17:19:12.453 INFO  [main] DataDownload : ✅ AAPL [HOUR_1] delta: +3 new candles (cached: 1703 → merged: 858)
2026-04-10 17:19:12.456 INFO  [main] DataDownload : 📊 AAPL refresh complete: +29 new candles across timeframes
2026-04-10 17:19:12.891 INFO  [main] DataDownload : ✅ AMD [MIN_5] delta: +19 new candles (cached: 1409 → merged: 799)
2026-04-10 17:19:13.403 INFO  [main] DataDownload : ✅ AMD [MIN_15] delta: +7 new candles (cached: 1041 → merged: 553)
2026-04-10 17:19:17.437 INFO  [main] DataDownload : ✅ AMD [HOUR_1] delta: +3 new candles (cached: 1703 → merged: 858)
2026-04-10 17:19:17.438 INFO  [main] DataDownload : 📊 AMD refresh complete: +29 new candles across timeframes
2026-04-10 17:19:18.059 INFO  [main] DataDownload : ✅ AMZN [MIN_5] delta: +19 new candles (cached: 1409 → merged: 799)
2026-04-10 17:19:23.314 INFO  [main] DataDownload : ✅ AMZN [MIN_15] delta: +7 new candles (cached: 1041 → merged: 553)
2026-04-10 17:19:24.028 INFO  [main] DataDownload : ✅ AMZN [HOUR_1] delta: +3 new candles (cached: 1703 → merged: 858)
2026-04-10 17:19:24.029 INFO  [main] DataDownload : 📊 AMZN refresh complete: +29 new candles across timeframes
2026-04-10 17:19:29.277 INFO  [main] DataDownload : ✅ GOOGL [MIN_5] delta: +19 new candles (cached: 1409 → merged: 799)
2026-04-10 17:19:29.893 INFO  [main] DataDownload : ✅ GOOGL [MIN_15] delta: +7 new candles (cached: 1041 → merged: 553)
2026-04-10 17:19:35.434 INFO  [main] DataDownload : ✅ GOOGL [HOUR_1] delta: +3 new candles (cached: 1703 → merged: 858)
2026-04-10 17:19:35.436 INFO  [main] DataDownload : 📊 GOOGL refresh complete: +29 new candles across timeframes
2026-04-10 17:19:41.284 INFO  [main] DataDownload : ✅ JNJ [MIN_5] delta: +19 new candles (cached: 1409 → merged: 799)
2026-04-10 17:19:47.426 INFO  [main] DataDownload : ✅ JNJ [MIN_15] delta: +7 new candles (cached: 1041 → merged: 553)
2026-04-10 17:19:59.610 INFO  [main] DataDownload : ✅ JNJ [HOUR_1] delta: +3 new candles (cached: 1703 → merged: 858)
2026-04-10 17:19:59.613 INFO  [main] DataDownload : 📊 JNJ refresh complete: +29 new candles across timeframes
2026-04-10 17:20:11.405 INFO  [main] DataDownload : ✅ JPM [MIN_5] delta: +19 new candles (cached: 1409 → merged: 799)
2026-04-10 17:20:12.030 INFO  [main] DataDownload : ✅ JPM [MIN_15] delta: +7 new candles (cached: 1041 → merged: 553)
2026-04-10 17:20:12.746 INFO  [main] DataDownload : ✅ JPM [HOUR_1] delta: +3 new candles (cached: 1703 → merged: 858)
2026-04-10 17:20:12.747 INFO  [main] DataDownload : 📊 JPM refresh complete: +29 new candles across timeframes
2026-04-10 17:20:13.168 INFO  [main] DataDownload : ✅ META [MIN_5] delta: +19 new candles (cached: 1409 → merged: 799)
2026-04-10 17:20:13.885 INFO  [main] DataDownload : ✅ META [MIN_15] delta: +7 new candles (cached: 1041 → merged: 553)
2026-04-10 17:20:17.420 INFO  [main] DataDownload : ✅ META [HOUR_1] delta: +3 new candles (cached: 1703 → merged: 858)
2026-04-10 17:20:17.422 INFO  [main] DataDownload : 📊 META refresh complete: +29 new candles across timeframes
2026-04-10 17:20:18.039 INFO  [main] DataDownload : ✅ MSFT [MIN_5] delta: +19 new candles (cached: 1409 → merged: 799)
2026-04-10 17:20:23.402 INFO  [main] DataDownload : ✅ MSFT [MIN_15] delta: +7 new candles (cached: 1041 → merged: 553)
2026-04-10 17:20:24.091 INFO  [main] DataDownload : ✅ MSFT [HOUR_1] delta: +3 new candles (cached: 1703 → merged: 858)
2026-04-10 17:20:24.100 INFO  [main] DataDownload : 📊 MSFT refresh complete: +29 new candles across timeframes
2026-04-10 17:20:29.350 INFO  [main] DataDownload : ✅ NVDA [MIN_5] delta: +19 new candles (cached: 1409 → merged: 799)
2026-04-10 17:20:29.818 INFO  [main] DataDownload : ✅ NVDA [MIN_15] delta: +7 new candles (cached: 1041 → merged: 553)
2026-04-10 17:20:35.407 INFO  [main] DataDownload : ✅ NVDA [HOUR_1] delta: +3 new candles (cached: 1703 → merged: 858)
2026-04-10 17:20:35.407 INFO  [main] DataDownload : 📊 NVDA refresh complete: +29 new candles across timeframes
2026-04-10 17:20:41.360 INFO  [main] DataDownload : ✅ QQQ [MIN_5] delta: +20 new candles (cached: 1409 → merged: 800)
2026-04-10 17:20:47.412 INFO  [main] DataDownload : ✅ QQQ [MIN_15] delta: +7 new candles (cached: 1041 → merged: 553)
2026-04-10 17:20:59.725 INFO  [main] DataDownload : ✅ QQQ [HOUR_1] delta: +3 new candles (cached: 855 → merged: 858)
2026-04-10 17:20:59.736 INFO  [main] DataDownload : 📊 QQQ refresh complete: +30 new candles across timeframes
2026-04-10 17:21:11.401 INFO  [main] DataDownload : ✅ SPY [MIN_5] delta: +20 new candles (cached: 702 → merged: 722)
2026-04-10 17:21:11.913 INFO  [main] DataDownload : ✅ SPY [MIN_15] delta: +7 new candles (cached: 520 → merged: 527)
2026-04-10 17:21:12.535 INFO  [main] DataDownload : ✅ SPY [HOUR_1] delta: +3 new candles (cached: 855 → merged: 858)
2026-04-10 17:21:12.537 INFO  [main] DataDownload : 📊 SPY refresh complete: +30 new candles across timeframes
2026-04-10 17:21:13.065 INFO  [main] DataDownload : ✅ TSLA [MIN_5] delta: +20 new candles (cached: 702 → merged: 722)
2026-04-10 17:21:13.480 INFO  [main] DataDownload : ✅ TSLA [MIN_15] delta: +7 new candles (cached: 520 → merged: 527)
2026-04-10 17:21:17.416 INFO  [main] DataDownload : ✅ TSLA [HOUR_1] delta: +3 new candles (cached: 855 → merged: 858)
2026-04-10 17:21:17.417 INFO  [main] DataDownload : 📊 TSLA refresh complete: +30 new candles across timeframes
2026-04-10 17:21:18.145 INFO  [main] DataDownload : ✅ V [MIN_5] delta: +20 new candles (cached: 702 → merged: 722)
2026-04-10 17:21:23.492 INFO  [main] DataDownload : ✅ V [MIN_15] delta: +7 new candles (cached: 520 → merged: 527)
2026-04-10 17:21:24.207 INFO  [main] DataDownload : ✅ V [HOUR_1] delta: +3 new candles (cached: 855 → merged: 858)
2026-04-10 17:21:24.211 INFO  [main] DataDownload : 📊 V refresh complete: +30 new candles across timeframes
2026-04-10 17:21:29.263 INFO  [main] DataDownload : ✅ XOM [MIN_5] delta: +20 new candles (cached: 702 → merged: 722)
2026-04-10 17:21:29.977 INFO  [main] DataDownload : ✅ XOM [MIN_15] delta: +7 new candles (cached: 520 → merged: 527)
2026-04-10 17:21:35.421 INFO  [main] DataDownload : ✅ XOM [HOUR_1] delta: +3 new candles (cached: 855 → merged: 858)
2026-04-10 17:21:35.423 INFO  [main] DataDownload : 📊 XOM refresh complete: +30 new candles across timeframes
2026-04-10 17:21:41.381 INFO  [main] DataDownload : ✅ A [MIN_5] delta: +20 new candles (cached: 702 → merged: 722)
2026-04-10 17:21:47.425 INFO  [main] DataDownload : ✅ A [MIN_15] delta: +7 new candles (cached: 520 → merged: 527)
2026-04-10 17:21:59.402 INFO  [main] DataDownload : ✅ A [HOUR_1] delta: +3 new candles (cached: 855 → merged: 858)
2026-04-10 17:21:59.403 INFO  [main] DataDownload : 📊 A refresh complete: +30 new candles across timeframes
2026-04-10 17:22:11.389 INFO  [main] DataDownload : ✅ AAL [MIN_5] delta: +20 new candles (cached: 702 → merged: 722)
2026-04-10 17:22:11.901 INFO  [main] DataDownload : ✅ AAL [MIN_15] delta: +7 new candles (cached: 520 → merged: 527)
2026-04-10 17:22:12.413 INFO  [main] DataDownload : ✅ AAL [HOUR_1] delta: +3 new candles (cached: 855 → merged: 858)
2026-04-10 17:22:12.414 INFO  [main] DataDownload : 📊 AAL refresh complete: +30 new candles across timeframes
2026-04-10 17:22:13.129 INFO  [main] DataDownload : ✅ ABBV [MIN_5] delta: +20 new candles (cached: 702 → merged: 722)
2026-04-10 17:22:13.640 INFO  [main] DataDownload : ✅ ABBV [MIN_15] delta: +7 new candles (cached: 520 → merged: 527)
2026-04-10 17:22:17.475 INFO  [main] DataDownload : ✅ ABBV [HOUR_1] delta: +3 new candles (cached: 855 → merged: 858)
2026-04-10 17:22:17.476 INFO  [main] DataDownload : 📊 ABBV refresh complete: +30 new candles across timeframes
2026-04-10 17:22:18.293 INFO  [main] DataDownload : ✅ ABNB [MIN_5] delta: +20 new candles (cached: 702 → merged: 722)
2026-04-10 17:22:23.430 INFO  [main] DataDownload : ✅ ABNB [MIN_15] delta: +7 new candles (cached: 520 → merged: 527)
2026-04-10 17:22:23.949 INFO  [main] DataDownload : ✅ ABNB [HOUR_1] delta: +3 new candles (cached: 855 → merged: 858)
2026-04-10 17:22:23.951 INFO  [main] DataDownload : 📊 ABNB refresh complete: +30 new candles across timeframes
2026-04-10 17:22:29.305 INFO  [main] DataDownload : ✅ ABT [MIN_5] delta: +20 new candles (cached: 702 → merged: 722)
2026-04-10 17:22:30.019 INFO  [main] DataDownload : ✅ ABT [MIN_15] delta: +7 new candles (cached: 520 → merged: 527)
2026-04-10 17:22:35.462 INFO  [main] DataDownload : ✅ ABT [HOUR_1] delta: +3 new candles (cached: 855 → merged: 858)
2026-04-10 17:22:35.463 INFO  [main] DataDownload : 📊 ABT refresh complete: +30 new candles across timeframes
2026-04-10 17:22:41.321 INFO  [main] DataDownload : ✅ ACGL [MIN_5] delta: +20 new candles (cached: 702 → merged: 722)
2026-04-10 17:22:47.368 INFO  [main] DataDownload : ✅ ACGL [MIN_15] delta: +7 new candles (cached: 520 → merged: 527)
2026-04-10 17:22:59.351 INFO  [main] DataDownload : ✅ ACGL [HOUR_1] delta: +3 new candles (cached: 855 → merged: 858)
2026-04-10 17:22:59.353 INFO  [main] DataDownload : 📊 ACGL refresh complete: +30 new candles across timeframes
2026-04-10 17:23:11.342 INFO  [main] DataDownload : ✅ ACN [MIN_5] delta: +20 new candles (cached: 702 → merged: 722)
2026-04-10 17:23:11.750 INFO  [main] DataDownload : ✅ ACN [MIN_15] delta: +7 new candles (cached: 520 → merged: 527)
2026-04-10 17:23:12.364 INFO  [main] DataDownload : ✅ ACN [HOUR_1] delta: +3 new candles (cached: 855 → merged: 858)
2026-04-10 17:23:12.365 INFO  [main] DataDownload : 📊 ACN refresh complete: +30 new candles across timeframes
2026-04-10 17:23:12.882 INFO  [main] DataDownload : ✅ ADBE [MIN_5] delta: +20 new candles (cached: 702 → merged: 722)
2026-04-10 17:23:13.394 INFO  [main] DataDownload : ✅ ADBE [MIN_15] delta: +7 new candles (cached: 520 → merged: 527)
2026-04-10 17:23:17.430 INFO  [main] DataDownload : ✅ ADBE [HOUR_1] delta: +3 new candles (cached: 855 → merged: 858)
2026-04-10 17:23:17.431 INFO  [main] DataDownload : 📊 ADBE refresh complete: +30 new candles across timeframes
2026-04-10 17:23:18.146 INFO  [main] DataDownload : ✅ ADI [MIN_5] delta: +20 new candles (cached: 702 → merged: 722)
2026-04-10 17:23:23.381 INFO  [main] DataDownload : ✅ ADI [MIN_15] delta: +7 new candles (cached: 520 → merged: 527)
2026-04-10 17:23:23.993 INFO  [main] DataDownload : ✅ ADI [HOUR_1] delta: +3 new candles (cached: 855 → merged: 858)
2026-04-10 17:23:23.995 INFO  [main] DataDownload : 📊 ADI refresh complete: +30 new candles across timeframes
2026-04-10 17:23:29.342 INFO  [main] DataDownload : ✅ ADM [MIN_5] delta: +20 new candles (cached: 702 → merged: 722)
2026-04-10 17:23:29.853 INFO  [main] DataDownload : ✅ ADM [MIN_15] delta: +7 new candles (cached: 520 → merged: 527)
2026-04-10 17:23:35.397 INFO  [main] DataDownload : ✅ ADM [HOUR_1] delta: +3 new candles (cached: 855 → merged: 858)
2026-04-10 17:23:35.398 INFO  [main] DataDownload : 📊 ADM refresh complete: +30 new candles across timeframes
2026-04-10 17:23:41.244 INFO  [main] DataDownload : ✅ ADP [MIN_5] delta: +20 new candles (cached: 702 → merged: 722)
2026-04-10 17:23:47.389 INFO  [main] DataDownload : ✅ ADP [MIN_15] delta: +7 new candles (cached: 520 → merged: 527)
2026-04-10 17:23:59.476 INFO  [main] DataDownload : ✅ ADP [HOUR_1] delta: +3 new candles (cached: 855 → merged: 858)
2026-04-10 17:23:59.480 INFO  [main] DataDownload : 📊 ADP refresh complete: +30 new candles across timeframes
2026-04-10 17:24:11.389 INFO  [main] DataDownload : ✅ ADSK [MIN_5] delta: +20 new candles (cached: 702 → merged: 722)
2026-04-10 17:24:11.800 INFO  [main] DataDownload : ✅ ADSK [MIN_15] delta: +7 new candles (cached: 520 → merged: 527)
2026-04-10 17:24:12.310 INFO  [main] DataDownload : ✅ ADSK [HOUR_1] delta: +3 new candles (cached: 855 → merged: 858)
2026-04-10 17:24:12.312 INFO  [main] DataDownload : 📊 ADSK refresh complete: +30 new candles across timeframes
2026-04-10 17:24:13.028 INFO  [main] DataDownload : ✅ AEE [MIN_5] delta: +20 new candles (cached: 702 → merged: 722)
2026-04-10 17:24:13.538 INFO  [main] DataDownload : ✅ AEE [MIN_15] delta: +7 new candles (cached: 520 → merged: 527)
2026-04-10 17:24:17.473 INFO  [main] DataDownload : ✅ AEE [HOUR_1] delta: +3 new candles (cached: 855 → merged: 858)
2026-04-10 17:24:17.474 INFO  [main] DataDownload : 📊 AEE refresh complete: +30 new candles across timeframes
2026-04-10 17:24:18.291 INFO  [main] DataDownload : ✅ AEP [MIN_5] delta: +20 new candles (cached: 702 → merged: 722)
2026-04-10 17:24:23.432 INFO  [main] DataDownload : ✅ AEP [MIN_15] delta: +7 new candles (cached: 520 → merged: 527)
2026-04-10 17:24:24.345 INFO  [main] DataDownload : ✅ AEP [HOUR_1] delta: +3 new candles (cached: 855 → merged: 858)
2026-04-10 17:24:24.346 INFO  [main] DataDownload : 📊 AEP refresh complete: +30 new candles across timeframes
2026-04-10 17:24:29.293 INFO  [main] DataDownload : ✅ AES [MIN_5] delta: +20 new candles (cached: 702 → merged: 722)
2026-04-10 17:24:29.906 INFO  [main] DataDownload : ✅ AES [MIN_15] delta: +7 new candles (cached: 520 → merged: 527)
2026-04-10 17:24:35.450 INFO  [main] DataDownload : ✅ AES [HOUR_1] delta: +3 new candles (cached: 855 → merged: 858)
2026-04-10 17:24:35.451 INFO  [main] DataDownload : 📊 AES refresh complete: +30 new candles across timeframes
2026-04-10 17:24:41.399 INFO  [main] DataDownload : ✅ AFG [MIN_5] delta: +20 new candles (cached: 702 → merged: 722)
2026-04-10 17:24:47.426 INFO  [main] DataDownload : ✅ AFG [MIN_15] delta: +7 new candles (cached: 520 → merged: 527)
2026-04-10 17:24:59.661 INFO  [main] DataDownload : ✅ AFG [HOUR_1] delta: +3 new candles (cached: 855 → merged: 858)
2026-04-10 17:24:59.661 INFO  [main] DataDownload : 📊 AFG refresh complete: +30 new candles across timeframes
2026-04-10 17:25:11.510 INFO  [main] DataDownload : ✅ AFL [MIN_5] delta: +20 new candles (cached: 702 → merged: 722)
2026-04-10 17:25:11.991 INFO  [main] DataDownload : ✅ AFL [MIN_15] delta: +7 new candles (cached: 520 → merged: 527)
2026-04-10 17:25:12.582 INFO  [main] DataDownload : ✅ AFL [HOUR_1] delta: +3 new candles (cached: 855 → merged: 858)
2026-04-10 17:25:12.582 INFO  [main] DataDownload : 📊 AFL refresh complete: +30 new candles across timeframes
2026-04-10 17:25:13.152 INFO  [main] DataDownload : ✅ AFRM [MIN_5] delta: +20 new candles (cached: 702 → merged: 722)
2026-04-10 17:25:13.604 INFO  [main] DataDownload : ✅ AFRM [MIN_15] delta: +7 new candles (cached: 520 → merged: 527)
2026-04-10 17:25:17.489 INFO  [main] DataDownload : ✅ AFRM [HOUR_1] delta: +3 new candles (cached: 855 → merged: 858)
2026-04-10 17:25:17.491 INFO  [main] DataDownload : 📊 AFRM refresh complete: +30 new candles across timeframes
2026-04-10 17:25:18.185 INFO  [main] DataDownload : ✅ AIG [MIN_5] delta: +20 new candles (cached: 702 → merged: 722)
2026-04-10 17:25:23.374 INFO  [main] DataDownload : ✅ AIG [MIN_15] delta: +7 new candles (cached: 520 → merged: 527)
2026-04-10 17:25:24.168 INFO  [main] DataDownload : ✅ AIG [HOUR_1] delta: +3 new candles (cached: 855 → merged: 858)
2026-04-10 17:25:24.170 INFO  [main] DataDownload : 📊 AIG refresh complete: +30 new candles across timeframes
2026-04-10 17:25:29.476 INFO  [main] DataDownload : ✅ AIZ [MIN_5] delta: +20 new candles (cached: 702 → merged: 722)
2026-04-10 17:25:29.912 INFO  [main] DataDownload : ✅ AIZ [MIN_15] delta: +7 new candles (cached: 520 → merged: 527)
2026-04-10 17:25:35.468 INFO  [main] DataDownload : ✅ AIZ [HOUR_1] delta: +3 new candles (cached: 855 → merged: 858)
2026-04-10 17:25:35.468 INFO  [main] DataDownload : 📊 AIZ refresh complete: +30 new candles across timeframes
2026-04-10 17:25:41.290 INFO  [main] DataDownload : ✅ AJG [MIN_5] delta: +21 new candles (cached: 702 → merged: 723)
2026-04-10 17:25:47.379 INFO  [main] DataDownload : ✅ AJG [MIN_15] delta: +7 new candles (cached: 520 → merged: 527)
2026-04-10 17:25:59.431 INFO  [main] DataDownload : ✅ AJG [HOUR_1] delta: +3 new candles (cached: 855 → merged: 858)
2026-04-10 17:25:59.438 INFO  [main] DataDownload : 📊 AJG refresh complete: +31 new candles across timeframes
2026-04-10 17:26:11.351 INFO  [main] DataDownload : ✅ AKAM [MIN_5] delta: +21 new candles (cached: 702 → merged: 723)
2026-04-10 17:26:11.927 INFO  [main] DataDownload : ✅ AKAM [MIN_15] delta: +7 new candles (cached: 520 → merged: 527)
2026-04-10 17:26:12.609 INFO  [main] DataDownload : ✅ AKAM [HOUR_1] delta: +3 new candles (cached: 855 → merged: 858)
2026-04-10 17:26:12.609 INFO  [main] DataDownload : 📊 AKAM refresh complete: +31 new candles across timeframes
2026-04-10 17:26:13.418 INFO  [main] DataDownload : ✅ ALB [MIN_5] delta: +21 new candles (cached: 702 → merged: 723)
2026-04-10 17:26:13.979 INFO  [main] DataDownload : ✅ ALB [MIN_15] delta: +7 new candles (cached: 520 → merged: 527)
2026-04-10 17:26:17.393 INFO  [main] DataDownload : ✅ ALB [HOUR_1] delta: +3 new candles (cached: 855 → merged: 858)
2026-04-10 17:26:17.403 INFO  [main] DataDownload : 📊 ALB refresh complete: +31 new candles across timeframes
2026-04-10 17:26:17.995 INFO  [main] DataDownload : ✅ ALGN [MIN_5] delta: +21 new candles (cached: 702 → merged: 723)
2026-04-10 17:26:23.437 INFO  [main] DataDownload : ✅ ALGN [MIN_15] delta: +7 new candles (cached: 520 → merged: 527)
2026-04-10 17:26:24.119 INFO  [main] DataDownload : ✅ ALGN [HOUR_1] delta: +3 new candles (cached: 855 → merged: 858)
2026-04-10 17:26:24.125 INFO  [main] DataDownload : 📊 ALGN refresh complete: +31 new candles across timeframes
2026-04-10 17:26:29.245 INFO  [main] DataDownload : ✅ ALL [MIN_5] delta: +21 new candles (cached: 702 → merged: 723)
2026-04-10 17:26:29.931 INFO  [main] DataDownload : ✅ ALL [MIN_15] delta: +7 new candles (cached: 520 → merged: 527)
2026-04-10 17:26:35.464 INFO  [main] DataDownload : ✅ ALL [HOUR_1] delta: +3 new candles (cached: 855 → merged: 858)
2026-04-10 17:26:35.466 INFO  [main] DataDownload : 📊 ALL refresh complete: +31 new candles across timeframes
2026-04-10 17:26:41.313 INFO  [main] DataDownload : ✅ ALLE [MIN_5] delta: +21 new candles (cached: 702 → merged: 723)
2026-04-10 17:26:47.433 INFO  [main] DataDownload : ✅ ALLE [MIN_15] delta: +7 new candles (cached: 520 → merged: 527)
2026-04-10 17:26:59.520 INFO  [main] DataDownload : ✅ ALLE [HOUR_1] delta: +3 new candles (cached: 855 → merged: 858)
2026-04-10 17:26:59.522 INFO  [main] DataDownload : 📊 ALLE refresh complete: +31 new candles across timeframes
2026-04-10 17:27:11.499 INFO  [main] DataDownload : ✅ AMAT [MIN_5] delta: +21 new candles (cached: 702 → merged: 723)
2026-04-10 17:27:12.177 INFO  [main] DataDownload : ✅ AMAT [MIN_15] delta: +7 new candles (cached: 520 → merged: 527)
2026-04-10 17:27:12.962 INFO  [main] DataDownload : ✅ AMAT [HOUR_1] delta: +3 new candles (cached: 855 → merged: 858)
2026-04-10 17:27:12.962 INFO  [main] DataDownload : 📊 AMAT refresh complete: +31 new candles across timeframes
2026-04-10 17:27:13.549 INFO  [main] DataDownload : ✅ AMCR [MIN_5] delta: +21 new candles (cached: 702 → merged: 723)
2026-04-10 17:27:14.004 INFO  [main] DataDownload : ✅ AMCR [MIN_15] delta: +7 new candles (cached: 520 → merged: 527)
2026-04-10 17:27:17.674 INFO  [main] DataDownload : ✅ AMCR [HOUR_1] delta: +3 new candles (cached: 890 → merged: 893)
2026-04-10 17:27:17.680 INFO  [main] DataDownload : 📊 AMCR refresh complete: +31 new candles across timeframes
2026-04-10 17:27:18.476 INFO  [main] DataDownload : ✅ AMDL [MIN_5] delta: +21 new candles (cached: 702 → merged: 723)
2026-04-10 17:27:23.384 INFO  [main] DataDownload : ✅ AMDL [MIN_15] delta: +7 new candles (cached: 520 → merged: 527)
2026-04-10 17:27:23.951 INFO  [main] DataDownload : ✅ AMDL [HOUR_1] delta: +3 new candles (cached: 855 → merged: 858)
2026-04-10 17:27:23.951 INFO  [main] DataDownload : 📊 AMDL refresh complete: +31 new candles across timeframes
2026-04-10 17:27:29.319 INFO  [main] DataDownload : ✅ AME [MIN_5] delta: +21 new candles (cached: 702 → merged: 723)
2026-04-10 17:27:29.788 INFO  [main] DataDownload : ✅ AME [MIN_15] delta: +7 new candles (cached: 520 → merged: 527)
2026-04-10 17:27:35.442 INFO  [main] DataDownload : ✅ AME [HOUR_1] delta: +3 new candles (cached: 855 → merged: 858)
2026-04-10 17:27:35.446 INFO  [main] DataDownload : 📊 AME refresh complete: +31 new candles across timeframes
2026-04-10 17:27:41.351 INFO  [main] DataDownload : ✅ AMGN [MIN_5] delta: +21 new candles (cached: 702 → merged: 723)
2026-04-10 17:27:47.385 INFO  [main] DataDownload : ✅ AMGN [MIN_15] delta: +7 new candles (cached: 520 → merged: 527)
2026-04-10 17:27:59.439 INFO  [main] DataDownload : ✅ AMGN [HOUR_1] delta: +3 new candles (cached: 855 → merged: 858)
2026-04-10 17:27:59.439 INFO  [main] DataDownload : 📊 AMGN refresh complete: +31 new candles across timeframes
2026-04-10 17:28:11.415 INFO  [main] DataDownload : ✅ AMP [MIN_5] delta: +21 new candles (cached: 702 → merged: 723)
2026-04-10 17:28:11.877 INFO  [main] DataDownload : ✅ AMP [MIN_15] delta: +7 new candles (cached: 520 → merged: 527)
2026-04-10 17:28:12.456 INFO  [main] DataDownload : ✅ AMP [HOUR_1] delta: +3 new candles (cached: 855 → merged: 858)
2026-04-10 17:28:12.456 INFO  [main] DataDownload : 📊 AMP refresh complete: +31 new candles across timeframes
2026-04-10 17:28:13.154 INFO  [main] DataDownload : ✅ AMT [MIN_5] delta: +21 new candles (cached: 702 → merged: 723)
2026-04-10 17:28:13.608 INFO  [main] DataDownload : ✅ AMT [MIN_15] delta: +7 new candles (cached: 520 → merged: 527)
2026-04-10 17:28:17.516 INFO  [main] DataDownload : ✅ AMT [HOUR_1] delta: +3 new candles (cached: 855 → merged: 858)
2026-04-10 17:28:17.516 INFO  [main] DataDownload : 📊 AMT refresh complete: +31 new candles across timeframes
2026-04-10 17:28:18.109 INFO  [main] DataDownload : ✅ ANET [MIN_5] delta: +21 new candles (cached: 702 → merged: 723)
2026-04-10 17:28:23.354 INFO  [main] DataDownload : ✅ ANET [MIN_15] delta: +7 new candles (cached: 520 → merged: 527)
2026-04-10 17:28:24.040 INFO  [main] DataDownload : ✅ ANET [HOUR_1] delta: +3 new candles (cached: 855 → merged: 858)
2026-04-10 17:28:24.044 INFO  [main] DataDownload : 📊 ANET refresh complete: +31 new candles across timeframes
2026-04-10 17:28:29.358 INFO  [main] DataDownload : ✅ AON [MIN_5] delta: +21 new candles (cached: 702 → merged: 723)
2026-04-10 17:28:29.822 INFO  [main] DataDownload : ✅ AON [MIN_15] delta: +7 new candles (cached: 520 → merged: 527)
2026-04-10 17:28:35.476 INFO  [main] DataDownload : ✅ AON [HOUR_1] delta: +3 new candles (cached: 855 → merged: 858)
2026-04-10 17:28:35.476 INFO  [main] DataDownload : 📊 AON refresh complete: +31 new candles across timeframes
2026-04-10 17:28:41.387 INFO  [main] DataDownload : ✅ AOS [MIN_5] delta: +21 new candles (cached: 702 → merged: 723)
2026-04-10 17:28:47.383 INFO  [main] DataDownload : ✅ AOS [MIN_15] delta: +7 new candles (cached: 520 → merged: 527)
2026-04-10 17:28:59.531 INFO  [main] DataDownload : ✅ AOS [HOUR_1] delta: +3 new candles (cached: 855 → merged: 858)
2026-04-10 17:28:59.531 INFO  [main] DataDownload : 📊 AOS refresh complete: +31 new candles across timeframes
2026-04-10 17:29:11.541 INFO  [main] DataDownload : ✅ APA [MIN_5] delta: +21 new candles (cached: 780 → merged: 801)
2026-04-10 17:29:12.106 INFO  [main] DataDownload : ✅ APA [MIN_15] delta: +7 new candles (cached: 546 → merged: 553)
2026-04-10 17:29:12.793 INFO  [main] DataDownload : ✅ APA [HOUR_1] delta: +3 new candles (cached: 855 → merged: 858)
2026-04-10 17:29:12.795 INFO  [main] DataDownload : 📊 APA refresh complete: +31 new candles across timeframes
2026-04-10 17:29:13.586 INFO  [main] DataDownload : ✅ APD [MIN_5] delta: +21 new candles (cached: 780 → merged: 801)
2026-04-10 17:29:14.024 INFO  [main] DataDownload : ✅ APD [MIN_15] delta: +7 new candles (cached: 546 → merged: 553)
2026-04-10 17:29:17.661 INFO  [main] DataDownload : ✅ APD [HOUR_1] delta: +3 new candles (cached: 855 → merged: 858)
2026-04-10 17:29:17.670 INFO  [main] DataDownload : 📊 APD refresh complete: +31 new candles across timeframes
2026-04-10 17:29:18.580 INFO  [main] DataDownload : ✅ APH [MIN_5] delta: +21 new candles (cached: 780 → merged: 801)
2026-04-10 17:29:23.439 INFO  [main] DataDownload : ✅ APH [MIN_15] delta: +7 new candles (cached: 546 → merged: 553)
2026-04-10 17:29:23.992 INFO  [main] DataDownload : ✅ APH [HOUR_1] delta: +3 new candles (cached: 855 → merged: 858)
2026-04-10 17:29:24.001 INFO  [main] DataDownload : 📊 APH refresh complete: +31 new candles across timeframes
2026-04-10 17:29:29.304 INFO  [main] DataDownload : ✅ APTV [MIN_5] delta: +21 new candles (cached: 780 → merged: 801)
2026-04-10 17:29:29.978 INFO  [main] DataDownload : ✅ APTV [MIN_15] delta: +7 new candles (cached: 546 → merged: 553)
2026-04-10 17:29:35.405 INFO  [main] DataDownload : ✅ APTV [HOUR_1] delta: +3 new candles (cached: 855 → merged: 858)
2026-04-10 17:29:35.408 INFO  [main] DataDownload : 📊 APTV refresh complete: +31 new candles across timeframes
2026-04-10 17:29:41.386 INFO  [main] DataDownload : ✅ ARE [MIN_5] delta: +21 new candles (cached: 780 → merged: 801)
2026-04-10 17:29:47.337 INFO  [main] DataDownload : ✅ ARE [MIN_15] delta: +7 new candles (cached: 546 → merged: 553)
2026-04-10 17:29:59.572 INFO  [main] DataDownload : ✅ ARE [HOUR_1] delta: +3 new candles (cached: 855 → merged: 858)
2026-04-10 17:29:59.572 INFO  [main] DataDownload : 📊 ARE refresh complete: +31 new candles across timeframes
2026-04-10 17:30:11.364 INFO  [scheduling-1] DataDownload : ✅ AAPL [MIN_5] delta: +2 new candles (cached: 721 → merged: 723)
2026-04-10 17:30:11.533 INFO  [main] DataDownload : ✅ ARKK [MIN_5] delta: +21 new candles (cached: 780 → merged: 801)
2026-04-10 17:30:12.252 INFO  [scheduling-1] DataDownload : 📊 AAPL refresh complete: +2 new candles across timeframes
2026-04-10 17:30:12.316 INFO  [main] DataDownload : ✅ ARKK [MIN_15] delta: +7 new candles (cached: 546 → merged: 553)
2026-04-10 17:30:12.948 INFO  [scheduling-1] DataDownload : ✅ AMD [MIN_5] delta: +2 new candles (cached: 799 → merged: 801)
2026-04-10 17:30:17.683 INFO  [scheduling-1] DataDownload : 📊 AMD refresh complete: +2 new candles across timeframes
2026-04-10 17:30:17.754 INFO  [main] DataDownload : ✅ ARKK [HOUR_1] delta: +3 new candles (cached: 855 → merged: 858)
2026-04-10 17:30:17.756 INFO  [main] DataDownload : 📊 ARKK refresh complete: +31 new candles across timeframes
2026-04-10 17:30:23.251 INFO  [scheduling-1] DataDownload : ✅ AMZN [MIN_5] delta: +2 new candles (cached: 799 → merged: 801)
2026-04-10 17:30:23.382 INFO  [main] DataDownload : ✅ ARM [MIN_5] delta: +21 new candles (cached: 780 → merged: 801)
2026-04-10 17:30:23.814 INFO  [scheduling-1] DataDownload : 📊 AMZN refresh complete: +2 new candles across timeframes
2026-04-10 17:30:29.383 INFO  [scheduling-1] DataDownload : ✅ GOOGL [MIN_5] delta: +2 new candles (cached: 799 → merged: 801)
2026-04-10 17:30:29.480 INFO  [main] DataDownload : ✅ ARM [MIN_15] delta: +7 new candles (cached: 546 → merged: 553)
2026-04-10 17:30:35.353 INFO  [scheduling-1] DataDownload : ✅ GOOGL [MIN_15] delta: +1 new candles (cached: 553 → merged: 554)
2026-04-10 17:30:35.369 INFO  [scheduling-1] DataDownload : 📊 GOOGL refresh complete: +3 new candles across timeframes
2026-04-10 17:30:41.455 INFO  [main] DataDownload : ✅ ARM [HOUR_1] delta: +3 new candles (cached: 855 → merged: 858)
2026-04-10 17:30:41.455 INFO  [main] DataDownload : 📊 ARM refresh complete: +31 new candles across timeframes
2026-04-10 17:30:53.294 INFO  [main] DataDownload : ✅ ATO [MIN_5] delta: +22 new candles (cached: 780 → merged: 802)
2026-04-10 17:30:59.476 INFO  [main] DataDownload : ✅ ATO [MIN_15] delta: +8 new candles (cached: 546 → merged: 554)
2026-04-10 17:31:11.548 INFO  [scheduling-1] DataDownload : ✅ JNJ [MIN_5] delta: +3 new candles (cached: 799 → merged: 802)
2026-04-10 17:31:11.715 INFO  [main] DataDownload : ✅ ATO [HOUR_1] delta: +3 new candles (cached: 855 → merged: 858)
2026-04-10 17:31:11.715 INFO  [main] DataDownload : 📊 ATO refresh complete: +33 new candles across timeframes
2026-04-10 17:31:12.118 INFO  [scheduling-1] DataDownload : ✅ JNJ [MIN_15] delta: +1 new candles (cached: 553 → merged: 554)
2026-04-10 17:31:12.130 INFO  [scheduling-1] DataDownload : 📊 JNJ refresh complete: +4 new candles across timeframes
2026-04-10 17:31:12.530 INFO  [main] DataDownload : ✅ AVB [MIN_5] delta: +22 new candles (cached: 780 → merged: 802)
2026-04-10 17:31:17.523 INFO  [scheduling-1] DataDownload : ✅ JPM [MIN_5] delta: +3 new candles (cached: 799 → merged: 802)
2026-04-10 17:31:17.631 INFO  [main] DataDownload : ✅ AVB [MIN_15] delta: +8 new candles (cached: 546 → merged: 554)
2026-04-10 17:31:18.396 INFO  [scheduling-1] DataDownload : ✅ JPM [MIN_15] delta: +1 new candles (cached: 553 → merged: 554)
2026-04-10 17:31:18.409 INFO  [scheduling-1] DataDownload : 📊 JPM refresh complete: +4 new candles across timeframes
2026-04-10 17:31:23.415 INFO  [scheduling-1] DataDownload : ✅ META [MIN_5] delta: +3 new candles (cached: 799 → merged: 802)
2026-04-10 17:31:23.542 INFO  [main] DataDownload : ✅ AVB [HOUR_1] delta: +3 new candles (cached: 855 → merged: 858)
2026-04-10 17:31:23.546 INFO  [main] DataDownload : 📊 AVB refresh complete: +33 new candles across timeframes
2026-04-10 17:31:23.869 INFO  [scheduling-1] DataDownload : ✅ META [MIN_15] delta: +1 new candles (cached: 553 → merged: 554)
2026-04-10 17:31:23.879 INFO  [scheduling-1] DataDownload : 📊 META refresh complete: +4 new candles across timeframes
2026-04-10 17:31:29.485 INFO  [main] DataDownload : ✅ AVGO [MIN_5] delta: +22 new candles (cached: 780 → merged: 802)
2026-04-10 17:31:35.381 INFO  [scheduling-1] DataDownload : ✅ MSFT [MIN_5] delta: +3 new candles (cached: 799 → merged: 802)
2026-04-10 17:31:35.455 INFO  [main] DataDownload : ✅ AVGO [MIN_15] delta: +8 new candles (cached: 546 → merged: 554)
2026-04-10 17:31:47.522 INFO  [main] DataDownload : ✅ AVGO [HOUR_1] delta: +3 new candles (cached: 855 → merged: 858)
2026-04-10 17:31:47.522 INFO  [main] DataDownload : 📊 AVGO refresh complete: +33 new candles across timeframes
2026-04-10 17:31:59.412 INFO  [main] DataDownload : ✅ AVY [MIN_5] delta: +22 new candles (cached: 780 → merged: 802)
2026-04-10 17:32:11.463 INFO  [main] DataDownload : ✅ AVY [MIN_15] delta: +8 new candles (cached: 546 → merged: 554)
2026-04-10 17:32:11.463 INFO  [scheduling-1] DataDownload : ✅ MSFT [MIN_15] delta: +1 new candles (cached: 553 → merged: 554)
2026-04-10 17:32:11.472 INFO  [scheduling-1] DataDownload : 📊 MSFT refresh complete: +4 new candles across timeframes
2026-04-10 17:32:12.366 INFO  [main] DataDownload : ✅ AVY [HOUR_1] delta: +3 new candles (cached: 855 → merged: 858)
2026-04-10 17:32:12.366 INFO  [main] DataDownload : 📊 AVY refresh complete: +33 new candles across timeframes
2026-04-10 17:32:12.498 INFO  [scheduling-1] DataDownload : ✅ NVDA [MIN_5] delta: +3 new candles (cached: 799 → merged: 802)
2026-04-10 17:32:13.288 INFO  [scheduling-1] DataDownload : ✅ NVDA [MIN_15] delta: +1 new candles (cached: 553 → merged: 554)
2026-04-10 17:32:13.294 INFO  [scheduling-1] DataDownload : 📊 NVDA refresh complete: +4 new candles across timeframes
2026-04-10 17:32:17.256 INFO  [main] DataDownload : ✅ AWK [MIN_5] delta: +22 new candles (cached: 780 → merged: 802)
2026-04-10 17:32:17.431 INFO  [scheduling-1] DataDownload : ✅ QQQ [MIN_5] delta: +2 new candles (cached: 800 → merged: 802)
2026-04-10 17:32:18.178 INFO  [main] DataDownload : ✅ AWK [MIN_15] delta: +8 new candles (cached: 546 → merged: 554)
2026-04-10 17:32:23.614 INFO  [scheduling-1] DataDownload : ✅ QQQ [MIN_15] delta: +1 new candles (cached: 553 → merged: 554)
2026-04-10 17:32:23.634 INFO  [scheduling-1] DataDownload : 📊 QQQ refresh complete: +3 new candles across timeframes
2026-04-10 17:32:23.732 INFO  [main] DataDownload : ✅ AWK [HOUR_1] delta: +3 new candles (cached: 855 → merged: 858)
2026-04-10 17:32:23.734 INFO  [main] DataDownload : 📊 AWK refresh complete: +33 new candles across timeframes
2026-04-10 17:32:29.514 INFO  [scheduling-1] DataDownload : ✅ SPY [MIN_5] delta: +2 new candles (cached: 722 → merged: 724)
2026-04-10 17:32:29.592 INFO  [main] DataDownload : ✅ AXON [MIN_5] delta: +22 new candles (cached: 780 → merged: 802)
2026-04-10 17:32:35.631 INFO  [scheduling-1] DataDownload : ✅ SPY [MIN_15] delta: +1 new candles (cached: 527 → merged: 528)
2026-04-10 17:32:35.638 INFO  [scheduling-1] DataDownload : 📊 SPY refresh complete: +3 new candles across timeframes
2026-04-10 17:32:35.695 INFO  [main] DataDownload : ✅ AXON [MIN_15] delta: +8 new candles (cached: 546 → merged: 554)
2026-04-10 17:32:47.475 INFO  [main] DataDownload : ✅ AXON [HOUR_1] delta: +3 new candles (cached: 855 → merged: 858)
2026-04-10 17:32:47.479 INFO  [main] DataDownload : 📊 AXON refresh complete: +33 new candles across timeframes
2026-04-10 17:33:11.508 INFO  [main] DataDownload : ✅ AXP [MIN_5] delta: +22 new candles (cached: 780 → merged: 802)
2026-04-10 17:33:11.561 INFO  [scheduling-1] DataDownload : ✅ TSLA [MIN_5] delta: +2 new candles (cached: 722 → merged: 724)
2026-04-10 17:33:12.073 INFO  [main] DataDownload : ✅ AXP [MIN_15] delta: +8 new candles (cached: 546 → merged: 554)
2026-04-10 17:33:12.235 INFO  [scheduling-1] DataDownload : ✅ TSLA [MIN_15] delta: +1 new candles (cached: 527 → merged: 528)
2026-04-10 17:33:12.245 INFO  [scheduling-1] DataDownload : 📊 TSLA refresh complete: +3 new candles across timeframes
2026-04-10 17:33:12.761 INFO  [main] DataDownload : ✅ AXP [HOUR_1] delta: +3 new candles (cached: 855 → merged: 858)
2026-04-10 17:33:12.774 INFO  [main] DataDownload : 📊 AXP refresh complete: +33 new candles across timeframes
2026-04-10 17:33:12.805 INFO  [scheduling-1] DataDownload : ✅ V [MIN_5] delta: +2 new candles (cached: 722 → merged: 724)
2026-04-10 17:33:17.541 INFO  [main] DataDownload : ✅ AYI [MIN_5] delta: +22 new candles (cached: 780 → merged: 802)
2026-04-10 17:33:17.637 INFO  [scheduling-1] DataDownload : ✅ V [MIN_15] delta: +1 new candles (cached: 527 → merged: 528)
2026-04-10 17:33:17.637 INFO  [scheduling-1] DataDownload : 📊 V refresh complete: +3 new candles across timeframes
2026-04-10 17:33:18.209 INFO  [main] DataDownload : ✅ AYI [MIN_15] delta: +8 new candles (cached: 546 → merged: 554)
2026-04-10 17:33:23.623 INFO  [scheduling-1] DataDownload : ✅ XOM [MIN_5] delta: +2 new candles (cached: 722 → merged: 724)
2026-04-10 17:33:23.759 INFO  [main] DataDownload : ✅ AYI [HOUR_1] delta: +3 new candles (cached: 855 → merged: 858)
2026-04-10 17:33:23.765 INFO  [main] DataDownload : 📊 AYI refresh complete: +33 new candles across timeframes
2026-04-10 17:33:29.426 INFO  [main] DataDownload : ✅ AZO [MIN_5] delta: +22 new candles (cached: 780 → merged: 802)
2026-04-10 17:33:29.600 INFO  [scheduling-1] DataDownload : ✅ XOM [MIN_15] delta: +1 new candles (cached: 527 → merged: 528)
2026-04-10 17:33:29.617 INFO  [scheduling-1] DataDownload : 📊 XOM refresh complete: +3 new candles across timeframes
2026-04-10 17:33:35.513 INFO  [main] DataDownload : ✅ AZO [MIN_15] delta: +8 new candles (cached: 546 → merged: 554)
2026-04-10 17:33:47.452 INFO  [main] DataDownload : ✅ AZO [HOUR_1] delta: +3 new candles (cached: 855 → merged: 858)
2026-04-10 17:33:47.452 INFO  [main] DataDownload : 📊 AZO refresh complete: +33 new candles across timeframes
2026-04-10 17:33:59.339 INFO  [scheduling-1] DataDownload : ✅ A [MIN_5] delta: +2 new candles (cached: 722 → merged: 724)
2026-04-10 17:34:11.593 INFO  [scheduling-1] DataDownload : ✅ A [MIN_15] delta: +1 new candles (cached: 527 → merged: 528)
2026-04-10 17:34:11.598 INFO  [scheduling-1] DataDownload : 📊 A refresh complete: +3 new candles across timeframes
2026-04-10 17:34:11.650 INFO  [main] DataDownload : ✅ BA [MIN_5] delta: +22 new candles (cached: 780 → merged: 802)
2026-04-10 17:34:12.173 INFO  [scheduling-1] DataDownload : ✅ AAL [MIN_5] delta: +2 new candles (cached: 722 → merged: 724)
2026-04-10 17:34:12.338 INFO  [main] DataDownload : ✅ BA [MIN_15] delta: +8 new candles (cached: 546 → merged: 554)
2026-04-10 17:34:12.736 INFO  [scheduling-1] DataDownload : ✅ AAL [MIN_15] delta: +1 new candles (cached: 527 → merged: 528)
2026-04-10 17:34:12.741 INFO  [scheduling-1] DataDownload : 📊 AAL refresh complete: +3 new candles across timeframes
2026-04-10 17:34:13.022 INFO  [main] DataDownload : ✅ BA [HOUR_1] delta: +3 new candles (cached: 855 → merged: 858)
2026-04-10 17:34:13.027 INFO  [main] DataDownload : 📊 BA refresh complete: +33 new candles across timeframes
2026-04-10 17:34:17.391 INFO  [scheduling-1] DataDownload : ✅ ABBV [MIN_5] delta: +2 new candles (cached: 722 → merged: 724)
2026-04-10 17:34:17.391 INFO  [main] DataDownload : ✅ BABA [MIN_5] delta: +22 new candles (cached: 780 → merged: 802)
2026-04-10 17:34:23.454 INFO  [scheduling-1] DataDownload : ✅ ABBV [MIN_15] delta: +1 new candles (cached: 527 → merged: 528)
2026-04-10 17:34:23.454 INFO  [main] DataDownload : ✅ BABA [MIN_15] delta: +8 new candles (cached: 546 → merged: 554)
2026-04-10 17:34:23.466 INFO  [scheduling-1] DataDownload : 📊 ABBV refresh complete: +3 new candles across timeframes
2026-04-10 17:34:24.141 INFO  [main] DataDownload : ✅ BABA [HOUR_1] delta: +3 new candles (cached: 855 → merged: 858)
2026-04-10 17:34:24.143 INFO  [main] DataDownload : 📊 BABA refresh complete: +33 new candles across timeframes
2026-04-10 17:34:29.492 INFO  [scheduling-1] DataDownload : ✅ ABNB [MIN_5] delta: +2 new candles (cached: 722 → merged: 724)
2026-04-10 17:34:35.432 INFO  [main] DataDownload : ✅ BAC [MIN_5] delta: +22 new candles (cached: 780 → merged: 802)
2026-04-10 17:34:35.495 INFO  [scheduling-1] DataDownload : ✅ ABNB [MIN_15] delta: +1 new candles (cached: 527 → merged: 528)
2026-04-10 17:34:35.509 INFO  [scheduling-1] DataDownload : 📊 ABNB refresh complete: +3 new candles across timeframes
2026-04-10 17:34:41.511 INFO  [main] DataDownload : ✅ BAC [MIN_15] delta: +8 new candles (cached: 546 → merged: 554)
2026-04-10 17:34:57.716 INFO  [main] DataDownload : ✅ BAC [HOUR_1] delta: +3 new candles (cached: 855 → merged: 858)
2026-04-10 17:34:57.729 INFO  [main] DataDownload : 📊 BAC refresh complete: +33 new candles across timeframes
2026-04-10 17:35:12.319 INFO  [main] DataDownload : ✅ BALL [MIN_5] delta: +22 new candles (cached: 702 → merged: 724)
2026-04-10 17:35:12.785 INFO  [scheduling-1] DataDownload : ✅ ABT [MIN_5] delta: +2 new candles (cached: 722 → merged: 724)
2026-04-10 17:35:13.029 INFO  [main] DataDownload : ✅ BALL [MIN_15] delta: +8 new candles (cached: 520 → merged: 528)
2026-04-10 17:35:13.762 INFO  [scheduling-1] DataDownload : ✅ ABT [MIN_15] delta: +1 new candles (cached: 527 → merged: 528)
2026-04-10 17:35:13.766 INFO  [scheduling-1] DataDownload : 📊 ABT refresh complete: +3 new candles across timeframes
2026-04-10 17:35:14.004 INFO  [main] DataDownload : ✅ BALL [HOUR_1] delta: +3 new candles (cached: 855 → merged: 858)
2026-04-10 17:35:14.008 INFO  [main] DataDownload : 📊 BALL refresh complete: +33 new candles across timeframes
2026-04-10 17:35:17.866 INFO  [scheduling-1] DataDownload : ✅ ACGL [MIN_5] delta: +2 new candles (cached: 722 → merged: 724)
2026-04-10 17:35:18.372 INFO  [main] DataDownload : ✅ BAX [MIN_5] delta: +22 new candles (cached: 702 → merged: 724)
2026-04-10 17:35:18.436 INFO  [scheduling-1] DataDownload : ✅ ACGL [MIN_15] delta: +1 new candles (cached: 527 → merged: 528)
2026-04-10 17:35:18.446 INFO  [scheduling-1] DataDownload : 📊 ACGL refresh complete: +3 new candles across timeframes
2026-04-10 17:35:23.528 INFO  [scheduling-1] DataDownload : ✅ ACN [MIN_5] delta: +2 new candles (cached: 722 → merged: 724)
2026-04-10 17:35:23.639 INFO  [main] DataDownload : ✅ BAX [MIN_15] delta: +8 new candles (cached: 520 → merged: 528)
2026-04-10 17:35:24.228 INFO  [scheduling-1] DataDownload : ✅ ACN [MIN_15] delta: +1 new candles (cached: 527 → merged: 528)
2026-04-10 17:35:24.241 INFO  [scheduling-1] DataDownload : 📊 ACN refresh complete: +3 new candles across timeframes
2026-04-10 17:35:29.397 INFO  [scheduling-1] DataDownload : ✅ ADBE [MIN_5] delta: +2 new candles (cached: 722 → merged: 724)
2026-04-10 17:35:35.448 INFO  [scheduling-1] DataDownload : ✅ ADBE [MIN_15] delta: +1 new candles (cached: 527 → merged: 528)
2026-04-10 17:35:35.462 INFO  [scheduling-1] DataDownload : 📊 ADBE refresh complete: +3 new candles across timeframes
2026-04-10 17:35:35.581 INFO  [main] DataDownload : ✅ BAX [HOUR_1] delta: +3 new candles (cached: 855 → merged: 858)
2026-04-10 17:35:35.582 INFO  [main] DataDownload : 📊 BAX refresh complete: +33 new candles across timeframes
2026-04-10 17:35:47.459 INFO  [main] DataDownload : ✅ BBWI [MIN_5] delta: +23 new candles (cached: 702 → merged: 725)
2026-04-10 17:35:53.476 INFO  [main] DataDownload : ✅ BBWI [MIN_15] delta: +8 new candles (cached: 520 → merged: 528)
2026-04-10 17:36:11.671 INFO  [scheduling-1] DataDownload : ✅ ADI [MIN_5] delta: +3 new candles (cached: 722 → merged: 725)
2026-04-10 17:36:11.898 INFO  [main] DataDownload : ✅ BBWI [HOUR_1] delta: +3 new candles (cached: 855 → merged: 858)
2026-04-10 17:36:11.905 INFO  [main] DataDownload : 📊 BBWI refresh complete: +34 new candles across timeframes
2026-04-10 17:36:12.437 INFO  [scheduling-1] DataDownload : ✅ ADI [MIN_15] delta: +1 new candles (cached: 527 → merged: 528)
2026-04-10 17:36:12.442 INFO  [scheduling-1] DataDownload : 📊 ADI refresh complete: +4 new candles across timeframes
2026-04-10 17:36:13.243 INFO  [main] DataDownload : ✅ BBY [MIN_5] delta: +23 new candles (cached: 702 → merged: 725)
2026-04-10 17:36:13.468 INFO  [scheduling-1] DataDownload : ✅ ADM [MIN_5] delta: +3 new candles (cached: 722 → merged: 725)
2026-04-10 17:36:17.635 INFO  [scheduling-1] DataDownload : ✅ ADM [MIN_15] delta: +1 new candles (cached: 527 → merged: 528)
2026-04-10 17:36:17.729 INFO  [scheduling-1] DataDownload : 📊 ADM refresh complete: +4 new candles across timeframes
2026-04-10 17:36:18.130 INFO  [main] DataDownload : ✅ BBY [MIN_15] delta: +8 new candles (cached: 520 → merged: 528)
2026-04-10 17:36:18.746 INFO  [scheduling-1] DataDownload : ✅ ADP [MIN_5] delta: +3 new candles (cached: 722 → merged: 725)
2026-04-10 17:36:23.757 INFO  [scheduling-1] DataDownload : ✅ ADP [MIN_15] delta: +1 new candles (cached: 527 → merged: 528)
2026-04-10 17:36:23.780 INFO  [scheduling-1] DataDownload : 📊 ADP refresh complete: +4 new candles across timeframes
2026-04-10 17:36:23.972 INFO  [main] DataDownload : ✅ BBY [HOUR_1] delta: +3 new candles (cached: 855 → merged: 858)
2026-04-10 17:36:23.972 INFO  [main] DataDownload : 📊 BBY refresh complete: +34 new candles across timeframes
2026-04-10 17:36:29.587 INFO  [scheduling-1] DataDownload : ✅ ADSK [MIN_5] delta: +3 new candles (cached: 722 → merged: 725)
2026-04-10 17:36:29.694 INFO  [main] DataDownload : ✅ BDX [MIN_5] delta: +23 new candles (cached: 702 → merged: 725)
2026-04-10 17:36:35.684 INFO  [scheduling-1] DataDownload : ✅ ADSK [MIN_15] delta: +1 new candles (cached: 527 → merged: 528)
2026-04-10 17:36:35.687 INFO  [main] DataDownload : ✅ BDX [MIN_15] delta: +8 new candles (cached: 520 → merged: 528)
2026-04-10 17:36:35.699 INFO  [scheduling-1] DataDownload : 📊 ADSK refresh complete: +4 new candles across timeframes
2026-04-10 17:36:53.314 INFO  [main] DataDownload : ✅ BDX [HOUR_1] delta: +3 new candles (cached: 855 → merged: 858)
2026-04-10 17:36:53.319 INFO  [main] DataDownload : 📊 BDX refresh complete: +34 new candles across timeframes
2026-04-10 17:36:59.368 INFO  [scheduling-1] DataDownload : ✅ AEE [MIN_5] delta: +3 new candles (cached: 722 → merged: 725)
2026-04-10 17:37:11.515 INFO  [main] DataDownload : ✅ BEN [MIN_5] delta: +23 new candles (cached: 780 → merged: 803)
2026-04-10 17:37:11.619 INFO  [scheduling-1] DataDownload : ✅ AEE [MIN_15] delta: +1 new candles (cached: 527 → merged: 528)
2026-04-10 17:37:11.634 INFO  [scheduling-1] DataDownload : 📊 AEE refresh complete: +4 new candles across timeframes
2026-04-10 17:37:12.342 INFO  [main] DataDownload : ✅ BEN [MIN_15] delta: +8 new candles (cached: 546 → merged: 554)
2026-04-10 17:37:12.932 INFO  [scheduling-1] DataDownload : ✅ AEP [MIN_5] delta: +3 new candles (cached: 722 → merged: 725)
2026-04-10 17:37:13.488 INFO  [main] DataDownload : ✅ BEN [HOUR_1] delta: +3 new candles (cached: 855 → merged: 858)
2026-04-10 17:37:13.488 INFO  [main] DataDownload : 📊 BEN refresh complete: +34 new candles across timeframes
2026-04-10 17:37:17.688 INFO  [main] DataDownload : ✅ BG [MIN_5] delta: +23 new candles (cached: 780 → merged: 803)
2026-04-10 17:37:17.762 INFO  [scheduling-1] DataDownload : ✅ AEP [MIN_15] delta: +1 new candles (cached: 527 → merged: 528)
2026-04-10 17:37:17.785 INFO  [scheduling-1] DataDownload : 📊 AEP refresh complete: +4 new candles across timeframes
2026-04-10 17:37:18.623 INFO  [main] DataDownload : ✅ BG [MIN_15] delta: +8 new candles (cached: 546 → merged: 554)
2026-04-10 17:37:23.655 INFO  [scheduling-1] DataDownload : ✅ AES [MIN_5] delta: +3 new candles (cached: 722 → merged: 725)
2026-04-10 17:37:24.067 INFO  [main] DataDownload : ✅ BG [HOUR_1] delta: +3 new candles (cached: 855 → merged: 858)
2026-04-10 17:37:24.071 INFO  [main] DataDownload : 📊 BG refresh complete: +34 new candles across timeframes
2026-04-10 17:37:29.453 INFO  [main] DataDownload : ✅ BIIB [MIN_5] delta: +23 new candles (cached: 780 → merged: 803)
2026-04-10 17:37:29.495 INFO  [scheduling-1] DataDownload : ✅ AES [MIN_15] delta: +1 new candles (cached: 527 → merged: 528)
2026-04-10 17:37:29.505 INFO  [scheduling-1] DataDownload : 📊 AES refresh complete: +4 new candles across timeframes
2026-04-10 17:37:35.406 INFO  [main] DataDownload : ✅ BIIB [MIN_15] delta: +8 new candles (cached: 546 → merged: 554)
2026-04-10 17:37:47.448 INFO  [main] DataDownload : ✅ BIIB [HOUR_1] delta: +3 new candles (cached: 855 → merged: 858)
2026-04-10 17:37:47.452 INFO  [main] DataDownload : 📊 BIIB refresh complete: +34 new candles across timeframes
2026-04-10 17:37:59.435 INFO  [main] DataDownload : ✅ BIO [MIN_5] delta: +23 new candles (cached: 780 → merged: 803)
2026-04-10 17:38:12.125 INFO  [scheduling-1] DataDownload : ✅ AFG [MIN_5] delta: +3 new candles (cached: 722 → merged: 725)
2026-04-10 17:38:12.286 INFO  [main] DataDownload : ✅ BIO [MIN_15] delta: +8 new candles (cached: 546 → merged: 554)
2026-04-10 17:38:13.387 INFO  [scheduling-1] DataDownload : ✅ AFG [MIN_15] delta: +1 new candles (cached: 527 → merged: 528)
2026-04-10 17:38:13.405 INFO  [scheduling-1] DataDownload : 📊 AFG refresh complete: +4 new candles across timeframes
2026-04-10 17:38:13.680 INFO  [main] DataDownload : ✅ BIO [HOUR_1] delta: +3 new candles (cached: 855 → merged: 858)
2026-04-10 17:38:13.682 INFO  [main] DataDownload : 📊 BIO refresh complete: +34 new candles across timeframes
2026-04-10 17:38:14.360 INFO  [scheduling-1] DataDownload : ✅ AFL [MIN_5] delta: +3 new candles (cached: 722 → merged: 725)
2026-04-10 17:38:17.810 INFO  [main] DataDownload : ✅ BITX [MIN_5] delta: +23 new candles (cached: 780 → merged: 803)
2026-04-10 17:38:18.616 INFO  [scheduling-1] DataDownload : ✅ AFL [MIN_15] delta: +1 new candles (cached: 527 → merged: 528)
2026-04-10 17:38:18.676 INFO  [scheduling-1] DataDownload : 📊 AFL refresh complete: +4 new candles across timeframes
2026-04-10 17:38:19.000 INFO  [main] DataDownload : ✅ BITX [MIN_15] delta: +8 new candles (cached: 546 → merged: 554)
2026-04-10 17:38:23.478 INFO  [scheduling-1] DataDownload : ✅ AFRM [MIN_5] delta: +3 new candles (cached: 722 → merged: 725)
2026-04-10 17:38:23.573 INFO  [main] DataDownload : ✅ BITX [HOUR_1] delta: +3 new candles (cached: 855 → merged: 858)
2026-04-10 17:38:23.584 INFO  [main] DataDownload : 📊 BITX refresh complete: +34 new candles across timeframes
2026-04-10 17:38:24.177 INFO  [scheduling-1] DataDownload : ✅ AFRM [MIN_15] delta: +1 new candles (cached: 527 → merged: 528)
2026-04-10 17:38:24.187 INFO  [scheduling-1] DataDownload : 📊 AFRM refresh complete: +4 new candles across timeframes
2026-04-10 17:38:29.431 INFO  [scheduling-1] DataDownload : ✅ AIG [MIN_5] delta: +3 new candles (cached: 722 → merged: 725)
2026-04-10 17:38:35.417 INFO  [main] DataDownload : ✅ BK [MIN_5] delta: +23 new candles (cached: 780 → merged: 803)
2026-04-10 17:38:35.520 INFO  [scheduling-1] DataDownload : ✅ AIG [MIN_15] delta: +1 new candles (cached: 527 → merged: 528)
2026-04-10 17:38:35.532 INFO  [scheduling-1] DataDownload : 📊 AIG refresh complete: +4 new candles across timeframes
2026-04-10 17:38:47.346 INFO  [scheduling-1] DataDownload : ✅ AIZ [MIN_5] delta: +3 new candles (cached: 722 → merged: 725)
2026-04-10 17:38:53.437 INFO  [scheduling-1] DataDownload : ✅ AIZ [MIN_15] delta: +1 new candles (cached: 527 → merged: 528)
2026-04-10 17:38:53.445 INFO  [scheduling-1] DataDownload : 📊 AIZ refresh complete: +4 new candles across timeframes
2026-04-10 17:39:11.622 INFO  [scheduling-1] DataDownload : ✅ AJG [MIN_5] delta: +2 new candles (cached: 723 → merged: 725)
2026-04-10 17:39:11.712 INFO  [main] DataDownload : ✅ BK [MIN_15] delta: +8 new candles (cached: 546 → merged: 554)
2026-04-10 17:39:12.304 INFO  [scheduling-1] DataDownload : ✅ AJG [MIN_15] delta: +1 new candles (cached: 527 → merged: 528)
2026-04-10 17:39:12.316 INFO  [scheduling-1] DataDownload : 📊 AJG refresh complete: +3 new candles across timeframes
2026-04-10 17:39:12.643 INFO  [main] DataDownload : ✅ BK [HOUR_1] delta: +3 new candles (cached: 855 → merged: 858)
2026-04-10 17:39:12.646 INFO  [main] DataDownload : 📊 BK refresh complete: +34 new candles across timeframes
2026-04-10 17:39:13.020 INFO  [scheduling-1] DataDownload : ✅ AKAM [MIN_5] delta: +2 new candles (cached: 723 → merged: 725)
2026-04-10 17:39:17.553 INFO  [main] DataDownload : ✅ BKNG [MIN_5] delta: +23 new candles (cached: 780 → merged: 803)
2026-04-10 17:39:17.571 INFO  [scheduling-1] DataDownload : ✅ AKAM [MIN_15] delta: +1 new candles (cached: 527 → merged: 528)
2026-04-10 17:39:17.585 INFO  [scheduling-1] DataDownload : 📊 AKAM refresh complete: +3 new candles across timeframes
2026-04-10 17:39:18.132 INFO  [main] DataDownload : ✅ BKNG [MIN_15] delta: +8 new candles (cached: 546 → merged: 554)
2026-04-10 17:39:23.605 INFO  [scheduling-1] DataDownload : ✅ ALB [MIN_5] delta: +2 new candles (cached: 723 → merged: 725)
2026-04-10 17:39:23.907 INFO  [main] DataDownload : ✅ BKNG [HOUR_1] delta: +3 new candles (cached: 855 → merged: 858)
2026-04-10 17:39:23.915 INFO  [main] DataDownload : 📊 BKNG refresh complete: +34 new candles across timeframes
2026-04-10 17:39:24.602 INFO  [scheduling-1] DataDownload : ✅ ALB [MIN_15] delta: +1 new candles (cached: 527 → merged: 528)
2026-04-10 17:39:24.616 INFO  [scheduling-1] DataDownload : 📊 ALB refresh complete: +3 new candles across timeframes
2026-04-10 17:39:29.446 INFO  [scheduling-1] DataDownload : ✅ ALGN [MIN_5] delta: +2 new candles (cached: 723 → merged: 725)
2026-04-10 17:39:35.991 INFO  [scheduling-1] DataDownload : ✅ ALGN [MIN_15] delta: +1 new candles (cached: 527 → merged: 528)
2026-04-10 17:39:35.993 INFO  [main] DataDownload : ✅ BKR [MIN_5] delta: +23 new candles (cached: 780 → merged: 803)
2026-04-10 17:39:36.020 INFO  [scheduling-1] DataDownload : 📊 ALGN refresh complete: +3 new candles across timeframes
2026-04-10 17:39:41.485 INFO  [main] DataDownload : ✅ BKR [MIN_15] delta: +8 new candles (cached: 546 → merged: 554)
2026-04-10 17:39:53.898 INFO  [main] DataDownload : ✅ BKR [HOUR_1] delta: +3 new candles (cached: 855 → merged: 858)
2026-04-10 17:39:53.906 INFO  [main] DataDownload : 📊 BKR refresh complete: +34 new candles across timeframes
2026-04-10 17:40:11.375 INFO  [main] DataDownload : ✅ BLDR [MIN_5] delta: +23 new candles (cached: 780 → merged: 803)
2026-04-10 17:40:11.990 INFO  [scheduling-1] DataDownload : ✅ ALL [MIN_5] delta: +2 new candles (cached: 723 → merged: 725)
2026-04-10 17:40:12.192 INFO  [main] DataDownload : ✅ BLDR [MIN_15] delta: +8 new candles (cached: 546 → merged: 554)
2026-04-10 17:40:12.568 INFO  [scheduling-1] DataDownload : ✅ ALL [MIN_15] delta: +1 new candles (cached: 527 → merged: 528)
2026-04-10 17:40:12.579 INFO  [scheduling-1] DataDownload : 📊 ALL refresh complete: +3 new candles across timeframes
2026-04-10 17:40:13.215 INFO  [main] DataDownload : ✅ BLDR [HOUR_1] delta: +3 new candles (cached: 855 → merged: 858)
2026-04-10 17:40:13.218 INFO  [main] DataDownload : 📊 BLDR refresh complete: +34 new candles across timeframes
2026-04-10 17:40:17.625 INFO  [scheduling-1] DataDownload : ✅ ALLE [MIN_5] delta: +2 new candles (cached: 723 → merged: 725)
2026-04-10 17:40:17.995 INFO  [main] DataDownload : ✅ BLK [MIN_5] delta: +23 new candles (cached: 780 → merged: 803)
2026-04-10 17:40:18.453 INFO  [scheduling-1] DataDownload : ✅ ALLE [MIN_15] delta: +1 new candles (cached: 527 → merged: 528)
2026-04-10 17:40:18.464 INFO  [scheduling-1] DataDownload : 📊 ALLE refresh complete: +3 new candles across timeframes
2026-04-10 17:40:23.555 INFO  [scheduling-1] DataDownload : ✅ AMAT [MIN_5] delta: +2 new candles (cached: 723 → merged: 725)
2026-04-10 17:40:23.661 INFO  [main] DataDownload : ✅ BLK [MIN_15] delta: +8 new candles (cached: 546 → merged: 554)
2026-04-10 17:40:24.135 INFO  [scheduling-1] DataDownload : ✅ AMAT [MIN_15] delta: +1 new candles (cached: 527 → merged: 528)
2026-04-10 17:40:24.143 INFO  [scheduling-1] DataDownload : 📊 AMAT refresh complete: +3 new candles across timeframes
2026-04-10 17:40:29.459 INFO  [scheduling-1] DataDownload : ✅ AMCR [MIN_5] delta: +2 new candles (cached: 723 → merged: 725)
2026-04-10 17:40:35.561 INFO  [scheduling-1] DataDownload : ✅ AMCR [MIN_15] delta: +1 new candles (cached: 527 → merged: 528)
2026-04-10 17:40:35.629 INFO  [scheduling-1] DataDownload : 📊 AMCR refresh complete: +3 new candles across timeframes
2026-04-10 17:40:36.740 INFO  [main] DataDownload : ✅ BLK [HOUR_1] delta: +3 new candles (cached: 855 → merged: 858)
2026-04-10 17:40:36.746 INFO  [main] DataDownload : 📊 BLK refresh complete: +34 new candles across timeframes
2026-04-10 17:40:47.769 INFO  [main] DataDownload : ✅ BMY [MIN_5] delta: +24 new candles (cached: 780 → merged: 804)
2026-04-10 17:40:53.372 INFO  [main] DataDownload : ✅ BMY [MIN_15] delta: +8 new candles (cached: 546 → merged: 554)
2026-04-10 17:41:11.520 INFO  [scheduling-1] DataDownload : ✅ AMDL [MIN_5] delta: +3 new candles (cached: 723 → merged: 726)
2026-04-10 17:41:11.629 INFO  [main] DataDownload : ✅ BMY [HOUR_1] delta: +3 new candles (cached: 855 → merged: 858)
2026-04-10 17:41:11.629 INFO  [main] DataDownload : 📊 BMY refresh complete: +35 new candles across timeframes
2026-04-10 17:41:12.213 INFO  [scheduling-1] DataDownload : ✅ AMDL [MIN_15] delta: +1 new candles (cached: 527 → merged: 528)
2026-04-10 17:41:12.226 INFO  [scheduling-1] DataDownload : 📊 AMDL refresh complete: +4 new candles across timeframes
2026-04-10 17:41:12.773 INFO  [main] DataDownload : ✅ BR [MIN_5] delta: +24 new candles (cached: 780 → merged: 804)
2026-04-10 17:41:12.858 INFO  [scheduling-1] DataDownload : ✅ AME [MIN_5] delta: +3 new candles (cached: 723 → merged: 726)
2026-04-10 17:41:17.673 INFO  [scheduling-1] DataDownload : ✅ AME [MIN_15] delta: +1 new candles (cached: 527 → merged: 528)
2026-04-10 17:41:17.688 INFO  [scheduling-1] DataDownload : 📊 AME refresh complete: +4 new candles across timeframes
2026-04-10 17:41:17.780 INFO  [main] DataDownload : ✅ BR [MIN_15] delta: +8 new candles (cached: 546 → merged: 554)
2026-04-10 17:41:18.767 INFO  [scheduling-1] DataDownload : ✅ AMGN [MIN_5] delta: +3 new candles (cached: 723 → merged: 726)
2026-04-10 17:41:23.941 INFO  [main] DataDownload : ✅ BR [HOUR_1] delta: +3 new candles (cached: 855 → merged: 858)
2026-04-10 17:41:23.945 INFO  [main] DataDownload : 📊 BR refresh complete: +35 new candles across timeframes
2026-04-10 17:41:24.031 INFO  [scheduling-1] DataDownload : ✅ AMGN [MIN_15] delta: +1 new candles (cached: 527 → merged: 528)
2026-04-10 17:41:24.097 INFO  [scheduling-1] DataDownload : 📊 AMGN refresh complete: +4 new candles across timeframes
2026-04-10 17:41:29.413 INFO  [main] DataDownload : ✅ BSX [MIN_5] delta: +24 new candles (cached: 780 → merged: 804)
2026-04-10 17:41:30.011 INFO  [scheduling-1] DataDownload : ✅ AMP [MIN_5] delta: +3 new candles (cached: 723 → merged: 726)
2026-04-10 17:41:35.546 INFO  [scheduling-1] DataDownload : ✅ AMP [MIN_15] delta: +1 new candles (cached: 527 → merged: 528)
2026-04-10 17:41:35.546 INFO  [main] DataDownload : ✅ BSX [MIN_15] delta: +8 new candles (cached: 546 → merged: 554)
2026-04-10 17:41:35.608 INFO  [scheduling-1] DataDownload : 📊 AMP refresh complete: +4 new candles across timeframes
2026-04-10 17:41:47.454 INFO  [main] DataDownload : ✅ BSX [HOUR_1] delta: +3 new candles (cached: 855 → merged: 858)
2026-04-10 17:41:47.457 INFO  [main] DataDownload : 📊 BSX refresh complete: +35 new candles across timeframes
2026-04-10 17:41:59.364 INFO  [main] DataDownload : ✅ BWA [MIN_5] delta: +24 new candles (cached: 780 → merged: 804)
2026-04-10 17:42:11.564 INFO  [scheduling-1] DataDownload : ✅ AMT [MIN_5] delta: +3 new candles (cached: 723 → merged: 726)
2026-04-10 17:42:11.624 INFO  [main] DataDownload : ✅ BWA [MIN_15] delta: +8 new candles (cached: 546 → merged: 554)
2026-04-10 17:42:12.397 INFO  [scheduling-1] DataDownload : ✅ AMT [MIN_15] delta: +1 new candles (cached: 527 → merged: 528)
2026-04-10 17:42:12.402 INFO  [scheduling-1] DataDownload : 📊 AMT refresh complete: +4 new candles across timeframes
2026-04-10 17:42:12.752 INFO  [main] DataDownload : ✅ BWA [HOUR_1] delta: +3 new candles (cached: 855 → merged: 858)
2026-04-10 17:42:12.759 INFO  [main] DataDownload : 📊 BWA refresh complete: +35 new candles across timeframes
2026-04-10 17:42:13.257 INFO  [scheduling-1] DataDownload : ✅ ANET [MIN_5] delta: +3 new candles (cached: 723 → merged: 726)
2026-04-10 17:42:18.162 INFO  [main] DataDownload : ✅ BX [MIN_5] delta: +24 new candles (cached: 780 → merged: 804)
2026-04-10 17:42:18.195 INFO  [scheduling-1] DataDownload : ✅ ANET [MIN_15] delta: +1 new candles (cached: 527 → merged: 528)
2026-04-10 17:42:18.560 INFO  [scheduling-1] DataDownload : 📊 ANET refresh complete: +4 new candles across timeframes
2026-04-10 17:42:19.046 INFO  [main] DataDownload : ✅ BX [MIN_15] delta: +8 new candles (cached: 546 → merged: 554)
2026-04-10 17:42:26.268 INFO  [scheduling-1] DataDownload : ✅ AON [MIN_5] delta: +3 new candles (cached: 723 → merged: 726)
2026-04-10 17:42:27.191 INFO  [main] DataDownload : ✅ BX [HOUR_1] delta: +3 new candles (cached: 855 → merged: 858)
2026-04-10 17:42:27.192 INFO  [main] DataDownload : 📊 BX refresh complete: +35 new candles across timeframes
2026-04-10 17:42:29.543 INFO  [main] DataDownload : ✅ BYND [MIN_5] delta: +24 new candles (cached: 780 → merged: 804)
2026-04-10 17:42:29.877 INFO  [scheduling-1] DataDownload : ✅ AON [MIN_15] delta: +1 new candles (cached: 527 → merged: 528)
2026-04-10 17:42:29.886 INFO  [scheduling-1] DataDownload : 📊 AON refresh complete: +4 new candles across timeframes
2026-04-10 17:42:35.348 INFO  [main] DataDownload : ✅ BYND [MIN_15] delta: +8 new candles (cached: 546 → merged: 554)
2026-04-10 17:42:47.430 INFO  [main] DataDownload : ✅ BYND [HOUR_1] delta: +3 new candles (cached: 855 → merged: 858)
2026-04-10 17:42:47.433 INFO  [main] DataDownload : 📊 BYND refresh complete: +35 new candles across timeframes
2026-04-10 17:42:59.393 INFO  [main] DataDownload : ✅ C [MIN_5] delta: +24 new candles (cached: 780 → merged: 804)
